target,role,pdb_id,chain,expected_local_path,download_url,sha256
p53_Y220C,apo,6SHZ,A,references/p53_Y220C_apo.pdb,https://files.rcsb.org/download/6SHZ.cif,d8532a7b8805f20b8c8be2aa13e5e49ee1219b161bd15385a524bff2c0de0679
p53_Y220C,holo,3ZME,A,references/p53_Y220C_holo.cif,https://files.rcsb.org/download/3ZME.cif,557bdd2a64c597c47a90e1d34cd475fc7cb7b68219f0ce84e84a5f1641388fd1
CB1,apo,6N4B,R,references/CB1_apo.pdb,https://files.rcsb.org/download/6N4B.cif,eec6a81b611e31f5fed417ac53b1c706cd67a1323fb03349772e0ee8c999fe75
CB1,holo,9B54,R,references/CB1_holo.cif,https://files.rcsb.org/download/9B54.cif,ce6e5fc0bae84646ce475e393a194fcf7d7b34fd9a4bb3e157ebcf9e8a09c161
KRAS,apo,4OBE,A,references/KRAS_apo.pdb,https://files.rcsb.org/download/4OBE.cif,8c3e75cddfc03d7d96a01a0a7d92e71b8d3d51bb2b480dc1f368a0f49ff7899b
KRAS,holo,6OIM,A,references/KRAS_holo.cif,https://files.rcsb.org/download/6OIM.cif,0edbddfb44279aa6f0782bf14ff245cce2d420e0db50cd808af6bd5f22155513
cAbl,apo,6XR6,A,references/cAbl_apo.pdb,https://files.rcsb.org/download/6XR6.cif,b3f1576322f016cbd377f06f1eaf7069de6b0ad3842e5203560034f6a823f53e
cAbl,holo,2FO0,A,references/cAbl_holo.cif,https://files.rcsb.org/download/2FO0.cif,b209605d2187b44a0032e9c4e5927a036e7c710fe46637cf9293091b68776e2e
HIF2alpha,apo,7W80,B,references/HIF2alpha_apo.pdb,https://files.rcsb.org/download/7W80.cif,1ccd8b9ba0385357daab5ed35154cff1b40bb7299729adc9c744f12e9cd7cd8e
HIF2alpha,holo,3H7W,A,references/HIF2alpha_holo.cif,https://files.rcsb.org/download/3H7W.cif,e9f6ebc39dc7285100f14d82c663f027825c03cd2f48162b13d6286bf383f623
HIV_RT,apo,1HMV,A,references/HIV_RT_apo.pdb,https://files.rcsb.org/download/1HMV.cif,f74c13cb7ed546693daabb2521d8039e6aab03aa0268531d97ecee7907376af7
HIV_RT,holo,1FK9,A,references/HIV_RT_holo.cif,https://files.rcsb.org/download/1FK9.cif,e8301e3afb6d7f3077c47ced27889785cd87474570d1b20b41d4277137685df1
HIV1_CA,apo,3MGE,A,references/HIV1_CA_apo.pdb,https://files.rcsb.org/download/3MGE.cif,548277ef4df7495e786c87e5eb628f65fb55e9bc8d87def88b1193aa609a5325
HIV1_CA,holo,7RJ4,A,references/HIV1_CA_holo.cif,https://files.rcsb.org/download/7RJ4.cif,0782c7ce8ef429f4706dd6d6c34ad8a3ad921e4f9c028c1752de9b8ae98c333d
Menin,apo,3U84,A,references/Menin_apo.pdb,https://files.rcsb.org/download/3U84.cif,36521ca112325da46f564f602f772c3a29ccdbf7508d39c5e9226dc413c7582e
Menin,holo,7O9Z,A,references/Menin_holo.cif,https://files.rcsb.org/download/7O9Z.cif,006d0405848ff3734afbc2b8fc642900b572076ebe9b5c666536fd9174ad8061
GCGR,apo,4L6R,A,references/GCGR_apo.pdb,https://files.rcsb.org/download/4L6R.cif,1db576350f39b581f5f0eee5a1b899fc2411def08fb18a2864a79fa795e70e7b
GCGR,holo,5EE7,A,references/GCGR_holo.cif,https://files.rcsb.org/download/5EE7.cif,cc182b82c6b34ee96d6d51c111e265eb274dcda4003d36b4709638f2021bd202
THSR,apo,7T9I,R,references/THSR_apo.pdb,https://files.rcsb.org/download/7T9I.cif,c10f522c84d18424d9a5d4399ca07a09c9b6b4d26b4eb06a3d993d7939d59a47
THSR,holo,7XW5,R,references/THSR_holo.cif,https://files.rcsb.org/download/7XW5.cif,6654810bc692d828d7a81868d4f41d238cc51f8f911174c960a07293c075ce46
p53_Y220C__4AGQ,apo,6SHZ,A,references/p53_Y220C__4AGQ_apo.pdb,https://files.rcsb.org/download/6SHZ.cif,d8532a7b8805f20b8c8be2aa13e5e49ee1219b161bd15385a524bff2c0de0679
p53_Y220C__4AGQ,holo,4AGQ,A,references/p53_Y220C__4AGQ_holo.cif,https://files.rcsb.org/download/4AGQ.cif,c876554bb3ac14015c75c90ffe0d78829dfab1108ef657006ca53d4073725c58
HIF2alpha__6D0B,apo,7W80,B,references/HIF2alpha__6D0B_apo.pdb,https://files.rcsb.org/download/7W80.cif,1ccd8b9ba0385357daab5ed35154cff1b40bb7299729adc9c744f12e9cd7cd8e
HIF2alpha__6D0B,holo,6D0B,A,references/HIF2alpha__6D0B_holo.cif,https://files.rcsb.org/download/6D0B.cif,5ad6040da3245becccc18b1abecb93a0f4d2ee7d9d7eee3eca9e8f3330d53747
HIV_RT__3V81,apo,1HMV,A,references/HIV_RT__3V81_apo.pdb,https://files.rcsb.org/download/1HMV.cif,407b5de5e7e2477b39c1aa14341fb6ccc57355703ec2ecba85a97e0198b8c987
HIV_RT__3V81,holo,3V81,A,references/HIV_RT__3V81_holo.cif,https://files.rcsb.org/download/3V81.cif,26d45946e0e3f2e2766be3c4c7e0019e740610c2b8f1d5c2142e5403f5651a9d
THSR__7UTZ,apo,7T9I,R,references/THSR__7UTZ_apo.pdb,https://files.rcsb.org/download/7T9I.cif,c10f522c84d18424d9a5d4399ca07a09c9b6b4d26b4eb06a3d993d7939d59a47
THSR__7UTZ,holo,7UTZ,R,references/THSR__7UTZ_holo.cif,https://files.rcsb.org/download/7UTZ.cif,16b5d1b7110ef2c77cae36a5f40f4930b5ff526e2ee276398a1c2cfe88cc9d2e
Bcl-xL,apo,3FDL,A,references/Bcl-xL_apo.pdb,https://files.rcsb.org/download/3FDL.cif,99920def7b1fea51569798a324d0d3a41af9b75819b5e584ec27b4289bc9683b
Bcl-xL,holo,2YXJ,B,references/Bcl-xL_holo.pdb,https://files.rcsb.org/download/2YXJ.cif,080ac3e60801fe69139dc0c9c8d294650bb15b73ea2e6bbf9f1ddcb980af5a5d
betaLG,apo,1BSQ,A,references/betaLG_apo.pdb,https://files.rcsb.org/download/1BSQ.cif,edc1c6e1bf54bfa93980cc34a54d411720d5a520c8b875ff1720b8ddd6f44c3b
betaLG,holo,1GX8,A,references/betaLG_holo.pdb,https://files.rcsb.org/download/1GX8.cif,b6c967bd6a06f73838f41bea10d2538fbb4b4c835adc570843157c1c18745635
NDPK-A,apo,3L7U,B,references/NDPK-A_apo.pdb,https://files.rcsb.org/download/3L7U.cif,3e67f17a08c7a8e271f92eb0aeae70bfc98f3fb6ac533550e27dbc126acd633c
NDPK-A,holo,2HVD,B,references/NDPK-A_holo.pdb,https://files.rcsb.org/download/2HVD.cif,fd31aeffd9804a8a81747d347c7e467265befba140ff32081748e103c9df79f4
GLTP,apo,1SWX,A,references/GLTP_apo.pdb,https://files.rcsb.org/download/1SWX.cif,7b09ab03b1a2126495711ac36cc56b7ad3b60dd7018ebafbbde85bbda240fe1e
GLTP,holo,2EUM,A,references/GLTP_holo.pdb,https://files.rcsb.org/download/2EUM.cif,5246c49c6fc64cdb30d6110ab9197ea7281555dc817a9613aaa240f333ccb510
SHP2,apo,2SHP,A,references/SHP2_apo.pdb,https://files.rcsb.org/download/2SHP.cif,4ef79eb205865378cd303f45151f563c08476bfd5fba4e7f973b5cb854aee63e
SHP2,holo,8S0H,A,references/SHP2_holo.pdb,https://files.rcsb.org/download/8S0H.cif,2d44b2123123f324bc95e6a5e560bba4a74a7e62794e943f8112dcf01767d37f
METTL14,apo,5K7M,B,references/METTL14_apo.pdb,https://files.rcsb.org/download/5K7M.cif,70c630823ef1b5563a03c8231ad0d1892ff02e6d0c56e1de5386bce003e0732e
METTL14,holo,9RS3,B,references/METTL14_holo.pdb,https://files.rcsb.org/download/9RS3.cif,d6e4c5b98ea615330a2b3aecf1cb10ab72ccbadf300a2dbb087443640a7217bf
FUT8,apo,6TKV,A,references/FUT8_apo.pdb,https://files.rcsb.org/download/6TKV.cif,aa6277ef38bb4ce0bab12f414635fd09f63be7e56b9b10ec06f25fbe05a58e32
FUT8,holo,9L62,B,references/FUT8_holo.pdb,https://files.rcsb.org/download/9L62.cif,ff6183ca69c0fdea4ee8b396fbbf00a000049d2d55ff13d473d30bf18bc6500a
