target,input_key,n_res,prepared_reference_path
p53_Y220C,6SHZ_A,197,references/p53_Y220C_apo.cif
CB1,6N4B_R,276,references/CB1_apo.cif
KRAS,4OBE_A,169,references/KRAS_apo.cif
cAbl,6XR6_A,287,references/cAbl_apo.cif
HIF2alpha,7W80_B,291,references/HIF2alpha_apo.cif
HIV_RT,1HMV_A_original,543,references/HIV_RT_apo.cif
HIV1_CA,3MGE_A,219,references/HIV1_CA_apo.cif
Menin,3U84_A,506,references/Menin_apo.cif
GCGR,4L6R_A,292,references/GCGR_apo.cif
THSR,7T9I_R,596,references/THSR_apo.cif
p53_Y220C__4AGQ,6SHZ_A,197,references/p53_Y220C__4AGQ_apo.cif
HIF2alpha__6D0B,7W80_B,291,references/HIF2alpha__6D0B_apo.cif
HIV_RT__3V81,1HMV_A,554,references/HIV_RT__3V81_apo.cif
THSR__7UTZ,7T9I_R,596,references/THSR__7UTZ_apo.cif
Bcl-xL,3FDL_A,143,references/Bcl-xL_apo.cif
betaLG,1BSQ_A,162,references/betaLG_apo.cif
NDPK-A,3L7U_B,154,references/NDPK-A_apo.cif
GLTP,1SWX_A,198,references/GLTP_apo.cif
SHP2,2SHP_A,491,references/SHP2_apo.cif
METTL14,5K7M_B,284,references/METTL14_apo.cif
FUT8,6TKV_A,468,references/FUT8_apo.cif
