method,target,tier,n_success,percent_of_30,n_valid,n_saved_selected
boltz2,p53_Y220C__4AGQ,1,30,100.0,30,30
boltz2,p53_Y220C__4AGQ,2,30,100.0,30,30
boltz2,p53_Y220C__4AGQ,3,30,100.0,30,30
boltz2,p53_Y220C,1,0,0.0,30,30
boltz2,p53_Y220C,2,0,0.0,30,30
boltz2,p53_Y220C,3,0,0.0,30,30
boltz2,Menin,1,25,83.33333333333333,30,30
boltz2,Menin,2,25,83.33333333333333,30,30
boltz2,Menin,3,21,70.0,30,30
boltz2,HIV1_CA,1,1,3.333333333333333,30,30
boltz2,HIV1_CA,2,1,3.333333333333333,30,30
boltz2,HIV1_CA,3,1,3.333333333333333,30,30
boltz2,betaLG,1,0,0.0,30,30
boltz2,betaLG,2,0,0.0,30,30
boltz2,betaLG,3,0,0.0,30,30
boltz2,THSR,1,0,0.0,30,30
boltz2,THSR,2,0,0.0,30,30
boltz2,THSR,3,0,0.0,30,30
boltz2,HIF2alpha__6D0B,1,0,0.0,30,30
boltz2,HIF2alpha__6D0B,2,0,0.0,30,30
boltz2,HIF2alpha__6D0B,3,0,0.0,30,30
boltz2,SHP2,1,1,3.333333333333333,30,30
boltz2,SHP2,2,0,0.0,30,30
boltz2,SHP2,3,0,0.0,30,30
boltz2,HIF2alpha,1,0,0.0,30,30
boltz2,HIF2alpha,2,0,0.0,30,30
boltz2,HIF2alpha,3,0,0.0,30,30
boltz2,CB1,1,0,0.0,30,30
boltz2,CB1,2,0,0.0,30,30
boltz2,CB1,3,0,0.0,30,30
boltz2,GLTP,1,5,16.666666666666668,30,30
boltz2,GLTP,2,0,0.0,30,30
boltz2,GLTP,3,0,0.0,30,30
boltz2,THSR__7UTZ,1,0,0.0,30,30
boltz2,THSR__7UTZ,2,0,0.0,30,30
boltz2,THSR__7UTZ,3,0,0.0,30,30
boltz2,Bcl-xL,1,0,0.0,30,30
boltz2,Bcl-xL,2,0,0.0,30,30
boltz2,Bcl-xL,3,0,0.0,30,30
boltz2,METTL14,1,0,0.0,30,30
boltz2,METTL14,2,0,0.0,30,30
boltz2,METTL14,3,0,0.0,30,30
boltz2,HIV_RT,1,0,0.0,30,30
boltz2,HIV_RT,2,0,0.0,30,30
boltz2,HIV_RT,3,0,0.0,30,30
boltz2,HIV_RT__3V81,1,1,3.333333333333333,30,30
boltz2,HIV_RT__3V81,2,0,0.0,30,30
boltz2,HIV_RT__3V81,3,0,0.0,30,30
boltz2,FUT8,1,0,0.0,30,30
boltz2,FUT8,2,0,0.0,30,30
boltz2,FUT8,3,0,0.0,30,30
boltz2,cAbl,1,18,60.0,30,30
boltz2,cAbl,2,11,36.66666666666666,30,30
boltz2,cAbl,3,0,0.0,30,30
boltz2,NDPK-A,1,0,0.0,30,30
boltz2,NDPK-A,2,0,0.0,30,30
boltz2,NDPK-A,3,0,0.0,30,30
boltz2,KRAS,1,0,0.0,30,30
boltz2,KRAS,2,0,0.0,30,30
boltz2,KRAS,3,0,0.0,30,30
boltz2,GCGR,1,21,70.0,30,30
boltz2,GCGR,2,0,0.0,30,30
boltz2,GCGR,3,0,0.0,30,30
esmfold2,p53_Y220C__4AGQ,1,30,100.0,30,30
esmfold2,p53_Y220C__4AGQ,2,30,100.0,30,30
esmfold2,p53_Y220C__4AGQ,3,30,100.0,30,30
esmfold2,p53_Y220C,1,0,0.0,30,30
esmfold2,p53_Y220C,2,0,0.0,30,30
esmfold2,p53_Y220C,3,0,0.0,30,30
esmfold2,Menin,1,30,100.0,30,30
esmfold2,Menin,2,30,100.0,30,30
esmfold2,Menin,3,30,100.0,30,30
esmfold2,HIV1_CA,1,5,16.666666666666668,30,30
esmfold2,HIV1_CA,2,5,16.666666666666668,30,30
esmfold2,HIV1_CA,3,0,0.0,30,30
esmfold2,betaLG,1,0,0.0,30,30
esmfold2,betaLG,2,0,0.0,30,30
esmfold2,betaLG,3,0,0.0,30,30
esmfold2,THSR,1,19,63.333333333333336,30,30
esmfold2,THSR,2,15,50.0,30,30
esmfold2,THSR,3,0,0.0,30,30
esmfold2,HIF2alpha__6D0B,1,29,96.66666666666669,30,30
esmfold2,HIF2alpha__6D0B,2,29,96.66666666666669,30,30
esmfold2,HIF2alpha__6D0B,3,20,66.66666666666667,30,30
esmfold2,SHP2,1,29,96.66666666666669,30,30
esmfold2,SHP2,2,29,96.66666666666669,30,30
esmfold2,SHP2,3,12,40.0,30,30
esmfold2,HIF2alpha,1,30,100.0,30,30
esmfold2,HIF2alpha,2,30,100.0,30,30
esmfold2,HIF2alpha,3,0,0.0,30,30
esmfold2,CB1,1,0,0.0,30,30
esmfold2,CB1,2,0,0.0,30,30
esmfold2,CB1,3,0,0.0,30,30
esmfold2,GLTP,1,30,100.0,30,30
esmfold2,GLTP,2,22,73.33333333333333,30,30
esmfold2,GLTP,3,8,26.666666666666668,30,30
esmfold2,THSR__7UTZ,1,4,13.333333333333334,30,30
esmfold2,THSR__7UTZ,2,0,0.0,30,30
esmfold2,THSR__7UTZ,3,0,0.0,30,30
esmfold2,Bcl-xL,1,25,83.33333333333333,30,30
esmfold2,Bcl-xL,2,0,0.0,30,30
esmfold2,Bcl-xL,3,0,0.0,30,30
esmfold2,METTL14,1,0,0.0,30,30
esmfold2,METTL14,2,0,0.0,30,30
esmfold2,METTL14,3,0,0.0,30,30
esmfold2,HIV_RT,1,0,0.0,30,30
esmfold2,HIV_RT,2,0,0.0,30,30
esmfold2,HIV_RT,3,0,0.0,30,30
esmfold2,HIV_RT__3V81,1,15,50.0,30,30
esmfold2,HIV_RT__3V81,2,5,16.666666666666668,30,30
esmfold2,HIV_RT__3V81,3,3,10.0,30,30
esmfold2,FUT8,1,0,0.0,30,30
esmfold2,FUT8,2,0,0.0,30,30
esmfold2,FUT8,3,0,0.0,30,30
esmfold2,cAbl,1,1,3.333333333333333,30,30
esmfold2,cAbl,2,0,0.0,30,30
esmfold2,cAbl,3,0,0.0,30,30
esmfold2,NDPK-A,1,30,100.0,30,30
esmfold2,NDPK-A,2,24,80.0,30,30
esmfold2,NDPK-A,3,1,3.333333333333333,30,30
esmfold2,KRAS,1,9,30.0,30,30
esmfold2,KRAS,2,0,0.0,30,30
esmfold2,KRAS,3,0,0.0,30,30
esmfold2,GCGR,1,0,0.0,30,30
esmfold2,GCGR,2,0,0.0,30,30
esmfold2,GCGR,3,0,0.0,30,30
bioemu_refine,p53_Y220C__4AGQ,1,10,33.333333333333336,27,27
bioemu_refine,p53_Y220C__4AGQ,2,10,33.333333333333336,27,27
bioemu_refine,p53_Y220C__4AGQ,3,6,20.0,27,27
bioemu_refine,p53_Y220C,1,9,30.0,27,27
bioemu_refine,p53_Y220C,2,9,30.0,27,27
bioemu_refine,p53_Y220C,3,5,16.666666666666668,27,27
bioemu_refine,Menin,1,1,3.333333333333333,22,22
bioemu_refine,Menin,2,1,3.333333333333333,22,22
bioemu_refine,Menin,3,0,0.0,22,22
bioemu_refine,HIV1_CA,1,7,23.33333333333333,28,28
bioemu_refine,HIV1_CA,2,7,23.33333333333333,28,28
bioemu_refine,HIV1_CA,3,1,3.333333333333333,28,28
bioemu_refine,betaLG,1,0,0.0,29,29
bioemu_refine,betaLG,2,0,0.0,29,29
bioemu_refine,betaLG,3,0,0.0,29,29
bioemu_refine,THSR,1,4,13.333333333333334,22,22
bioemu_refine,THSR,2,3,10.0,22,22
bioemu_refine,THSR,3,0,0.0,22,22
bioemu_refine,HIF2alpha__6D0B,1,12,40.0,29,29
bioemu_refine,HIF2alpha__6D0B,2,8,26.666666666666668,29,29
bioemu_refine,HIF2alpha__6D0B,3,0,0.0,29,29
bioemu_refine,SHP2,1,0,0.0,22,22
bioemu_refine,SHP2,2,0,0.0,22,22
bioemu_refine,SHP2,3,0,0.0,22,22
bioemu_refine,HIF2alpha,1,17,56.66666666666666,29,29
bioemu_refine,HIF2alpha,2,13,43.333333333333336,29,29
bioemu_refine,HIF2alpha,3,1,3.333333333333333,29,29
bioemu_refine,CB1,1,1,3.333333333333333,30,30
bioemu_refine,CB1,2,0,0.0,30,30
bioemu_refine,CB1,3,0,0.0,30,30
bioemu_refine,GLTP,1,12,40.0,30,30
bioemu_refine,GLTP,2,9,30.0,30,30
bioemu_refine,GLTP,3,2,6.666666666666667,30,30
bioemu_refine,THSR__7UTZ,1,8,26.666666666666668,22,22
bioemu_refine,THSR__7UTZ,2,1,3.333333333333333,22,22
bioemu_refine,THSR__7UTZ,3,0,0.0,22,22
bioemu_refine,Bcl-xL,1,8,26.666666666666668,24,24
bioemu_refine,Bcl-xL,2,1,3.333333333333333,24,24
bioemu_refine,Bcl-xL,3,0,0.0,24,24
bioemu_refine,METTL14,1,0,0.0,7,7
bioemu_refine,METTL14,2,0,0.0,7,7
bioemu_refine,METTL14,3,0,0.0,7,7
bioemu_refine,HIV_RT,1,0,0.0,26,26
bioemu_refine,HIV_RT,2,0,0.0,26,26
bioemu_refine,HIV_RT,3,0,0.0,26,26
bioemu_refine,HIV_RT__3V81,1,0,0.0,26,26
bioemu_refine,HIV_RT__3V81,2,0,0.0,26,26
bioemu_refine,HIV_RT__3V81,3,0,0.0,26,26
bioemu_refine,FUT8,1,0,0.0,26,26
bioemu_refine,FUT8,2,0,0.0,26,26
bioemu_refine,FUT8,3,0,0.0,26,26
bioemu_refine,cAbl,1,0,0.0,19,19
bioemu_refine,cAbl,2,0,0.0,19,19
bioemu_refine,cAbl,3,0,0.0,19,19
bioemu_refine,NDPK-A,1,4,13.333333333333334,25,25
bioemu_refine,NDPK-A,2,1,3.333333333333333,25,25
bioemu_refine,NDPK-A,3,0,0.0,25,25
bioemu_refine,KRAS,1,2,6.666666666666667,30,30
bioemu_refine,KRAS,2,0,0.0,30,30
bioemu_refine,KRAS,3,0,0.0,30,30
bioemu_refine,GCGR,1,0,0.0,24,24
bioemu_refine,GCGR,2,0,0.0,24,24
bioemu_refine,GCGR,3,0,0.0,24,24
bbflow_refine,p53_Y220C__4AGQ,1,18,60.0,30,30
bbflow_refine,p53_Y220C__4AGQ,2,18,60.0,30,30
bbflow_refine,p53_Y220C__4AGQ,3,18,60.0,30,30
bbflow_refine,p53_Y220C,1,2,6.666666666666667,30,30
bbflow_refine,p53_Y220C,2,2,6.666666666666667,30,30
bbflow_refine,p53_Y220C,3,2,6.666666666666667,30,30
bbflow_refine,Menin,1,8,26.666666666666668,30,30
bbflow_refine,Menin,2,8,26.666666666666668,30,30
bbflow_refine,Menin,3,4,13.333333333333334,30,30
bbflow_refine,HIV1_CA,1,1,3.333333333333333,30,30
bbflow_refine,HIV1_CA,2,1,3.333333333333333,30,30
bbflow_refine,HIV1_CA,3,0,0.0,30,30
bbflow_refine,betaLG,1,0,0.0,30,30
bbflow_refine,betaLG,2,0,0.0,30,30
bbflow_refine,betaLG,3,0,0.0,30,30
bbflow_refine,THSR,1,4,13.333333333333334,30,30
bbflow_refine,THSR,2,2,6.666666666666667,30,30
bbflow_refine,THSR,3,0,0.0,30,30
bbflow_refine,HIF2alpha__6D0B,1,5,16.666666666666668,30,30
bbflow_refine,HIF2alpha__6D0B,2,5,16.666666666666668,30,30
bbflow_refine,HIF2alpha__6D0B,3,1,3.333333333333333,30,30
bbflow_refine,SHP2,1,4,13.333333333333334,30,30
bbflow_refine,SHP2,2,1,3.333333333333333,30,30
bbflow_refine,SHP2,3,0,0.0,30,30
bbflow_refine,HIF2alpha,1,6,20.0,30,30
bbflow_refine,HIF2alpha,2,6,20.0,30,30
bbflow_refine,HIF2alpha,3,0,0.0,30,30
bbflow_refine,CB1,1,4,13.333333333333334,30,30
bbflow_refine,CB1,2,0,0.0,30,30
bbflow_refine,CB1,3,0,0.0,30,30
bbflow_refine,GLTP,1,0,0.0,30,30
bbflow_refine,GLTP,2,0,0.0,30,30
bbflow_refine,GLTP,3,0,0.0,30,30
bbflow_refine,THSR__7UTZ,1,3,10.0,30,30
bbflow_refine,THSR__7UTZ,2,1,3.333333333333333,30,30
bbflow_refine,THSR__7UTZ,3,0,0.0,30,30
bbflow_refine,Bcl-xL,1,16,53.333333333333336,30,30
bbflow_refine,Bcl-xL,2,3,10.0,30,30
bbflow_refine,Bcl-xL,3,0,0.0,30,30
bbflow_refine,METTL14,1,0,0.0,30,30
bbflow_refine,METTL14,2,0,0.0,30,30
bbflow_refine,METTL14,3,0,0.0,30,30
bbflow_refine,HIV_RT,1,0,0.0,30,30
bbflow_refine,HIV_RT,2,0,0.0,30,30
bbflow_refine,HIV_RT,3,0,0.0,30,30
bbflow_refine,HIV_RT__3V81,1,0,0.0,30,30
bbflow_refine,HIV_RT__3V81,2,0,0.0,30,30
bbflow_refine,HIV_RT__3V81,3,0,0.0,30,30
bbflow_refine,FUT8,1,0,0.0,30,30
bbflow_refine,FUT8,2,0,0.0,30,30
bbflow_refine,FUT8,3,0,0.0,30,30
bbflow_refine,cAbl,1,0,0.0,30,30
bbflow_refine,cAbl,2,0,0.0,30,30
bbflow_refine,cAbl,3,0,0.0,30,30
bbflow_refine,NDPK-A,1,5,16.666666666666668,30,30
bbflow_refine,NDPK-A,2,1,3.333333333333333,30,30
bbflow_refine,NDPK-A,3,0,0.0,30,30
bbflow_refine,KRAS,1,1,3.333333333333333,30,30
bbflow_refine,KRAS,2,0,0.0,30,30
bbflow_refine,KRAS,3,0,0.0,30,30
bbflow_refine,GCGR,1,0,0.0,30,30
bbflow_refine,GCGR,2,0,0.0,30,30
bbflow_refine,GCGR,3,0,0.0,30,30
confornet_nomsa,p53_Y220C__4AGQ,1,30,100.0,30,30
confornet_nomsa,p53_Y220C__4AGQ,2,30,100.0,30,30
confornet_nomsa,p53_Y220C__4AGQ,3,30,100.0,30,30
confornet_nomsa,p53_Y220C,1,0,0.0,30,30
confornet_nomsa,p53_Y220C,2,0,0.0,30,30
confornet_nomsa,p53_Y220C,3,0,0.0,30,30
confornet_nomsa,Menin,1,10,33.333333333333336,10,10
confornet_nomsa,Menin,2,10,33.333333333333336,10,10
confornet_nomsa,Menin,3,4,13.333333333333334,10,10
confornet_nomsa,HIV1_CA,1,1,3.333333333333333,30,30
confornet_nomsa,HIV1_CA,2,1,3.333333333333333,30,30
confornet_nomsa,HIV1_CA,3,1,3.333333333333333,30,30
confornet_nomsa,betaLG,1,0,0.0,10,10
confornet_nomsa,betaLG,2,0,0.0,10,10
confornet_nomsa,betaLG,3,0,0.0,10,10
confornet_nomsa,THSR,1,0,0.0,10,10
confornet_nomsa,THSR,2,0,0.0,10,10
confornet_nomsa,THSR,3,0,0.0,10,10
confornet_nomsa,HIF2alpha__6D0B,1,29,96.66666666666669,30,30
confornet_nomsa,HIF2alpha__6D0B,2,29,96.66666666666669,30,30
confornet_nomsa,HIF2alpha__6D0B,3,11,36.66666666666666,30,30
confornet_nomsa,SHP2,1,0,0.0,10,10
confornet_nomsa,SHP2,2,0,0.0,10,10
confornet_nomsa,SHP2,3,0,0.0,10,10
confornet_nomsa,HIF2alpha,1,3,10.0,30,30
confornet_nomsa,HIF2alpha,2,3,10.0,30,30
confornet_nomsa,HIF2alpha,3,0,0.0,30,30
confornet_nomsa,CB1,1,0,0.0,30,30
confornet_nomsa,CB1,2,0,0.0,30,30
confornet_nomsa,CB1,3,0,0.0,30,30
confornet_nomsa,GLTP,1,0,0.0,10,10
confornet_nomsa,GLTP,2,0,0.0,10,10
confornet_nomsa,GLTP,3,0,0.0,10,10
confornet_nomsa,THSR__7UTZ,1,0,0.0,10,10
confornet_nomsa,THSR__7UTZ,2,0,0.0,10,10
confornet_nomsa,THSR__7UTZ,3,0,0.0,10,10
confornet_nomsa,Bcl-xL,1,0,0.0,10,10
confornet_nomsa,Bcl-xL,2,0,0.0,10,10
confornet_nomsa,Bcl-xL,3,0,0.0,10,10
confornet_nomsa,METTL14,1,0,0.0,10,10
confornet_nomsa,METTL14,2,0,0.0,10,10
confornet_nomsa,METTL14,3,0,0.0,10,10
confornet_nomsa,HIV_RT,1,0,0.0,10,10
confornet_nomsa,HIV_RT,2,0,0.0,10,10
confornet_nomsa,HIV_RT,3,0,0.0,10,10
confornet_nomsa,HIV_RT__3V81,1,1,3.333333333333333,10,10
confornet_nomsa,HIV_RT__3V81,2,0,0.0,10,10
confornet_nomsa,HIV_RT__3V81,3,0,0.0,10,10
confornet_nomsa,FUT8,1,0,0.0,10,10
confornet_nomsa,FUT8,2,0,0.0,10,10
confornet_nomsa,FUT8,3,0,0.0,10,10
confornet_nomsa,cAbl,1,0,0.0,30,30
confornet_nomsa,cAbl,2,0,0.0,30,30
confornet_nomsa,cAbl,3,0,0.0,30,30
confornet_nomsa,NDPK-A,1,0,0.0,10,10
confornet_nomsa,NDPK-A,2,0,0.0,10,10
confornet_nomsa,NDPK-A,3,0,0.0,10,10
confornet_nomsa,KRAS,1,20,66.66666666666667,30,30
confornet_nomsa,KRAS,2,0,0.0,30,30
confornet_nomsa,KRAS,3,0,0.0,30,30
confornet_nomsa,GCGR,1,0,0.0,30,30
confornet_nomsa,GCGR,2,0,0.0,30,30
confornet_nomsa,GCGR,3,0,0.0,30,30
rfd3_fix7,p53_Y220C__4AGQ,1,30,100.0,30,30
rfd3_fix7,p53_Y220C__4AGQ,2,30,100.0,30,30
rfd3_fix7,p53_Y220C__4AGQ,3,30,100.0,30,30
rfd3_fix7,p53_Y220C,1,1,3.333333333333333,30,30
rfd3_fix7,p53_Y220C,2,1,3.333333333333333,30,30
rfd3_fix7,p53_Y220C,3,1,3.333333333333333,30,30
rfd3_fix7,Menin,1,8,26.666666666666668,30,30
rfd3_fix7,Menin,2,8,26.666666666666668,30,30
rfd3_fix7,Menin,3,4,13.333333333333334,30,30
rfd3_fix7,HIV1_CA,1,9,30.0,30,30
rfd3_fix7,HIV1_CA,2,9,30.0,30,30
rfd3_fix7,HIV1_CA,3,0,0.0,30,30
rfd3_fix7,betaLG,1,0,0.0,30,30
rfd3_fix7,betaLG,2,0,0.0,30,30
rfd3_fix7,betaLG,3,0,0.0,30,30
rfd3_fix7,THSR,1,7,23.33333333333333,30,30
rfd3_fix7,THSR,2,6,20.0,30,30
rfd3_fix7,THSR,3,0,0.0,30,30
rfd3_fix7,HIF2alpha__6D0B,1,3,10.0,30,30
rfd3_fix7,HIF2alpha__6D0B,2,3,10.0,30,30
rfd3_fix7,HIF2alpha__6D0B,3,1,3.333333333333333,30,30
rfd3_fix7,SHP2,1,13,43.333333333333336,30,30
rfd3_fix7,SHP2,2,4,13.333333333333334,30,30
rfd3_fix7,SHP2,3,0,0.0,30,30
rfd3_fix7,HIF2alpha,1,8,26.666666666666668,30,30
rfd3_fix7,HIF2alpha,2,8,26.666666666666668,30,30
rfd3_fix7,HIF2alpha,3,0,0.0,30,30
rfd3_fix7,CB1,1,2,6.666666666666667,30,30
rfd3_fix7,CB1,2,0,0.0,30,30
rfd3_fix7,CB1,3,0,0.0,30,30
rfd3_fix7,GLTP,1,0,0.0,30,30
rfd3_fix7,GLTP,2,0,0.0,30,30
rfd3_fix7,GLTP,3,0,0.0,30,30
rfd3_fix7,THSR__7UTZ,1,3,10.0,30,30
rfd3_fix7,THSR__7UTZ,2,0,0.0,30,30
rfd3_fix7,THSR__7UTZ,3,0,0.0,30,30
rfd3_fix7,Bcl-xL,1,0,0.0,30,30
rfd3_fix7,Bcl-xL,2,0,0.0,30,30
rfd3_fix7,Bcl-xL,3,0,0.0,30,30
rfd3_fix7,METTL14,1,0,0.0,30,30
rfd3_fix7,METTL14,2,0,0.0,30,30
rfd3_fix7,METTL14,3,0,0.0,30,30
rfd3_fix7,HIV_RT,1,0,0.0,30,30
rfd3_fix7,HIV_RT,2,0,0.0,30,30
rfd3_fix7,HIV_RT,3,0,0.0,30,30
rfd3_fix7,HIV_RT__3V81,1,0,0.0,30,30
rfd3_fix7,HIV_RT__3V81,2,0,0.0,30,30
rfd3_fix7,HIV_RT__3V81,3,0,0.0,30,30
rfd3_fix7,FUT8,1,0,0.0,30,30
rfd3_fix7,FUT8,2,0,0.0,30,30
rfd3_fix7,FUT8,3,0,0.0,30,30
rfd3_fix7,cAbl,1,2,6.666666666666667,30,30
rfd3_fix7,cAbl,2,0,0.0,30,30
rfd3_fix7,cAbl,3,0,0.0,30,30
rfd3_fix7,NDPK-A,1,27,90.0,30,30
rfd3_fix7,NDPK-A,2,0,0.0,30,30
rfd3_fix7,NDPK-A,3,0,0.0,30,30
rfd3_fix7,KRAS,1,0,0.0,30,30
rfd3_fix7,KRAS,2,0,0.0,30,30
rfd3_fix7,KRAS,3,0,0.0,30,30
rfd3_fix7,GCGR,1,0,0.0,30,30
rfd3_fix7,GCGR,2,0,0.0,30,30
rfd3_fix7,GCGR,3,0,0.0,30,30
apo2mol,p53_Y220C__4AGQ,1,0,0.0,30,30
apo2mol,p53_Y220C__4AGQ,2,0,0.0,30,30
apo2mol,p53_Y220C__4AGQ,3,0,0.0,30,30
apo2mol,p53_Y220C,1,1,3.333333333333333,30,30
apo2mol,p53_Y220C,2,1,3.333333333333333,30,30
apo2mol,p53_Y220C,3,0,0.0,30,30
apo2mol,Menin,1,0,0.0,30,30
apo2mol,Menin,2,0,0.0,30,30
apo2mol,Menin,3,0,0.0,30,30
apo2mol,HIV1_CA,1,0,0.0,30,30
apo2mol,HIV1_CA,2,0,0.0,30,30
apo2mol,HIV1_CA,3,0,0.0,30,30
apo2mol,betaLG,1,0,0.0,30,30
apo2mol,betaLG,2,0,0.0,30,30
apo2mol,betaLG,3,0,0.0,30,30
apo2mol,THSR,1,0,0.0,30,30
apo2mol,THSR,2,0,0.0,30,30
apo2mol,THSR,3,0,0.0,30,30
apo2mol,HIF2alpha__6D0B,1,0,0.0,30,30
apo2mol,HIF2alpha__6D0B,2,0,0.0,30,30
apo2mol,HIF2alpha__6D0B,3,0,0.0,30,30
apo2mol,SHP2,1,0,0.0,30,30
apo2mol,SHP2,2,0,0.0,30,30
apo2mol,SHP2,3,0,0.0,30,30
apo2mol,HIF2alpha,1,0,0.0,30,30
apo2mol,HIF2alpha,2,0,0.0,30,30
apo2mol,HIF2alpha,3,0,0.0,30,30
apo2mol,CB1,1,0,0.0,30,30
apo2mol,CB1,2,0,0.0,30,30
apo2mol,CB1,3,0,0.0,30,30
apo2mol,GLTP,1,0,0.0,30,30
apo2mol,GLTP,2,0,0.0,30,30
apo2mol,GLTP,3,0,0.0,30,30
apo2mol,THSR__7UTZ,1,0,0.0,30,30
apo2mol,THSR__7UTZ,2,0,0.0,30,30
apo2mol,THSR__7UTZ,3,0,0.0,30,30
apo2mol,Bcl-xL,1,0,0.0,30,30
apo2mol,Bcl-xL,2,0,0.0,30,30
apo2mol,Bcl-xL,3,0,0.0,30,30
apo2mol,METTL14,1,0,0.0,30,30
apo2mol,METTL14,2,0,0.0,30,30
apo2mol,METTL14,3,0,0.0,30,30
apo2mol,HIV_RT,1,0,0.0,30,30
apo2mol,HIV_RT,2,0,0.0,30,30
apo2mol,HIV_RT,3,0,0.0,30,30
apo2mol,HIV_RT__3V81,1,0,0.0,30,30
apo2mol,HIV_RT__3V81,2,0,0.0,30,30
apo2mol,HIV_RT__3V81,3,0,0.0,30,30
apo2mol,FUT8,1,3,10.0,30,30
apo2mol,FUT8,2,0,0.0,30,30
apo2mol,FUT8,3,0,0.0,30,30
apo2mol,cAbl,1,0,0.0,30,30
apo2mol,cAbl,2,0,0.0,30,30
apo2mol,cAbl,3,0,0.0,30,30
apo2mol,NDPK-A,1,0,0.0,30,30
apo2mol,NDPK-A,2,0,0.0,30,30
apo2mol,NDPK-A,3,0,0.0,30,30
apo2mol,KRAS,1,0,0.0,30,30
apo2mol,KRAS,2,0,0.0,30,30
apo2mol,KRAS,3,0,0.0,30,30
apo2mol,GCGR,1,0,0.0,30,30
apo2mol,GCGR,2,0,0.0,30,30
apo2mol,GCGR,3,0,0.0,30,30
prody_rfd3,p53_Y220C__4AGQ,1,5,16.666666666666668,30,30
prody_rfd3,p53_Y220C__4AGQ,2,5,16.666666666666668,30,30
prody_rfd3,p53_Y220C__4AGQ,3,5,16.666666666666668,30,30
prody_rfd3,p53_Y220C,1,0,0.0,30,30
prody_rfd3,p53_Y220C,2,0,0.0,30,30
prody_rfd3,p53_Y220C,3,0,0.0,30,30
prody_rfd3,Menin,1,0,0.0,30,30
prody_rfd3,Menin,2,0,0.0,30,30
prody_rfd3,Menin,3,0,0.0,30,30
prody_rfd3,HIV1_CA,1,4,13.333333333333334,30,30
prody_rfd3,HIV1_CA,2,4,13.333333333333334,30,30
prody_rfd3,HIV1_CA,3,0,0.0,30,30
prody_rfd3,betaLG,1,0,0.0,30,30
prody_rfd3,betaLG,2,0,0.0,30,30
prody_rfd3,betaLG,3,0,0.0,30,30
prody_rfd3,THSR,1,30,100.0,30,30
prody_rfd3,THSR,2,30,100.0,30,30
prody_rfd3,THSR,3,14,46.66666666666666,30,30
prody_rfd3,HIF2alpha__6D0B,1,0,0.0,30,30
prody_rfd3,HIF2alpha__6D0B,2,0,0.0,30,30
prody_rfd3,HIF2alpha__6D0B,3,0,0.0,30,30
prody_rfd3,SHP2,1,18,60.0,30,30
prody_rfd3,SHP2,2,4,13.333333333333334,30,30
prody_rfd3,SHP2,3,0,0.0,30,30
prody_rfd3,HIF2alpha,1,10,33.333333333333336,30,30
prody_rfd3,HIF2alpha,2,10,33.333333333333336,30,30
prody_rfd3,HIF2alpha,3,0,0.0,30,30
prody_rfd3,CB1,1,0,0.0,30,30
prody_rfd3,CB1,2,0,0.0,30,30
prody_rfd3,CB1,3,0,0.0,30,30
prody_rfd3,GLTP,1,0,0.0,30,30
prody_rfd3,GLTP,2,0,0.0,30,30
prody_rfd3,GLTP,3,0,0.0,30,30
prody_rfd3,THSR__7UTZ,1,2,6.666666666666667,30,30
prody_rfd3,THSR__7UTZ,2,0,0.0,30,30
prody_rfd3,THSR__7UTZ,3,0,0.0,30,30
prody_rfd3,Bcl-xL,1,0,0.0,30,30
prody_rfd3,Bcl-xL,2,0,0.0,30,30
prody_rfd3,Bcl-xL,3,0,0.0,30,30
prody_rfd3,METTL14,1,0,0.0,30,30
prody_rfd3,METTL14,2,0,0.0,30,30
prody_rfd3,METTL14,3,0,0.0,30,30
prody_rfd3,HIV_RT,1,0,0.0,30,30
prody_rfd3,HIV_RT,2,0,0.0,30,30
prody_rfd3,HIV_RT,3,0,0.0,30,30
prody_rfd3,HIV_RT__3V81,1,0,0.0,30,30
prody_rfd3,HIV_RT__3V81,2,0,0.0,30,30
prody_rfd3,HIV_RT__3V81,3,0,0.0,30,30
prody_rfd3,FUT8,1,0,0.0,30,30
prody_rfd3,FUT8,2,0,0.0,30,30
prody_rfd3,FUT8,3,0,0.0,30,30
prody_rfd3,cAbl,1,0,0.0,30,30
prody_rfd3,cAbl,2,0,0.0,30,30
prody_rfd3,cAbl,3,0,0.0,30,30
prody_rfd3,NDPK-A,1,0,0.0,30,30
prody_rfd3,NDPK-A,2,0,0.0,30,30
prody_rfd3,NDPK-A,3,0,0.0,30,30
prody_rfd3,KRAS,1,0,0.0,30,30
prody_rfd3,KRAS,2,0,0.0,30,30
prody_rfd3,KRAS,3,0,0.0,30,30
prody_rfd3,GCGR,1,0,0.0,30,30
prody_rfd3,GCGR,2,0,0.0,30,30
prody_rfd3,GCGR,3,0,0.0,30,30
molgen_ns1.0,p53_Y220C__4AGQ,1,4,13.333333333333334,29,29
molgen_ns1.0,p53_Y220C__4AGQ,2,4,13.333333333333334,29,29
molgen_ns1.0,p53_Y220C__4AGQ,3,4,13.333333333333334,29,29
molgen_ns1.0,p53_Y220C,1,2,6.666666666666667,28,28
molgen_ns1.0,p53_Y220C,2,2,6.666666666666667,28,28
molgen_ns1.0,p53_Y220C,3,1,3.333333333333333,28,28
molgen_ns1.0,Menin,1,1,3.333333333333333,29,29
molgen_ns1.0,Menin,2,1,3.333333333333333,29,29
molgen_ns1.0,Menin,3,0,0.0,29,29
molgen_ns1.0,HIV1_CA,1,0,0.0,25,25
molgen_ns1.0,HIV1_CA,2,0,0.0,25,25
molgen_ns1.0,HIV1_CA,3,0,0.0,25,25
molgen_ns1.0,betaLG,1,0,0.0,28,28
molgen_ns1.0,betaLG,2,0,0.0,28,28
molgen_ns1.0,betaLG,3,0,0.0,28,28
molgen_ns1.0,THSR,1,0,0.0,30,30
molgen_ns1.0,THSR,2,0,0.0,30,30
molgen_ns1.0,THSR,3,0,0.0,30,30
molgen_ns1.0,HIF2alpha__6D0B,1,1,3.333333333333333,29,29
molgen_ns1.0,HIF2alpha__6D0B,2,0,0.0,29,29
molgen_ns1.0,HIF2alpha__6D0B,3,0,0.0,29,29
molgen_ns1.0,SHP2,1,1,3.333333333333333,30,30
molgen_ns1.0,SHP2,2,0,0.0,30,30
molgen_ns1.0,SHP2,3,0,0.0,30,30
molgen_ns1.0,HIF2alpha,1,4,13.333333333333334,30,30
molgen_ns1.0,HIF2alpha,2,2,6.666666666666667,30,30
molgen_ns1.0,HIF2alpha,3,0,0.0,30,30
molgen_ns1.0,CB1,1,0,0.0,30,30
molgen_ns1.0,CB1,2,0,0.0,30,30
molgen_ns1.0,CB1,3,0,0.0,30,30
molgen_ns1.0,GLTP,1,1,3.333333333333333,30,30
molgen_ns1.0,GLTP,2,0,0.0,30,30
molgen_ns1.0,GLTP,3,0,0.0,30,30
molgen_ns1.0,THSR__7UTZ,1,14,46.66666666666666,30,30
molgen_ns1.0,THSR__7UTZ,2,1,3.333333333333333,30,30
molgen_ns1.0,THSR__7UTZ,3,0,0.0,30,30
molgen_ns1.0,Bcl-xL,1,0,0.0,27,27
molgen_ns1.0,Bcl-xL,2,0,0.0,27,27
molgen_ns1.0,Bcl-xL,3,0,0.0,27,27
molgen_ns1.0,METTL14,1,0,0.0,30,30
molgen_ns1.0,METTL14,2,0,0.0,30,30
molgen_ns1.0,METTL14,3,0,0.0,30,30
molgen_ns1.0,HIV_RT,1,2,6.666666666666667,30,30
molgen_ns1.0,HIV_RT,2,0,0.0,30,30
molgen_ns1.0,HIV_RT,3,0,0.0,30,30
molgen_ns1.0,HIV_RT__3V81,1,3,10.0,30,30
molgen_ns1.0,HIV_RT__3V81,2,0,0.0,30,30
molgen_ns1.0,HIV_RT__3V81,3,0,0.0,30,30
molgen_ns1.0,FUT8,1,14,46.66666666666666,27,27
molgen_ns1.0,FUT8,2,0,0.0,27,27
molgen_ns1.0,FUT8,3,0,0.0,27,27
molgen_ns1.0,cAbl,1,2,6.666666666666667,30,30
molgen_ns1.0,cAbl,2,0,0.0,30,30
molgen_ns1.0,cAbl,3,0,0.0,30,30
molgen_ns1.0,NDPK-A,1,0,0.0,28,28
molgen_ns1.0,NDPK-A,2,0,0.0,28,28
molgen_ns1.0,NDPK-A,3,0,0.0,28,28
molgen_ns1.0,KRAS,1,7,23.33333333333333,29,29
molgen_ns1.0,KRAS,2,0,0.0,29,29
molgen_ns1.0,KRAS,3,0,0.0,29,29
molgen_ns1.0,GCGR,1,0,0.0,30,30
molgen_ns1.0,GCGR,2,0,0.0,30,30
molgen_ns1.0,GCGR,3,0,0.0,30,30
rosetta_repack,p53_Y220C__4AGQ,1,30,100.0,30,30
rosetta_repack,p53_Y220C__4AGQ,2,30,100.0,30,30
rosetta_repack,p53_Y220C__4AGQ,3,30,100.0,30,30
rosetta_repack,p53_Y220C,1,0,0.0,30,30
rosetta_repack,p53_Y220C,2,0,0.0,30,30
rosetta_repack,p53_Y220C,3,0,0.0,30,30
rosetta_repack,Menin,1,0,0.0,30,30
rosetta_repack,Menin,2,0,0.0,30,30
rosetta_repack,Menin,3,0,0.0,30,30
rosetta_repack,HIV1_CA,1,2,6.666666666666667,30,30
rosetta_repack,HIV1_CA,2,2,6.666666666666667,30,30
rosetta_repack,HIV1_CA,3,2,6.666666666666667,30,30
rosetta_repack,betaLG,1,0,0.0,30,30
rosetta_repack,betaLG,2,0,0.0,30,30
rosetta_repack,betaLG,3,0,0.0,30,30
rosetta_repack,THSR,1,30,100.0,30,30
rosetta_repack,THSR,2,30,100.0,30,30
rosetta_repack,THSR,3,30,100.0,30,30
rosetta_repack,HIF2alpha__6D0B,1,0,0.0,30,30
rosetta_repack,HIF2alpha__6D0B,2,0,0.0,30,30
rosetta_repack,HIF2alpha__6D0B,3,0,0.0,30,30
rosetta_repack,SHP2,1,26,86.66666666666667,30,30
rosetta_repack,SHP2,2,26,86.66666666666667,30,30
rosetta_repack,SHP2,3,0,0.0,30,30
rosetta_repack,HIF2alpha,1,11,36.66666666666666,30,30
rosetta_repack,HIF2alpha,2,11,36.66666666666666,30,30
rosetta_repack,HIF2alpha,3,0,0.0,30,30
rosetta_repack,CB1,1,0,0.0,30,30
rosetta_repack,CB1,2,0,0.0,30,30
rosetta_repack,CB1,3,0,0.0,30,30
rosetta_repack,GLTP,1,0,0.0,30,30
rosetta_repack,GLTP,2,0,0.0,30,30
rosetta_repack,GLTP,3,0,0.0,30,30
rosetta_repack,THSR__7UTZ,1,0,0.0,30,30
rosetta_repack,THSR__7UTZ,2,0,0.0,30,30
rosetta_repack,THSR__7UTZ,3,0,0.0,30,30
rosetta_repack,Bcl-xL,1,0,0.0,30,30
rosetta_repack,Bcl-xL,2,0,0.0,30,30
rosetta_repack,Bcl-xL,3,0,0.0,30,30
rosetta_repack,METTL14,1,0,0.0,30,30
rosetta_repack,METTL14,2,0,0.0,30,30
rosetta_repack,METTL14,3,0,0.0,30,30
rosetta_repack,HIV_RT,1,0,0.0,30,30
rosetta_repack,HIV_RT,2,0,0.0,30,30
rosetta_repack,HIV_RT,3,0,0.0,30,30
rosetta_repack,HIV_RT__3V81,1,0,0.0,30,30
rosetta_repack,HIV_RT__3V81,2,0,0.0,30,30
rosetta_repack,HIV_RT__3V81,3,0,0.0,30,30
rosetta_repack,FUT8,1,0,0.0,30,30
rosetta_repack,FUT8,2,0,0.0,30,30
rosetta_repack,FUT8,3,0,0.0,30,30
rosetta_repack,cAbl,1,0,0.0,30,30
rosetta_repack,cAbl,2,0,0.0,30,30
rosetta_repack,cAbl,3,0,0.0,30,30
rosetta_repack,NDPK-A,1,0,0.0,30,30
rosetta_repack,NDPK-A,2,0,0.0,30,30
rosetta_repack,NDPK-A,3,0,0.0,30,30
rosetta_repack,KRAS,1,0,0.0,30,30
rosetta_repack,KRAS,2,0,0.0,30,30
rosetta_repack,KRAS,3,0,0.0,30,30
rosetta_repack,GCGR,1,0,0.0,30,30
rosetta_repack,GCGR,2,0,0.0,30,30
rosetta_repack,GCGR,3,0,0.0,30,30
rosetta_fastrelax,p53_Y220C__4AGQ,1,0,0.0,30,30
rosetta_fastrelax,p53_Y220C__4AGQ,2,0,0.0,30,30
rosetta_fastrelax,p53_Y220C__4AGQ,3,0,0.0,30,30
rosetta_fastrelax,p53_Y220C,1,0,0.0,30,30
rosetta_fastrelax,p53_Y220C,2,0,0.0,30,30
rosetta_fastrelax,p53_Y220C,3,0,0.0,30,30
rosetta_fastrelax,Menin,1,1,3.333333333333333,30,30
rosetta_fastrelax,Menin,2,1,3.333333333333333,30,30
rosetta_fastrelax,Menin,3,1,3.333333333333333,30,30
rosetta_fastrelax,HIV1_CA,1,0,0.0,30,30
rosetta_fastrelax,HIV1_CA,2,0,0.0,30,30
rosetta_fastrelax,HIV1_CA,3,0,0.0,30,30
rosetta_fastrelax,betaLG,1,0,0.0,30,30
rosetta_fastrelax,betaLG,2,0,0.0,30,30
rosetta_fastrelax,betaLG,3,0,0.0,30,30
rosetta_fastrelax,THSR,1,17,56.66666666666666,30,30
rosetta_fastrelax,THSR,2,14,46.66666666666666,30,30
rosetta_fastrelax,THSR,3,0,0.0,30,30
rosetta_fastrelax,HIF2alpha__6D0B,1,1,3.333333333333333,30,30
rosetta_fastrelax,HIF2alpha__6D0B,2,1,3.333333333333333,30,30
rosetta_fastrelax,HIF2alpha__6D0B,3,0,0.0,30,30
rosetta_fastrelax,SHP2,1,4,13.333333333333334,30,30
rosetta_fastrelax,SHP2,2,2,6.666666666666667,30,30
rosetta_fastrelax,SHP2,3,0,0.0,30,30
rosetta_fastrelax,HIF2alpha,1,8,26.666666666666668,30,30
rosetta_fastrelax,HIF2alpha,2,8,26.666666666666668,30,30
rosetta_fastrelax,HIF2alpha,3,0,0.0,30,30
rosetta_fastrelax,CB1,1,0,0.0,30,30
rosetta_fastrelax,CB1,2,0,0.0,30,30
rosetta_fastrelax,CB1,3,0,0.0,30,30
rosetta_fastrelax,GLTP,1,0,0.0,30,30
rosetta_fastrelax,GLTP,2,0,0.0,30,30
rosetta_fastrelax,GLTP,3,0,0.0,30,30
rosetta_fastrelax,THSR__7UTZ,1,13,43.333333333333336,30,30
rosetta_fastrelax,THSR__7UTZ,2,0,0.0,30,30
rosetta_fastrelax,THSR__7UTZ,3,0,0.0,30,30
rosetta_fastrelax,Bcl-xL,1,29,96.66666666666669,30,30
rosetta_fastrelax,Bcl-xL,2,0,0.0,30,30
rosetta_fastrelax,Bcl-xL,3,0,0.0,30,30
rosetta_fastrelax,METTL14,1,0,0.0,30,30
rosetta_fastrelax,METTL14,2,0,0.0,30,30
rosetta_fastrelax,METTL14,3,0,0.0,30,30
rosetta_fastrelax,HIV_RT,1,0,0.0,30,30
rosetta_fastrelax,HIV_RT,2,0,0.0,30,30
rosetta_fastrelax,HIV_RT,3,0,0.0,30,30
rosetta_fastrelax,HIV_RT__3V81,1,0,0.0,30,30
rosetta_fastrelax,HIV_RT__3V81,2,0,0.0,30,30
rosetta_fastrelax,HIV_RT__3V81,3,0,0.0,30,30
rosetta_fastrelax,FUT8,1,0,0.0,30,30
rosetta_fastrelax,FUT8,2,0,0.0,30,30
rosetta_fastrelax,FUT8,3,0,0.0,30,30
rosetta_fastrelax,cAbl,1,0,0.0,30,30
rosetta_fastrelax,cAbl,2,0,0.0,30,30
rosetta_fastrelax,cAbl,3,0,0.0,30,30
rosetta_fastrelax,NDPK-A,1,28,93.33333333333331,30,30
rosetta_fastrelax,NDPK-A,2,5,16.666666666666668,30,30
rosetta_fastrelax,NDPK-A,3,0,0.0,30,30
rosetta_fastrelax,KRAS,1,0,0.0,30,30
rosetta_fastrelax,KRAS,2,0,0.0,30,30
rosetta_fastrelax,KRAS,3,0,0.0,30,30
rosetta_fastrelax,GCGR,1,0,0.0,30,30
rosetta_fastrelax,GCGR,2,0,0.0,30,30
rosetta_fastrelax,GCGR,3,0,0.0,30,30
