split,entry,pdb_id,release_date,deposition_date
train,4ue8B,4UE8,2015-02-25,2014-12-16
train,3tvjI,3TVJ,2012-04-25,2011-09-20
train,3a1gB,3A1G,2009-06-09,2009-04-02
train,2erlA,2ERL,1996-07-11,1995-12-20
train,5w5cA,5W5C,2017-08-23,2017-06-14
train,4jnuB,4JNU,2014-09-17,2013-03-15
train,1fd3A,1FD3,2000-11-01,2000-07-19
train,3vejB,3VEJ,2012-01-25,2012-01-08
train,1j8eA,1J8E,2001-12-19,2001-05-21
train,3l32A,3L32,2010-02-16,2009-12-16
train,1ab1A,1AB1,1997-08-12,1997-01-31
train,4j8cA,4J8C,2013-07-03,2013-02-14
train,5exhC,5EXH,2016-02-03,2015-11-23
train,2z7fI,2Z7F,2008-08-26,2007-08-20
train,1ptqA,1PTQ,1995-07-31,1995-05-11
train,3im3A,3IM3,2010-02-02,2009-08-09
train,2wqiD,2WQI,2009-10-06,2009-08-21
train,2xf7A,2XF7,2010-08-11,2010-05-20
train,2gkrI,2GKR,2007-02-13,2006-04-03
train,2hbaA,2HBA,2007-05-29,2006-06-14
train,2b9dA,2B9D,2005-10-25,2005-10-11
train,3kz5E,3KZ5,2010-03-31,2009-12-07
train,1tgrA,1TGR,2004-12-28,2004-05-29
train,1fs1A,1FS1,2000-11-29,2000-09-08
train,1nh2B,1NH2,2003-10-21,2002-12-18
train,1bq8A,1BQ8,1998-08-26,1998-08-22
train,4jquB,4JQU,2013-05-29,2013-03-20
train,5kkoD,5KKO,2016-09-21,2016-06-22
train,1bx7A,1BX7,1999-04-27,1998-10-14
train,3zoqC,3ZOQ,2013-05-22,2013-02-22
train,3mmyD,3MMY,2010-06-02,2010-04-20
train,4e5rA,4E5R,2013-02-27,2012-03-14
train,4aqrD,4AQR,2012-10-17,2012-04-19
train,1kntA,1KNT,1994-11-01,1994-08-18
train,3mcbB,3MCB,2010-07-14,2010-03-29
train,2y20A,2Y20,2011-07-20,2010-12-12
train,4npdA,4NPD,2014-10-08,2013-11-21
train,2fmaA,2FMA,2007-01-16,2006-01-08
train,3lpeB,3LPE,2010-03-09,2010-02-05
train,1bxyA,1BXY,1998-10-14,1998-10-09
train,4xo1A,4XO1,2015-07-29,2015-01-16
train,1uptD,1UPT,2003-10-30,2003-10-12
train,1l2pA,1L2P,2002-06-05,2002-02-22
train,3shgB,3SHG,2012-01-25,2011-06-16
train,4e1pA,4E1P,2012-06-20,2012-03-06
train,1dtdB,1DTD,2000-07-12,2000-01-12
train,1i2tA,1I2T,2001-04-18,2001-02-12
train,1z7kB,1Z7K,2005-04-05,2005-03-25
train,3c05A,3C05,2008-04-29,2008-01-18
train,3pf6A,3PF6,2010-11-10,2010-10-28
train,5e5yC,5E5Y,2016-05-18,2015-10-09
train,2btiA,2BTI,2006-01-04,2005-05-31
train,2xeuA,2XEU,2010-07-28,2010-05-18
train,2oxlB,2OXL,2007-10-30,2007-02-20
train,2db7A,2DB7,2006-12-19,2005-12-15
train,1uoyA,1UOY,2003-11-04,2003-09-26
train,5i8jA,5I8J,2017-02-15,2016-02-19
train,2f60K,2F60,2006-01-17,2005-11-28
train,1ojhC,1OJH,2004-07-15,2003-07-10
train,2p58A,2P58,2008-03-04,2007-03-14
train,3zr8X,3ZR8,2011-08-03,2011-06-15
train,2pw8I,2PW8,2007-08-21,2007-05-10
train,3ka5A,3KA5,2009-11-03,2009-10-18
train,2xz2A,2XZ2,2011-01-26,2010-11-22
train,1pcfC,1PCF,1998-03-18,1997-09-09
train,1yu5X,1YU5,2005-09-06,2005-02-11
train,3zrgB,3ZRG,2011-08-03,2011-06-16
train,2rjwA,2RJW,2009-02-17,2007-10-16
train,2yztA,2YZT,2007-11-06,2007-05-06
train,4h4nA,4H4N,2012-09-26,2012-09-17
train,6c62C,6C62,2018-03-21,2018-01-17
train,1vbwA,1VBW,2005-03-22,2004-03-03
train,2j7zA,2J7Z,2006-10-23,2006-10-18
train,4qx8B,4QX8,2014-11-05,2014-07-19
train,1l2wI,1L2W,2002-06-12,2002-02-25
train,5b1nA,5B1N,2016-12-14,2015-12-09
train,5l87A,5L87,2017-03-08,2016-06-07
train,2e6xA,2E6X,2007-12-18,2007-01-05
train,1q2hA,1Q2H,2004-08-03,2003-07-24
train,4f98A,4F98,2012-07-18,2012-05-18
train,2ad6D,2AD6,2006-07-25,2005-07-20
train,4eo1A,4EO1,2012-05-30,2012-04-13
train,1whzA,1WHZ,2004-11-28,2004-05-28
train,3d2qA,3D2Q,2008-12-02,2008-05-08
train,1j2lA,1J2L,2003-10-07,2003-01-06
train,1utgA,1UTG,1989-10-15,1989-04-03
train,3ghdA,3GHD,2009-03-31,2009-03-03
train,2g7oA,2G7O,2006-06-13,2006-02-28
train,1h02B,1H02,2002-07-25,2002-06-11
train,3ipfA,3IPF,2009-09-15,2009-08-17
train,3dgpB,3DGP,2008-08-19,2008-06-14
train,4zmkA,4ZMK,2015-09-23,2015-05-04
train,2b97A,2B97,2006-03-28,2005-10-11
train,3cjsB,3CJS,2008-05-20,2008-03-13
train,1wq6A,1WQ6,2005-10-04,2004-09-23
train,4f87A,4F87,2012-07-25,2012-05-17
train,3zdmA,3ZDM,2013-10-02,2012-11-29
train,2w8xA,2W8X,2009-05-05,2009-01-20
train,1ailA,1AIL,1997-10-22,1997-04-21
train,4rgiA,4RGI,2014-12-31,2014-09-30
train,1ctfA,1CTF,1987-01-15,1986-09-02
train,1ok0A,1OK0,2004-01-15,2003-07-16
train,1l9lA,1L9L,2002-11-06,2002-03-25
train,1hc9B,1HC9,2001-11-10,2001-05-02
train,2pstX,2PST,2007-05-22,2007-05-07
train,5b5iB,5B5I,2016-10-19,2016-05-10
train,3dsoA,3DSO,2009-03-10,2008-07-13
train,5nirA,5NIR,2017-06-14,2017-03-27
train,5h1nB,5H1N,2017-11-01,2016-10-11
train,5um3A,5UM3,2017-03-22,2017-01-26
train,5jx1A,5JX1,2016-08-03,2016-05-12
train,5yghA,5YGH,2018-02-28,2017-09-23
train,3u5vA,3U5V,2012-03-21,2011-10-11
train,1xg0A,1XG0,2004-11-30,2004-09-16
train,4o66D,4O66,2014-05-14,2013-12-20
train,3g28A,3G28,2009-06-02,2009-01-30
train,1egwB,1EGW,2000-03-20,2000-02-17
train,4zyaA,4ZYA,2016-05-25,2015-05-21
train,1t8kA,1T8K,2004-09-07,2004-05-13
train,1vccA,1VCC,1996-03-08,1995-10-02
train,3kdeC,3KDE,2009-12-08,2009-10-22
train,4ksnC,4KSN,2013-06-19,2013-05-17
train,3ig9C,3IG9,2009-12-08,2009-07-27
train,4iajB,4IAJ,2013-02-06,2012-12-06
train,5k6dB,5K6D,2016-11-23,2016-05-24
train,1y0nA,1Y0N,2004-12-21,2004-11-15
train,1xmkA,1XMK,2005-08-02,2004-10-03
train,1pbyC,1PBY,2003-09-02,2003-05-15
train,2zfzD,2ZFZ,2008-02-12,2008-01-16
train,1wqjB,1WQJ,2005-03-01,2004-09-29
train,3bqpB,3BQP,2008-02-05,2007-12-20
train,2dlbA,2DLB,2006-04-25,2006-04-18
train,3a1gA,3A1G,2009-06-09,2009-04-02
train,1zt5A,1ZT5,2005-06-28,2005-05-26
train,3bpjB,3BPJ,2008-01-15,2007-12-18
train,3t4rA,3T4R,2013-01-30,2011-07-26
train,3nrlB,3NRL,2010-08-25,2010-06-30
train,4gipA,4GIP,2012-09-19,2012-08-08
train,4ytwC,4YTW,2015-08-12,2015-03-18
train,2hnuA,2HNU,2007-04-24,2006-07-13
train,3laeA,3LAE,2010-01-19,2010-01-06
train,5j2lB,5J2L,2016-05-25,2016-03-29
train,1uhaA,1UHA,2004-04-13,2003-06-27
train,3fblA,3FBL,2009-11-10,2008-11-19
train,3nisB,3NIS,2010-09-15,2010-06-16
train,3bzlD,3BZL,2008-04-22,2008-01-18
train,2i5uA,2I5U,2006-11-07,2006-08-25
train,3a39A,3A39,2009-10-27,2009-06-11
train,2bw3B,2BW3,2005-07-28,2005-07-11
train,1w53A,1W53,2004-08-05,2004-08-05
train,2a6sB,2A6S,2005-08-23,2005-07-04
train,2rjiA,2RJI,2007-11-27,2007-10-15
train,3pesA,3PES,2010-12-08,2010-10-27
train,3ov5A,3OV5,2011-06-01,2010-09-15
train,5by8B,5BY8,2015-07-08,2015-06-10
train,3v3lA,3V3L,2012-02-15,2011-12-13
train,4myyA,4MYY,2014-01-29,2013-09-28
train,1f9pA,1F9P,2003-08-26,2000-07-11
train,3hglA,3HGL,2009-06-23,2009-05-14
train,4v1gB,4V1G,2015-05-20,2014-09-26
train,2i9xA,2I9X,2006-10-03,2006-09-06
train,3tbnA,3TBN,2011-10-05,2011-08-07
train,3jtzA,3JTZ,2009-10-06,2009-09-14
train,1krnA,1KRN,1997-01-11,1995-06-21
train,3l9aX,3L9A,2010-04-07,2010-01-04
train,1pchA,1PCH,1995-10-15,1995-07-11
train,4jo7A,4JO7,2014-09-17,2013-03-17
train,3rjsA,3RJS,2012-12-12,2011-04-15
train,5ezuA,5EZU,2016-11-30,2015-11-26
train,2cg7A,2CG7,2007-02-27,2006-02-27
train,5hubA,5HUB,2017-08-02,2016-01-27
train,2y1yA,2Y1Y,2011-03-02,2010-12-10
train,4u5hG,4U5H,2014-08-13,2014-07-25
train,1u84A,1U84,2004-10-05,2004-08-04
train,1b2sF,1B2S,1998-12-08,1998-11-30
train,3mx7A,3MX7,2011-05-18,2010-05-06
train,1u07A,1U07,2004-11-30,2004-07-13
train,1ef1D,1EF1,2000-05-10,2000-02-04
train,2ftxA,2FTX,2006-06-13,2006-01-25
train,1b2sE,1B2S,1998-12-08,1998-11-30
train,1x6iA,1X6I,2005-02-08,2004-08-11
train,2gpiA,2GPI,2006-06-13,2006-04-17
train,3c0fB,3C0F,2008-02-05,2008-01-20
train,1x6jA,1X6J,2005-02-08,2004-08-11
train,2ygsA,2YGS,2000-04-19,1999-05-08
train,2xdgA,2XDG,2010-06-16,2010-04-30
train,6avjB,6AVJ,2017-12-20,2017-09-02
train,2qwoB,2QWO,2007-12-18,2007-08-10
train,1fk5A,1FK5,2001-06-06,2000-08-09
train,2nqwA,2NQW,2006-11-28,2006-10-31
train,4a56A,4A56,2011-12-07,2011-10-24
train,2y4xB,2Y4X,2012-01-18,2011-01-11
train,3x0gA,3X0G,2015-07-01,2014-10-14
train,2cwyA,2CWY,2005-12-27,2005-06-27
train,3ajfA,3AJF,2011-04-20,2010-06-05
train,1dfuP,1DFU,1999-12-02,1999-11-21
train,3vc8B,3VC8,2012-01-11,2012-01-03
train,4ndtA,4NDT,2014-12-10,2013-10-27
train,2fe5A,2FE5,2005-12-27,2005-12-15
train,3b4qB,3B4Q,2007-11-06,2007-10-24
train,4xqmA,4XQM,2015-07-22,2015-01-19
train,3txsC,3TXS,2011-12-28,2011-09-23
train,3lblA,3LBL,2010-03-16,2010-01-08
train,4mmjA,4MMJ,2014-06-25,2013-09-09
train,2qskA,2QSK,2007-11-27,2007-07-31
train,3ofgB,3OFG,2011-03-02,2010-08-14
train,3zzoA,3ZZO,2012-07-11,2011-09-02
train,3ipjA,3IPJ,2009-10-20,2009-08-17
train,3cw3A,3CW3,2008-06-17,2008-04-21
train,2x5gA,2X5G,2010-07-21,2010-02-08
train,3mhsB,3MHS,2010-04-21,2010-04-08
train,4ykdA,4YKD,2015-06-03,2015-03-04
train,1mk0A,1MK0,2002-10-30,2002-08-28
train,3onjA,3ONJ,2011-07-20,2010-08-29
train,2x5hB,2X5H,2010-07-21,2010-02-08
train,4pz1A,4PZ1,2015-03-11,2014-03-28
train,1lriA,1LRI,2002-05-29,2002-05-15
train,5v0mA,5V0M,2018-02-28,2017-02-28
train,2aibA,2AIB,2006-01-17,2005-07-29
train,2oy9B,2OY9,2007-03-20,2007-02-21
train,4rp5A,4RP5,2014-11-26,2014-10-29
train,4z8qB,4Z8Q,2015-09-23,2015-04-09
train,1jo0A,1JO0,2002-11-20,2001-07-26
train,1tovA,1TOV,2004-07-27,2004-06-15
train,2p9xD,2P9X,2007-10-02,2007-03-26
train,2wpqC,2WPQ,2009-11-03,2009-08-09
train,2ccqA,2CCQ,2006-06-28,2006-01-17
train,3po8A,3PO8,2011-01-26,2010-11-22
train,3wx4A,3WX4,2014-08-20,2014-07-16
train,5ol4A,5OL4,2018-03-07,2017-07-26
train,2o4tA,2O4T,2006-12-26,2006-12-04
train,5h6xA,5H6X,2017-11-22,2016-11-15
train,2xrhA,2XRH,2011-09-28,2010-09-15
train,3fpuA,3FPU,2010-01-12,2009-01-06
train,1g2rA,1G2R,2001-08-29,2000-10-20
train,2ebbA,2EBB,2008-02-12,2007-02-07
train,3hmsA,3HMS,2010-06-09,2009-05-29
train,2gh0D,2GH0,2006-06-27,2006-03-24
train,3ic3B,3IC3,2009-09-22,2009-07-17
train,2bo1A,2BO1,2006-08-23,2005-04-07
train,4ebgA,4EBG,2012-05-23,2012-03-23
train,3czzB,3CZZ,2008-08-19,2008-04-30
train,3luuA,3LUU,2010-03-09,2010-02-18
train,2oyaB,2OYA,2007-04-17,2007-02-21
train,4ew5A,4EW5,2012-05-23,2012-04-26
train,1uz3A,1UZ3,2005-10-13,2004-03-03
train,5v03B,5V03,2018-03-07,2017-02-28
train,4wlrB,4WLR,2015-03-04,2014-10-07
train,1qw2A,1QW2,2004-03-09,2003-08-30
train,4b6iD,4B6I,2012-08-22,2012-08-13
train,5z42A,5Z42,2018-04-25,2018-01-10
train,2oxoA,2OXO,2008-02-26,2007-02-20
train,5nohA,5NOH,2018-01-03,2017-04-12
train,4qb0A,4QB0,2014-09-10,2014-05-06
train,3e7hA,3E7H,2008-10-14,2008-08-18
train,2gibB,2GIB,2006-04-25,2006-03-28
train,2b1yA,2B1Y,2005-11-01,2005-09-16
train,3fybA,3FYB,2009-02-03,2009-01-22
train,1d4tA,1D4T,1999-10-14,1999-10-06
train,5e3eA,5E3E,2015-11-25,2015-10-02
train,2nmlA,2NML,2006-10-31,2006-10-21
train,3o79A,3O79,2010-11-24,2010-07-30
train,1jyoF,1JYO,2001-11-07,2001-09-12
train,2qtdA,2QTD,2007-08-21,2007-08-01
train,4gn0A,4GN0,2013-09-11,2012-08-16
train,1pucA,1PUC,1996-04-03,1995-12-08
train,5cyzC,5CYZ,2016-08-03,2015-07-31
train,1kptA,1KPT,1995-10-31,1995-06-06
train,3fn2B,3FN2,2009-01-27,2008-12-23
train,3l1eA,3L1E,2010-05-12,2009-12-11
train,4obiA,4OBI,2014-02-12,2014-01-07
train,7fd1A,7FD1,1998-12-16,1998-12-11
train,3fp5A,3FP5,2009-11-17,2009-01-04
train,2pspB,2PSP,1996-07-11,1996-02-01
train,2vm5A,2VM5,2008-01-29,2008-01-23
train,3ol3A,3OL3,2010-09-08,2010-08-25
train,3lyyA,3LYY,2010-04-07,2010-02-28
train,1i4mA,1I4M,2002-02-27,2001-02-22
train,1o4kA,1O4K,2004-02-17,2003-06-15
train,1j0pA,1J0P,2003-11-19,2002-11-19
train,2vkpB,2VKP,2008-02-12,2007-12-21
train,2fhzA,2FHZ,2006-03-28,2005-12-27
train,3e0zA,3E0Z,2008-08-12,2008-08-01
train,5palA,5PAL,1993-10-31,1991-09-25
train,2qsaA,2QSA,2007-08-14,2007-07-30
train,3l4hA,3L4H,2010-05-05,2009-12-20
train,5hqhA,5HQH,2016-02-03,2016-01-21
train,2j6bA,2J6B,2007-02-20,2006-09-27
train,3uebE,3UEB,2012-10-10,2011-10-30
train,2pu9A,2PU9,2007-07-10,2007-05-09
train,3cyiA,3CYI,2008-07-01,2008-04-25
train,4goqB,4GOQ,2012-09-19,2012-08-20
train,1wq8A,1WQ8,2004-12-07,2004-09-23
train,3g98B,3G98,2009-10-06,2009-02-13
train,2rffA,2RFF,2007-10-16,2007-09-28
train,1m9zA,1M9Z,2002-09-11,2002-07-30
train,5x1eD,5X1E,2017-06-14,2017-01-25
train,4y7sA,4Y7S,2016-08-03,2015-02-16
train,1vyiA,1VYI,2004-10-15,2004-04-30
train,1n8uA,1N8U,2003-04-01,2002-11-21
train,4ftfA,4FTF,2012-11-28,2012-06-27
train,3bn0A,3BN0,2008-05-27,2007-12-13
train,1qauA,1QAU,1999-05-04,1999-03-29
train,1z21A,1Z21,2005-06-07,2005-03-07
train,4jmuA,4JMU,2013-10-30,2013-03-14
train,5vapA,5VAP,2017-06-21,2017-03-27
train,4cv7A,4CV7,2014-04-02,2014-03-24
train,5n6yC,5N6Y,2017-07-26,2017-02-16
train,2vh3A,2VH3,2007-12-04,2007-11-17
train,1lslA,1LSL,2002-12-18,2002-05-17
train,5el3B,5EL3,2016-01-13,2015-11-04
train,2p6vA,2P6V,2007-05-15,2007-03-19
train,3enuA,3ENU,2009-03-31,2008-09-26
train,2pyqB,2PYQ,2007-05-29,2007-05-16
train,2iayA,2IAY,2006-10-10,2006-09-08
train,3agnA,3AGN,2010-07-07,2010-04-03
train,4hwxA,4HWX,2012-12-05,2012-11-09
train,2nwvA,2NWV,2006-11-28,2006-11-16
train,2fipA,2FIP,2006-09-26,2005-12-30
train,3mwzA,3MWZ,2010-07-14,2010-05-06
train,3qflA,3QFL,2011-05-04,2011-01-21
train,2es9A,2ES9,2005-11-01,2005-10-25
train,3fkcA,3FKC,2008-12-23,2008-12-16
train,3mxzA,3MXZ,2010-09-01,2010-05-08
train,1yozB,1YOZ,2005-02-08,2005-01-28
train,3emiA,3EMI,2008-11-04,2008-09-24
train,2xu8B,2XU8,2010-12-29,2010-10-15
train,3rmqA,3RMQ,2011-05-11,2011-04-21
train,1rlkA,1RLK,2003-12-30,2003-11-25
train,3nrwA,3NRW,2010-08-25,2010-06-30
train,1dptA,1DPT,1999-03-30,1998-05-11
train,2fb6A,2FB6,2006-01-24,2005-12-08
train,2y39A,2Y39,2011-03-30,2010-12-20
train,2cyjA,2CYJ,2006-01-07,2005-07-07
train,5xbcB,5XBC,2017-12-13,2017-03-16
train,3p4hA,3P4H,2011-01-19,2010-10-06
train,1f3uG,1F3U,2000-10-11,2000-06-06
train,3ju3A,3JU3,2009-09-22,2009-09-14
train,5dpoA,5DPO,2015-11-25,2015-09-13
train,1njhA,1NJH,2003-07-01,2002-12-31
train,4oxwA,4OXW,2015-01-21,2014-02-07
train,3t7zA,3T7Z,2012-04-11,2011-07-31
train,3fpnA,3FPN,2009-03-24,2009-01-05
train,3nufA,3NUF,2010-09-08,2010-07-06
train,3kz7A,3KZ7,2010-12-15,2009-12-08
train,1by2A,1BY2,1999-05-18,1998-10-23
train,2igpA,2IGP,2007-01-02,2006-09-22
train,3e9vA,3E9V,2008-10-14,2008-08-23
train,1xtyB,1XTY,2005-03-22,2004-10-25
train,1iktA,1IKT,2001-11-14,2001-05-07
train,3t92A,3T92,2012-08-08,2011-08-02
train,1u6tA,1U6T,2005-08-09,2004-08-01
train,4tshA,4TSH,2014-10-22,2014-06-18
train,4oe9B,4OE9,2015-03-04,2014-01-12
train,4wrpA,4WRP,2015-03-18,2014-10-24
train,1jifA,1JIF,2002-02-06,2001-07-02
train,1whiA,1WHI,1996-08-17,1996-01-10
train,3c1qB,3C1Q,2009-02-03,2008-01-24
train,5bs1B,5BS1,2015-08-05,2015-06-01
train,5bnhA,5BNH,2016-05-25,2015-05-26
train,2qjzA,2QJZ,2007-10-02,2007-07-09
train,3c9pA,3C9P,2008-02-26,2008-02-18
train,1m8sA,1M8S,2003-02-11,2002-07-25
train,4csbA,4CSB,2014-04-16,2014-03-06
train,1bgfA,1BGF,1998-09-16,1998-05-28
train,3pkzA,3PKZ,2011-06-15,2010-11-12
train,3bwuD,3BWU,2008-03-04,2008-01-10
train,2qudA,2QUD,2007-12-18,2007-08-04
train,2qhqB,2QHQ,2007-07-17,2007-07-02
train,3klrA,3KLR,2010-06-09,2009-11-09
train,2fj8A,2FJ8,2006-01-17,2006-01-02
train,2x5rA,2X5R,2010-07-28,2010-02-10
train,1g6gA,1G6G,2000-12-13,2000-11-06
train,1ez3B,1EZ3,2000-06-07,2000-05-09
train,1ijxC,1IJX,2001-07-11,2001-04-30
train,2f6eA,2F6E,2005-12-20,2005-11-29
train,2hngA,2HNG,2006-08-15,2006-07-12
train,2fygA,2FYG,2006-08-08,2006-02-07
train,1doiA,1DOI,1996-08-01,1996-04-08
train,3ehgA,3EHG,2009-09-15,2008-09-12
train,1sf9A,1SF9,2004-02-24,2004-02-19
train,4f55A,4F55,2012-07-11,2012-05-11
train,3a7lA,3A7L,2010-01-19,2009-09-28
train,1ijtA,1IJT,2001-08-15,2001-04-29
train,2fi9A,2FI9,2006-02-14,2005-12-28
train,1dd3B,1DD3,2000-11-13,1999-11-08
train,1cpqA,1CPQ,1996-12-07,1995-08-14
train,3l2aA,3L2A,2010-05-12,2009-12-14
train,3ushB,3USH,2011-12-14,2011-11-23
train,1cuoA,1CUO,2000-08-23,1999-08-21
train,1lr0A,1LR0,2002-05-29,2002-05-14
train,1mscA,1MSC,1995-07-10,1995-04-28
train,2w0gA,2W0G,2008-12-09,2008-08-15
train,3fkeA,3FKE,2009-01-13,2008-12-16
train,2hy5A,2HY5,2006-09-19,2006-08-04
train,2cx7A,2CX7,2005-12-28,2005-06-28
train,3daiA,3DAI,2008-09-09,2008-05-29
train,1m5qI,1M5Q,2003-03-18,2002-07-09
train,2wb6A,2WB6,2009-03-03,2009-02-22
train,2hu9A,2HU9,2007-07-03,2006-07-26
train,1seiA,1SEI,1997-03-12,1996-08-14
train,1jyoB,1JYO,2001-11-07,2001-09-12
train,1a62A,1A62,1998-06-17,1998-03-05
train,1wnaA,1WNA,2005-01-28,2004-07-28
train,5o5sA,5O5S,2017-08-30,2017-06-02
train,5wx9A,5WX9,2017-11-22,2017-01-06
train,1u7kD,1U7K,2004-10-05,2004-08-04
train,2vzcA,2VZC,2008-10-28,2008-07-31
train,2gc4B,2GC4,2006-11-28,2006-03-13
train,1c52A,1C52,1998-06-24,1997-06-23
train,3oblB,3OBL,2010-10-20,2010-08-06
train,5dblA,5DBL,2016-09-28,2015-08-21
train,2e8eA,2E8E,2008-01-22,2007-01-19
train,4zi3D,4ZI3,2016-03-23,2015-04-27
train,4cv4A,4CV4,2014-05-14,2014-03-23
train,3v0rA,3V0R,2012-06-13,2011-12-08
train,3ga3A,3GA3,2009-02-24,2009-02-16
train,2e5yB,2E5Y,2007-07-10,2006-12-25
train,1ve0A,1VE0,2005-03-22,2004-03-26
train,2y7bA,2Y7B,2011-03-30,2011-01-31
train,3lq9A,3LQ9,2010-03-09,2010-02-08
train,2p6hB,2P6H,2007-09-18,2007-03-18
train,5b3pA,5B3P,2016-07-27,2016-03-09
train,2vacA,2VAC,2007-10-16,2007-08-30
train,4zdsB,4ZDS,2015-09-23,2015-04-18
train,5iqjC,5IQJ,2016-03-23,2016-03-10
train,4q0yA,4Q0Y,2014-06-18,2014-04-02
train,2pagA,2PAG,2007-04-03,2007-03-27
train,2w0iA,2W0I,2008-09-30,2008-08-18
train,1gqvA,1GQV,2002-03-08,2001-12-05
train,3fm2A,3FM2,2009-01-13,2008-12-19
train,1r9fA,1R9F,2004-01-27,2003-10-28
train,2lisA,2LIS,2000-01-21,1999-04-16
train,1j5uA,1J5U,2002-07-31,2002-07-03
train,4rr9A,4RR9,2015-07-15,2014-11-06
train,5opzA,5OPZ,2018-01-17,2017-08-10
train,2qq4B,2QQ4,2008-07-29,2007-07-26
train,2ofzA,2OFZ,2007-04-03,2007-01-04
train,5ii7A,5II7,2017-06-14,2016-03-01
train,2endA,2END,1994-10-15,1994-08-08
train,3d7aB,3D7A,2008-12-09,2008-05-20
train,2gecA,2GEC,2006-06-27,2006-03-19
train,5btzA,5BTZ,2015-08-26,2015-06-03
train,2in8A,2IN8,2007-05-01,2006-10-06
train,2v6aO,2V6A,2007-07-31,2007-07-14
train,5djeB,5DJE,2016-09-28,2015-09-02
train,3m7aA,3M7A,2010-04-21,2010-03-16
train,2onfB,2ONF,2007-02-06,2007-01-23
train,2w9yA,2W9Y,2009-10-20,2009-01-30
train,1ifgA,1IFG,2001-05-18,2001-04-12
train,1hufA,1HUF,2001-05-23,2001-01-04
train,2g64A,2G64,2006-03-14,2006-02-24
train,2nukA,2NUK,2007-04-10,2006-11-09
train,3apaA,3APA,2010-12-08,2010-10-13
train,3g0mA,3G0M,2009-02-17,2009-01-28
train,5en2C,5EN2,2015-12-30,2015-11-09
train,2j6aA,2J6A,2006-09-28,2006-09-27
train,1vr8A,1VR8,2005-03-15,2005-02-16
train,1tzwA,1TZW,2004-08-31,2004-07-12
train,2dt4A,2DT4,2007-05-22,2006-07-10
train,3inoA,3INO,2009-11-03,2009-08-12
train,2yvqA,2YVQ,2008-04-15,2007-04-13
train,1qddA,1QDD,1999-05-28,1999-05-20
train,2fzpA,2FZP,2006-03-28,2006-02-10
train,1jkeC,1JKE,2002-01-25,2001-07-12
train,3kbyA,3KBY,2010-10-20,2009-10-20
train,2xppA,2XPP,2010-11-17,2010-08-27
train,2pv4A,2PV4,2007-05-22,2007-05-09
train,3mswA,3MSW,2010-06-09,2010-04-29
train,2w6kA,2W6K,2008-12-30,2008-12-18
train,2qevA,2QEV,2007-10-09,2007-06-26
train,2jekA,2JEK,2007-01-30,2007-01-17
train,2yskA,2YSK,2008-04-08,2007-04-03
train,3omdB,3OMD,2010-09-15,2010-08-26
train,2p84A,2P84,2007-04-03,2007-03-21
train,2wzoA,2WZO,2010-05-05,2009-12-01
train,3fh2A,3FH2,2008-12-23,2008-12-08
train,4exoA,4EXO,2012-05-30,2012-04-30
train,6anzA,6ANZ,2017-08-30,2017-08-15
train,2v0uA,2V0U,2007-12-11,2007-05-18
train,2jddA,2JDD,2007-02-13,2007-01-06
train,5eqzA,5EQZ,2015-12-09,2015-11-13
train,4q7oB,4Q7O,2014-05-14,2014-04-25
train,1nl1A,1NL1,2003-09-16,2003-01-06
train,1dk8A,1DK8,2000-07-12,1999-12-06
train,1earA,1EAR,2002-01-04,2001-07-16
train,1rk8B,1RK8,2004-04-13,2003-11-21
train,2w56A,2W56,2010-08-25,2008-12-05
train,1yocB,1YOC,2005-03-08,2005-01-27
train,1wpuA,1WPU,2005-08-30,2004-09-13
train,2gc4L,2GC4,2006-11-28,2006-03-13
train,2w86A,2W86,2009-05-26,2009-01-09
train,1ng6A,1NG6,2003-07-15,2002-12-16
train,3zfnA,3ZFN,2013-05-15,2012-12-12
train,5x1eB,5X1E,2017-06-14,2017-01-25
train,2d28C,2D28,2005-09-20,2005-09-03
train,2eo4A,2EO4,2007-10-02,2007-03-29
train,3o0gD,3O0G,2011-01-26,2010-07-19
train,2wcuA,2WCU,2009-11-10,2009-03-17
train,4wheA,4WHE,2015-09-02,2014-09-22
train,3oxpA,3OXP,2010-10-13,2010-09-21
train,4xb6E,4XB6,2015-08-19,2014-12-16
train,2y1qA,2Y1Q,2011-03-16,2010-12-10
train,1z2uA,1Z2U,2005-03-22,2005-03-09
train,5jakA,5JAK,2016-08-24,2016-04-12
train,1rssA,1RSS,1998-02-11,1997-08-05
train,3iiuM,3IIU,2009-11-24,2009-08-03
train,2vnlA,2VNL,2009-02-10,2008-02-05
train,3a0yB,3A0Y,2009-10-20,2009-03-25
train,1ouwC,1OUW,2003-11-11,2003-03-25
train,1dvoA,1DVO,2000-07-19,2000-01-21
train,2op6A,2OP6,2007-02-27,2007-01-26
train,1ntvA,1NTV,2003-04-15,2003-01-30
train,4xb4A,4XB4,2015-07-15,2014-12-16
train,2glzB,2GLZ,2006-04-18,2006-04-05
train,2prvA,2PRV,2007-05-22,2007-05-04
train,3pvhA,3PVH,2011-10-26,2010-12-07
train,2bk9A,2BK9,2005-05-20,2005-02-14
train,3jubA,3JUB,2010-02-09,2009-09-15
train,2ejnB,2EJN,2007-04-17,2007-03-19
train,5c8qB,5C8Q,2015-08-12,2015-06-25
train,1md6A,1MD6,2003-09-30,2002-08-07
train,3cy4A,3CY4,2008-05-13,2008-04-25
train,5t2pB,5T2P,2017-02-22,2016-08-24
train,2oebA,2OEB,2007-01-30,2006-12-28
train,5m1mA,5M1M,2017-02-08,2016-10-09
train,3h2dB,3H2D,2009-04-28,2009-04-14
train,1o1xA,1O1X,2003-04-01,2003-02-12
train,3vnbA,3VNB,2012-10-10,2012-01-11
train,4m62S,4M62,2014-10-08,2013-08-08
train,2ox7B,2OX7,2007-03-06,2007-02-19
train,5e7xA,5E7X,2016-10-19,2015-10-13
train,4qn8B,4QN8,2014-07-16,2014-06-17
train,3gmvX,3GMV,2009-03-31,2009-03-15
train,3oi8A,3OI8,2010-09-22,2010-08-18
train,1dwkA,1DWK,2000-05-16,1999-12-07
train,3qraA,3QRA,2011-11-23,2011-02-17
train,5mduA,5MDU,2017-04-12,2016-11-13
train,3ii2A,3II2,2010-03-23,2009-07-31
train,2vy8A,2VY8,2008-09-09,2008-07-19
train,1v4pC,1V4P,2004-11-23,2003-11-14
train,2zzdE,2ZZD,2009-10-13,2009-02-09
train,3owtB,3OWT,2011-01-12,2010-09-20
train,2z0xA,2Z0X,2007-11-13,2007-05-07
train,3imkA,3IMK,2009-08-25,2009-08-10
train,3lurB,3LUR,2010-03-09,2010-02-18
train,1zd7B,1ZD7,2006-01-24,2005-04-14
train,1fm4A,1FM4,2002-12-20,2000-08-16
train,2pcnA,2PCN,2007-10-02,2007-03-30
train,3f4mA,3F4M,2009-03-17,2008-11-01
train,5eg7A,5EG7,2016-02-10,2015-10-26
train,2hq4A,2HQ4,2006-09-19,2006-07-18
train,2qnlA,2QNL,2007-07-31,2007-07-18
train,2cfeA,2CFE,2006-02-22,2006-02-20
train,3gqhA,3GQH,2009-05-26,2009-03-24
train,1t9iB,1T9I,2004-11-16,2004-05-17
train,5uc0A,5UC0,2017-02-08,2016-12-21
train,2aj7A,2AJ7,2005-11-15,2005-08-01
train,5xctB,5XCT,2017-10-04,2017-03-23
train,3on9A,3ON9,2011-08-17,2010-08-28
train,3fcnA,3FCN,2008-12-09,2008-11-21
train,1tt8A,1TT8,2004-12-28,2004-06-22
train,1b8dK,1B8D,1999-02-18,1999-01-29
train,3vgpA,3VGP,2012-07-04,2011-08-18
train,5gglA,5GGL,2016-08-10,2016-06-16
train,1n2mA,1N2M,2003-03-25,2002-10-23
train,3n4iB,3N4I,2011-03-09,2010-05-21
train,4a1kA,4A1K,2012-09-26,2011-09-15
train,2wfrA,2WFR,2009-06-30,2009-04-14
train,3n4jA,3N4J,2010-06-23,2010-05-21
train,2xvsA,2XVS,2010-11-17,2010-10-31
train,3lasB,3LAS,2011-01-12,2010-01-07
train,3l51B,3L51,2010-02-16,2009-12-21
train,1xo7B,1XO7,2004-12-21,2004-10-05
train,2fp1A,2FP1,2006-03-28,2006-01-15
train,1rylA,1RYL,2004-07-06,2003-12-22
train,2gkpA,2GKP,2006-05-02,2006-04-03
train,3hvvA,3HVV,2009-10-20,2009-06-16
train,3mmhB,3MMH,2010-05-19,2010-04-19
train,3eyeA,3EYE,2008-11-04,2008-10-20
train,5gv0A,5GV0,2016-10-12,2016-09-01
train,1xeoA,1XEO,2005-03-29,2004-09-10
train,2zcaB,2ZCA,2008-10-07,2007-11-08
train,1btkA,1BTK,1997-09-17,1997-07-01
train,2rkqA,2RKQ,2008-03-25,2007-10-17
train,2ed6A,2ED6,2007-06-05,2007-02-14
train,5kvkA,5KVK,2016-08-03,2016-07-14
train,2nsaA,2NSA,2007-03-27,2006-11-03
train,1xvgE,1XVG,2005-05-03,2004-10-27
train,2xseA,2XSE,2011-03-30,2010-09-28
train,3gwiA,3GWI,2009-12-15,2009-04-01
train,5vu3B,5VU3,2017-06-14,2017-05-18
train,3rt4A,3RT4,2011-06-15,2011-05-03
train,2imsA,2IMS,2006-12-26,2006-10-04
train,3wurB,3WUR,2014-10-15,2014-05-02
train,3nl9A,3NL9,2010-07-21,2010-06-21
train,1wpbA,1WPB,2004-12-07,2004-09-01
train,5g38A,5G38,2016-08-10,2016-04-24
train,1koeA,1KOE,1999-02-16,1998-01-22
train,5cofA,5COF,2016-02-03,2015-07-20
train,2vriA,2VRI,2009-06-09,2008-04-08
train,5ef9A,5EF9,2015-11-18,2015-10-23
train,2o74F,2O74,2007-04-10,2006-12-10
train,4o6gA,4O6G,2014-03-05,2013-12-20
train,2au7A,2AU7,2006-08-29,2005-08-27
train,2xolB,2XOL,2011-09-07,2010-08-18
train,2p12A,2P12,2007-04-03,2007-03-01
train,1rl6A,1RL6,1999-02-02,1999-01-14
train,3nr1A,3NR1,2010-09-08,2010-06-30
train,2ia1A,2IA1,2006-10-03,2006-09-06
train,1k8kE,1K8K,2001-12-07,2001-10-24
train,2znrA,2ZNR,2008-09-02,2008-05-01
train,1jwqA,1JWQ,2003-11-18,2001-09-05
train,3qc7A,3QC7,2011-01-26,2011-01-15
train,4koqA,4KOQ,2013-11-13,2013-05-12
train,2igiA,2IGI,2007-10-02,2006-09-22
train,2q2gA,2Q2G,2007-06-12,2007-05-28
train,2ot9A,2OT9,2007-03-13,2007-02-07
train,1im5A,1IM5,2001-12-12,2001-05-09
train,2dwkA,2DWK,2006-08-29,2006-08-15
train,2yvoA,2YVO,2008-02-26,2007-04-13
train,3jv1A,3JV1,2010-04-14,2009-09-15
train,3vorA,3VOR,2012-09-26,2012-02-06
train,2y3wA,2Y3W,2011-02-09,2010-12-27
train,3k5jA,3K5J,2010-01-26,2009-10-07
train,3g5kD,3G5K,2009-04-07,2009-02-05
train,1ypyA,1YPY,2005-03-01,2005-01-31
train,4o6qA,4O6Q,2014-03-26,2013-12-23
train,3molB,3MOL,2010-07-28,2010-04-22
train,2y44A,2Y44,2011-03-30,2011-01-04
train,2i9wA,2I9W,2006-09-19,2006-09-06
train,2at8X,2AT8,2006-08-22,2005-08-24
train,4oieA,4OIE,2014-03-05,2014-01-19
train,2b0aA,2B0A,2005-09-20,2005-09-13
train,1v7rA,1V7R,2003-12-30,2003-12-22
train,4u9bA,4U9B,2014-10-01,2014-08-05
train,1xhkB,1XHK,2004-10-05,2004-09-20
train,5cflA,5CFL,2015-08-26,2015-07-08
train,1jhsA,1JHS,2003-06-03,2001-06-28
train,3h0nA,3H0N,2009-04-21,2009-04-09
train,1u55A,1U55,2004-08-31,2004-07-27
train,2h1tB,2H1T,2006-05-30,2006-05-16
train,4qxoA,4QXO,2014-09-10,2014-07-21
train,4hfvA,4HFV,2012-11-07,2012-10-05
train,3h8tA,3H8T,2009-05-12,2009-04-29
train,2pfxA,2PFX,2007-04-17,2007-04-05
train,3dzaA,3DZA,2008-08-12,2008-07-29
train,3frrA,3FRR,2009-06-30,2009-01-08
train,3h93A,3H93,2009-12-08,2009-04-29
train,3rlkA,3RLK,2011-09-28,2011-04-19
train,4qmdA,4QMD,2015-07-29,2014-06-16
train,1juvA,1JUV,2003-12-23,2001-08-28
train,3lgbB,3LGB,2010-04-21,2010-01-20
train,2bmoB,2BMO,2005-05-04,2005-03-15
train,4byzA,4BYZ,2014-04-23,2013-07-22
train,4xb6F,4XB6,2015-08-19,2014-12-16
train,2bbrA,2BBR,2006-02-14,2005-10-17
train,1qhvA,1QHV,1999-09-29,1999-05-28
train,1j8rA,1J8R,2001-06-22,2001-05-22
train,5gw6A,5GW6,2016-10-19,2016-09-08
train,4ke2C,4KE2,2014-02-26,2013-04-25
train,4dlhB,4DLH,2012-02-15,2012-02-06
train,3jz9A,3JZ9,2010-01-19,2009-09-23
train,1ocyA,1OCY,2003-07-24,2003-02-11
train,4g6dB,4G6D,2013-01-23,2012-07-18
train,4alzA,4ALZ,2013-04-24,2012-03-06
train,2gs5A,2GS5,2006-06-20,2006-04-25
train,6fy5A,6FY5,2018-04-04,2018-03-10
train,3o3xA,3O3X,2011-07-27,2010-07-26
train,3it4C,3IT4,2010-03-02,2009-08-27
train,1pp0C,1PP0,2004-08-24,2003-06-16
train,3lwxA,3LWX,2010-03-31,2010-02-24
train,2wawA,2WAW,2010-04-07,2009-02-17
train,2gwmA,2GWM,2006-08-29,2006-05-04
train,3nkeB,3NKE,2010-08-25,2010-06-18
train,2q9rA,2Q9R,2007-06-26,2007-06-13
train,2it2B,2IT2,2007-11-13,2006-10-18
train,2bfwA,2BFW,2005-11-28,2004-12-15
train,5ij2B,5IJ2,2017-02-08,2016-03-01
train,3wvzA,3WVZ,2015-03-25,2014-06-12
train,2ovjA,2OVJ,2007-02-27,2007-02-14
train,5o9eA,5O9E,2017-08-30,2017-06-19
train,2id6A,2ID6,2007-08-28,2006-09-14
train,1r8mE,1R8M,2004-01-20,2003-10-27
train,4hfqB,4HFQ,2013-08-07,2012-10-05
train,1ugpA,1UGP,2004-06-17,2003-06-17
train,1chdA,1CHD,1996-01-29,1995-03-09
train,2imfA,2IMF,2007-06-12,2006-10-04
train,2rciA,2RCI,2008-07-15,2007-09-20
train,1dowA,1DOW,2000-07-12,1999-12-21
train,2bkoA,2BKO,2006-06-28,2005-02-17
train,2nnuA,2NNU,2007-01-09,2006-10-24
train,1ix9A,1IX9,2002-12-17,2002-06-17
train,2vfkA,2VFK,2008-05-06,2007-11-05
train,2fb5A,2FB5,2006-01-24,2005-12-08
train,3it4B,3IT4,2010-03-02,2009-08-27
train,5w2fA,5W2F,2017-08-02,2017-06-06
train,1k7jA,1K7J,2002-08-14,2001-10-19
train,4ywkA,4YWK,2015-09-23,2015-03-20
train,1xkrA,1XKR,2004-12-07,2004-09-29
train,2vfxC,2VFX,2008-03-18,2007-11-05
train,2amhA,2AMH,2005-08-16,2005-08-09
train,1h2eA,1H2E,2002-08-12,2002-08-08
train,4gehA,4GEH,2013-04-17,2012-08-02
train,2vi1A,2VI1,2009-02-10,2007-11-26
train,4lpqA,4LPQ,2013-11-13,2013-07-16
train,1z0bA,1Z0B,2005-08-02,2005-03-01
train,4ervA,4ERV,2012-06-13,2012-04-20
train,1s9uA,1S9U,2004-06-08,2004-02-05
train,2o7oA,2O7O,2007-05-15,2006-12-11
train,1nf8A,1NF8,2003-06-17,2002-12-13
train,2p3pB,2P3P,2007-04-10,2007-03-09
train,1wd5A,1WD5,2004-11-11,2004-05-11
train,5x1uB,5X1U,2017-06-14,2017-01-26
train,4dokA,4DOK,2012-05-09,2012-02-09
train,5ja5A,5JA5,2017-07-05,2016-04-12
train,4zavA,4ZAV,2015-06-17,2015-04-14
train,1wbeA,1WBE,2005-11-30,2004-11-01
train,1j77A,1J77,2001-05-30,2001-05-15
train,1qnxA,1QNX,2000-10-26,1999-10-25
train,4ddpA,4DDP,2012-02-22,2012-01-19
train,3boeA,3BOE,2008-01-22,2007-12-17
train,1w2wA,1W2W,2004-07-16,2004-07-09
train,2pu3A,2PU3,2008-03-18,2007-05-08
train,2vrsC,2VRS,2009-01-13,2008-04-14
train,3b49A,3B49,2007-11-13,2007-10-23
train,1qcsA,1QCS,1999-05-18,1999-05-14
train,4lq4A,4LQ4,2014-07-02,2013-07-17
train,4jgiA,4JGI,2013-08-07,2013-03-01
train,2abkA,2ABK,1995-10-15,1995-05-11
train,5a5yA,5A5Y,2015-08-05,2015-06-23
train,3f0oB,3F0O,2008-11-11,2008-10-25
train,1ojqA,1OJQ,2003-08-28,2003-07-15
train,1cojA,1COJ,1999-06-14,1999-05-28
train,4h9nC,4H9N,2012-10-10,2012-09-24
train,3f0pA,3F0P,2008-11-11,2008-10-25
train,5a67A,5A67,2015-08-05,2015-06-24
train,3gnuP,3GNU,2009-06-09,2009-03-18
train,4wt3A,4WT3,2015-07-22,2014-10-29
train,1sdiA,1SDI,2004-08-03,2004-02-13
train,3claA,3CLA,1990-10-15,1990-07-09
train,3jsyB,3JSY,2010-05-26,2009-09-11
train,3fhfA,3FHF,2009-05-19,2008-12-09
train,4b2fA,4B2F,2013-05-08,2012-07-15
train,4qtqA,4QTQ,2015-06-17,2014-07-08
train,1vajA,1VAJ,2005-01-25,2004-02-17
train,3st1A,3ST1,2011-11-02,2011-07-08
train,3mqzA,3MQZ,2010-06-23,2010-04-28
train,3da8A,3DA8,2009-05-12,2008-05-28
train,1dzfA,1DZF,2000-06-09,2000-02-25
train,5t76A,5T76,2016-11-30,2016-09-02
train,2ov9C,2OV9,2007-03-13,2007-02-13
train,4fhrB,4FHR,2012-08-22,2012-06-06
train,3kbbA,3KBB,2009-11-17,2009-10-20
train,4dolA,4DOL,2012-05-09,2012-02-09
train,2wnpF,2WNP,2009-12-22,2009-07-16
train,4a3pA,4A3P,2011-11-16,2011-10-03
train,1c1kA,1C1K,2000-02-16,1999-07-22
train,4cbeA,4CBE,2014-04-16,2013-10-13
train,4wzgA,4WZG,2015-06-17,2014-11-19
train,4ea9A,4EA9,2012-04-04,2012-03-22
train,5iffA,5IFF,2016-11-23,2016-02-26
train,3e8tA,3E8T,2008-12-09,2008-08-20
train,5a0nA,5A0N,2015-06-03,2015-04-21
train,2hqkA,2HQK,2007-01-02,2006-07-18
train,2nugB,2NUG,2007-11-20,2006-11-09
train,4fchB,4FCH,2012-08-29,2012-05-24
train,1xtaA,1XTA,2005-12-13,2004-10-21
train,2ahnA,2AHN,2006-10-10,2005-07-28
train,3m4rA,3M4R,2010-04-14,2010-03-11
train,4adnB,4ADN,2012-03-07,2011-12-31
train,1oisA,1OIS,1997-03-12,1996-09-14
train,2hxmA,2HXM,2006-12-05,2006-08-03
train,1kopA,1KOP,1998-12-09,1998-03-22
train,4ljoA,4LJO,2013-10-16,2013-07-05
train,1h99A,1H99,2001-08-28,2001-03-06
train,2dtrA,2DTR,1997-08-20,1996-07-26
train,1zn6A,1ZN6,2005-05-17,2005-05-11
train,4n67A,4N67,2014-09-24,2013-10-11
train,5imuA,5IMU,2017-03-08,2016-03-07
train,2c9iD,2C9I,2007-01-16,2005-12-12
train,2pbkB,2PBK,2007-12-25,2007-03-28
train,3ti2A,3TI2,2011-08-31,2011-08-19
train,1aolA,1AOL,1997-10-15,1997-07-08
train,1t61E,1T61,2004-09-21,2004-05-05
train,3u9gA,3U9G,2012-03-14,2011-10-18
train,3o6pA,3O6P,2010-09-22,2010-07-29
train,1zosC,1ZOS,2006-04-25,2005-05-13
train,4m0qA,4M0Q,2014-03-19,2013-08-01
train,5klhA,5KLH,2017-07-05,2016-06-24
train,1d2tA,1D2T,2000-12-06,1999-09-28
train,1fx4A,1FX4,2001-02-28,2000-09-25
train,3ooiA,3OOI,2010-12-22,2010-08-31
train,3gkjA,3GKJ,2009-07-14,2009-03-10
train,1k7cA,1K7C,2001-12-28,2001-10-19
train,2f5tX,2F5T,2006-02-21,2005-11-27
train,1y6iA,1Y6I,2005-05-31,2004-12-06
train,2jftA,2JFT,2007-07-24,2007-02-04
train,1fczA,1FCZ,2000-09-11,2000-07-19
train,1qwzA,1QWZ,2004-04-06,2003-09-03
train,1qb7A,1QB7,1999-07-21,1999-04-30
train,4bgpA,4BGP,2013-04-24,2013-03-28
train,6fswA,6FSW,2018-03-21,2018-02-20
train,2z0jE,2Z0J,2007-11-13,2007-05-07
train,3bk5A,3BK5,2008-02-05,2007-12-05
train,3lktQ,3LKT,2011-02-23,2010-01-27
train,1hw1B,1HW1,2001-01-24,2001-01-09
train,4p5aA,4P5A,2015-12-09,2014-03-15
train,4bt9B,4BT9,2013-10-09,2013-06-14
train,2r31A,2R31,2008-03-25,2007-08-28
train,1t95A,1T95,2004-06-22,2004-05-14
train,3milA,3MIL,2010-11-24,2010-04-11
train,3nclA,3NCL,2011-02-16,2010-06-04
train,1ql0B,1QL0,2000-05-07,1999-08-18
train,5j3tB,5J3T,2016-05-18,2016-03-31
train,3etoA,3ETO,2008-12-23,2008-10-08
train,1vk1A,1VK1,2004-08-10,2004-04-13
train,3kvdD,3KVD,2010-12-29,2009-11-30
train,4iu3B,4IU3,2013-04-24,2013-01-19
train,4ct7A,4CT7,2014-05-07,2014-03-12
train,2pmkA,2PMK,2008-02-05,2007-04-23
train,3aa6B,3AA6,2010-08-04,2009-11-11
train,2x9oA,2X9O,2011-03-30,2010-03-23
train,3lyfD,3LYF,2010-06-30,2010-02-26
train,1ah7A,1AH7,1997-12-10,1997-04-14
train,2pqxA,2PQX,2007-09-18,2007-05-03
train,3rv1B,3RV1,2011-08-03,2011-05-05
train,3nqiA,3NQI,2010-08-18,2010-06-29
train,2oezB,2OEZ,2007-01-30,2007-01-02
train,4j4rA,4J4R,2013-05-22,2013-02-07
train,3i94A,3I94,2009-10-27,2009-07-10
train,4mzvA,4MZV,2014-08-27,2013-09-30
train,1lfpA,1LFP,2002-06-19,2002-04-11
train,3g3sB,3G3S,2009-02-10,2009-02-02
train,5wvoC,5WVO,2017-11-15,2016-12-28
train,2i5vO,2I5V,2007-12-25,2006-08-25
train,3nyyA,3NYY,2010-09-15,2010-07-15
train,3v68A,3V68,2012-04-18,2011-12-19
train,2d1lA,2D1L,2006-09-12,2005-08-27
train,2wn3C,2WN3,2010-05-26,2009-07-07
train,2phnA,2PHN,2007-05-15,2007-04-11
train,2v4nA,2V4N,2008-12-09,2008-09-26
train,3dhaA,3DHA,2008-07-29,2008-06-17
train,3c8wC,3C8W,2008-02-26,2008-02-13
train,3dd6A,3DD6,2009-02-10,2008-06-05
train,4rswB,4RSW,2015-03-11,2014-11-11
train,5ftwA,5FTW,2016-10-05,2016-01-18
train,4v23A,4V23,2015-02-25,2014-10-05
train,2qdxA,2QDX,2007-10-30,2007-06-21
train,2vmcA,2VMC,2008-07-01,2008-01-25
train,4cfiA,4CFI,2014-12-10,2013-11-18
train,2xjqA,2XJQ,2010-12-15,2010-07-06
train,3dnhB,3DNH,2008-09-02,2008-07-02
train,3a1uA,3A1U,2009-09-22,2009-04-22
train,3lvuD,3LVU,2010-03-02,2010-02-22
train,1oh9A,1OH9,2003-07-31,2003-05-23
train,2jc5A,2JC5,2007-03-06,2006-12-19
train,1qgiA,1QGI,1999-10-25,1999-04-28
train,2wr8A,2WR8,2009-09-22,2009-08-31
train,1v7zF,1V7Z,2004-01-27,2003-12-26
train,2fosA,2FOS,2006-04-04,2006-01-13
train,2wkxA,2WKX,2010-01-12,2009-06-18
train,3rkgA,3RKG,2012-04-18,2011-04-18
train,2z4uA,2Z4U,2008-02-26,2007-06-26
train,2rbkA,2RBK,2008-04-22,2007-09-19
train,1llnA,1LLN,2003-06-17,2002-04-29
train,5heeB,5HEE,2016-06-29,2016-01-06
train,2qiaA,2QIA,2007-10-02,2007-07-03
train,1r5lA,1R5L,2003-11-25,2003-10-10
train,1ig3A,1IG3,2001-04-25,2001-04-16
train,2gg2A,2GG2,2006-06-13,2006-03-23
train,1dj0B,1DJ0,2000-05-31,1999-11-30
train,1pv5A,1PV5,2004-01-20,2003-06-26
train,2z6rA,2Z6R,2007-08-28,2007-08-08
train,2wbfX,2WBF,2009-03-31,2009-02-27
train,5v7mA,5V7M,2018-03-14,2017-03-20
train,2p54A,2P54,2007-04-24,2007-03-14
train,1wuiS,1WUI,2005-12-07,2004-12-07
train,3ho6A,3HO6,2009-06-23,2009-06-01
train,1ssqD,1SSQ,2004-06-01,2004-03-24
train,3ijwA,3IJW,2009-10-13,2009-08-05
train,3hlzB,3HLZ,2009-06-16,2009-05-28
train,3m66A,3M66,2010-05-05,2010-03-15
train,5lpaA,5LPA,2018-01-17,2016-08-12
train,2xmxA,2XMX,2010-12-29,2010-07-29
train,2i2fA,2I2F,2007-08-07,2006-08-16
train,1h8eG,1H8E,2001-08-10,2001-02-02
train,1tdzA,1TDZ,2004-09-07,2004-05-24
train,3lx5A,3LX5,2010-03-09,2010-02-24
train,3dffA,3DFF,2008-07-22,2008-06-11
train,3d4iA,3D4I,2009-03-03,2008-05-14
train,1kgqA,1KGQ,2002-04-03,2001-11-28
train,2v9mA,2V9M,2008-01-15,2007-08-24
train,2gkeA,2GKE,2006-05-16,2006-04-01
train,4yxpA,4YXP,2015-06-17,2015-03-23
train,2v27A,2V27,2007-06-19,2007-06-03
train,1dciC,1DCI,1999-03-30,1998-02-13
train,2r2dA,2R2D,2007-10-09,2007-08-24
train,1k5nA,1K5N,2002-10-30,2001-10-11
train,4phrA,4PHR,2014-08-06,2014-05-06
train,2pq8A,2PQ8,2007-05-15,2007-05-01
train,3rxyA,3RXY,2011-06-22,2011-05-10
train,1bkpA,1BKP,1999-02-02,1998-07-09
train,1t7vA,1T7V,2004-12-21,2004-05-11
train,4gk9A,4GK9,2013-05-08,2012-08-10
train,2dt8A,2DT8,2007-06-19,2006-07-11
train,2zwdA,2ZWD,2009-12-15,2008-12-03
train,4omfB,4OMF,2014-06-11,2014-01-27
train,4xb6H,4XB6,2015-08-19,2014-12-16
train,1yqeA,1YQE,2005-03-15,2005-02-01
train,5oh5A,5OH5,2017-11-22,2017-07-14
train,3fo8D,3FO8,2009-03-10,2008-12-29
train,2i7cC,2I7C,2006-09-12,2006-08-30
train,2vg3C,2VG3,2008-05-06,2007-11-08
train,5jcaS,5JCA,2017-04-12,2016-04-14
train,4lzhA,4LZH,2013-08-21,2013-07-31
train,3ohgA,3OHG,2010-09-08,2010-08-17
train,3f7wA,3F7W,2008-11-25,2008-11-10
train,2p2vA,2P2V,2007-07-10,2007-03-07
train,1vzyB,1VZY,2004-10-06,2004-05-29
train,3t7hB,3T7H,2011-11-23,2011-07-30
train,4gsjA,4GSJ,2012-11-14,2012-08-27
train,4p7xA,4P7X,2014-09-17,2014-03-28
train,1fxoG,1FXO,2000-12-27,2000-09-26
train,2fefB,2FEF,2006-01-31,2005-12-15
train,1nnhA,1NNH,2004-02-03,2003-01-13
train,1lc3A,1LC3,2002-07-17,2002-04-05
train,2rkuA,2RKU,2008-02-05,2007-10-17
train,3q1nA,3Q1N,2011-01-19,2010-12-17
train,5njlA,5NJL,2017-07-05,2017-03-29
train,1hq0A,1HQ0,2001-07-04,2000-12-13
train,3ltiA,3LTI,2010-10-20,2010-02-16
train,4g75A,4G75,2012-09-12,2012-07-20
train,1vkmC,1VKM,2004-06-29,2004-06-09
train,2w39A,2W39,2009-07-21,2008-11-07
train,3g5tA,3G5T,2009-03-03,2009-02-05
train,1rqjA,1RQJ,2004-03-02,2003-12-05
train,1wlgB,1WLG,2004-11-02,2004-06-25
train,2v4bB,2V4B,2008-01-15,2007-06-28
train,3p3gA,3P3G,2011-01-05,2010-10-04
train,2ii1D,2II1,2006-12-05,2006-09-27
train,1d3yB,1D3Y,1999-11-05,1999-10-01
train,1wf3A,1WF3,2004-11-25,2004-05-25
train,5dmuA,5DMU,2015-10-07,2015-09-09
train,1mlwA,1MLW,2002-12-18,2002-08-31
train,3bl9A,3BL9,2008-10-21,2007-12-10
train,3b9qA,3B9Q,2007-12-25,2007-11-06
train,4ngdA,4NGD,2014-03-05,2013-11-01
train,1q74C,1Q74,2003-12-02,2003-08-15
train,2ixmA,2IXM,2006-07-11,2006-07-09
train,5ktsA,5KTS,2016-07-27,2016-07-12
train,2gnoA,2GNO,2006-04-18,2006-04-10
train,2blnB,2BLN,2005-04-08,2005-03-07
train,4p3xA,4P3X,2014-04-02,2014-03-10
train,2h2zA,2H2Z,2007-04-03,2006-05-20
train,2wsiA,2WSI,2010-05-26,2009-09-07
train,1zdyA,1ZDY,2005-06-21,2005-04-15
train,5w53B,5W53,2017-11-29,2017-06-13
train,2hyvA,2HYV,2006-09-05,2006-08-07
train,2o6xA,2O6X,2007-12-18,2006-12-08
train,1ntyA,1NTY,2004-06-29,2003-01-30
train,2v05A,2V05,2008-06-10,2007-05-08
train,1xkgA,1XKG,2005-06-28,2004-09-29
train,1q8fA,1Q8F,2004-05-11,2003-08-21
train,3hdjB,3HDJ,2009-05-19,2009-05-07
train,1hyeA,1HYE,2001-04-18,2001-01-19
train,5exeC,5EXE,2015-12-30,2015-11-23
train,3letB,3LET,2010-04-21,2010-01-15
train,1zpeA,1ZPE,2005-12-06,2005-05-16
train,4ehxA,4EHX,2012-08-29,2012-04-04
train,1qlmA,1QLM,1999-09-20,1999-09-01
train,5iz3B,5IZ3,2016-06-08,2016-03-24
train,4gvqC,4GVQ,2012-10-31,2012-08-31
train,4z9pA,4Z9P,2015-05-20,2015-04-11
train,2ie6A,2IE6,2007-02-06,2006-09-18
train,3q0iA,3Q0I,2010-12-29,2010-12-15
train,1nijA,1NIJ,2003-06-24,2002-12-24
train,1zxxA,1ZXX,2005-11-08,2005-06-09
train,1ig0B,1IG0,2001-06-20,2001-04-16
train,4o87A,4O87,2014-10-15,2013-12-26
train,1ys1X,1YS1,2005-05-17,2005-02-06
train,3e4wB,3E4W,2009-08-18,2008-08-12
train,1yoeA,1YOE,2006-01-17,2005-01-27
train,1r6wA,1R6W,2003-11-25,2003-10-17
train,2yxnA,2YXN,2008-04-29,2007-04-26
train,1v9mA,1V9M,2004-05-04,2004-01-26
train,1tagA,1TAG,1995-02-07,1994-11-23
train,1rm6B,1RM6,2004-12-21,2003-11-27
train,3aprE,3APR,1988-01-16,1987-06-22
train,4xb5A,4XB5,2015-07-15,2014-12-16
train,2q7xA,2Q7X,2007-06-19,2007-06-07
train,1nnsA,1NNS,2003-03-11,2003-01-14
train,3kefB,3KEF,2010-01-12,2009-10-26
train,1y7tB,1Y7T,2005-08-02,2004-12-10
train,3im1A,3IM1,2009-08-25,2009-08-09
train,5muyB,5MUY,2017-05-17,2017-01-14
train,4epiA,4EPI,2012-06-20,2012-04-17
train,3wwhA,3WWH,2015-08-12,2014-06-18
train,1mskA,1MSK,1997-04-01,1996-08-03
train,5op0B,5OP0,2017-11-15,2017-08-09
train,2wltA,2WLT,2009-11-24,2009-06-25
train,2ppvA,2PPV,2007-05-15,2007-04-30
train,3bjdB,3BJD,2007-12-11,2007-12-03
train,2x49A,2X49,2010-03-31,2010-01-28
train,3mfdA,3MFD,2010-05-19,2010-04-01
train,1n7zA,1N7Z,2003-06-10,2002-11-18
train,1wx1B,1WX1,2005-02-01,2005-01-19
train,1zswA,1ZSW,2005-06-07,2005-05-25
train,3dpgB,3DPG,2008-08-19,2008-07-08
train,4mp8A,4MP8,2014-03-05,2013-09-12
train,5ce9A,5CE9,2015-10-28,2015-07-06
train,4xduA,4XDU,2015-10-14,2014-12-20
train,1uxyA,1UXY,1997-04-01,1996-11-08
train,3lpcA,3LPC,2010-12-08,2010-02-05
train,2uxyA,2UXY,2007-04-17,2007-04-02
train,3ezuA,3EZU,2008-11-18,2008-10-23
train,3gs9A,3GS9,2009-04-14,2009-03-26
train,2rdiA,2RDI,2008-06-24,2007-09-24
train,4m37A,4M37,2014-04-23,2013-08-06
train,1vbiA,1VBI,2005-04-19,2004-02-27
train,3sfvB,3SFV,2012-04-18,2011-06-14
train,2bjqA,2BJQ,2005-03-16,2005-02-07
train,1z1lA,1Z1L,2005-06-21,2005-03-04
train,3c2qB,3C2Q,2008-02-05,2008-01-25
train,2oblA,2OBL,2007-01-30,2006-12-19
train,3ib5A,3IB5,2009-08-04,2009-07-15
train,2cxiB,2CXI,2006-09-19,2005-06-29
train,1ux6A,1UX6,2004-03-18,2004-02-19
train,5ukiA,5UKI,2018-02-21,2017-01-22
train,5ws1A,5WS1,2017-01-25,2016-12-04
train,3se9G,3SE9,2011-08-10,2011-06-10
train,3tgtA,3TGT,2012-04-04,2011-08-17
train,4ltyA,4LTY,2014-02-26,2013-07-24
train,4cdpA,4CDP,2013-11-13,2013-11-05
train,1xknA,1XKN,2004-11-16,2004-09-29
train,1xszA,1XSZ,2004-11-02,2004-10-20
train,1l5oA,1L5O,2002-09-07,2002-03-07
train,1m15A,1M15,2002-12-04,2002-06-17
train,1ka1A,1KA1,2001-11-07,2001-10-31
train,3m5qA,3M5Q,2010-04-14,2010-03-12
train,4gv2A,4GV2,2013-06-19,2012-08-30
train,3hfwA,3HFW,2010-05-26,2009-05-13
train,5l0sA,5L0S,2017-08-09,2016-07-28
train,3bqkA,3BQK,2008-06-24,2007-12-20
train,3qc5X,3QC5,2011-08-10,2011-01-15
train,3q1cA,3Q1C,2011-02-23,2010-12-17
train,3oyvA,3OYV,2010-10-20,2010-09-23
train,1kewA,1KEW,2002-01-25,2001-11-17
train,2ra8A,2RA8,2007-09-25,2007-09-14
train,1rgzA,1RGZ,2004-04-06,2003-11-13
train,1m7vA,1M7V,2002-10-30,2002-07-22
train,5g68A,5G68,2016-09-21,2016-06-18
train,3becA,3BEC,2008-08-26,2007-11-16
train,3bptA,3BPT,2008-01-08,2007-12-19
train,2ozlA,2OZL,2007-05-22,2007-02-26
train,2hgxB,2HGX,2006-10-24,2006-06-27
train,1fn9A,1FN9,2001-03-14,2000-08-21
train,1gqeA,1GQE,2002-04-04,2001-11-22
train,3d1gA,3D1G,2008-07-29,2008-05-05
train,3eojA,3EOJ,2009-05-12,2008-09-27
train,1iuqA,1IUQ,2003-10-07,2002-03-06
train,1jq5A,1JQ5,2001-10-01,2001-08-03
train,4jjaA,4JJA,2013-04-03,2013-03-07
train,3gqvA,3GQV,2009-04-07,2009-03-24
train,4rnzA,4RNZ,2015-03-11,2014-10-27
train,5kwbA,5KWB,2017-06-07,2016-07-17
train,4xpzA,4XPZ,2015-03-04,2015-01-18
train,5j47A,5J47,2016-07-20,2016-03-31
train,3eqxA,3EQX,2008-10-14,2008-10-01
train,2jhfB,2JHF,2007-04-24,2007-02-22
train,3ikwA,3IKW,2009-09-29,2009-08-06
train,4eziA,4EZI,2012-06-27,2012-05-02
train,1iomA,1IOM,2003-07-29,2001-03-19
train,4xglA,4XGL,2015-05-13,2014-12-31
train,1lj5A,1LJ5,2002-05-08,2002-04-19
train,3m6zA,3M6Z,2010-08-04,2010-03-16
train,2pnwA,2PNW,2007-05-08,2007-04-25
train,1u6rB,1U6R,2005-08-02,2004-07-30
train,3m7dA,3M7D,2010-08-04,2010-03-16
train,1yu0A,1YU0,2005-09-20,2005-02-11
train,3lduA,3LDU,2010-01-26,2010-01-13
train,1rrmA,1RRM,2004-08-17,2003-12-08
train,2rijA,2RIJ,2007-10-23,2007-10-11
train,1r0kA,1R0K,2004-07-13,2003-09-22
train,1qxoA,1QXO,2003-12-23,2003-09-08
train,3wa1A,3WA1,2014-07-02,2013-04-22
train,4limA,4LIM,2013-12-18,2013-07-02
train,5hkxA,5HKX,2017-01-18,2016-01-14
train,4ghnA,4GHN,2013-03-20,2012-08-08
train,3h1wA,3H1W,2009-05-19,2009-04-14
train,1g38A,1G38,2001-03-05,2000-10-23
train,1svbA,1SVB,1996-06-10,1995-11-27
train,4kk7A,4KK7,2013-06-19,2013-05-05
train,1io1A,1IO1,2001-04-04,2000-12-28
train,3twzA,3TWZ,2012-02-29,2011-09-22
train,3ot9B,3OT9,2010-12-29,2010-09-10
train,1ru4A,1RU4,2004-04-13,2003-12-11
train,1dljA,1DLJ,2000-05-31,1999-12-09
train,1gpjA,1GPJ,2002-01-04,2001-11-05
train,3h1dA,3H1D,2009-12-08,2009-04-11
train,4s39A,4S39,2015-04-29,2015-01-26
train,2au3A,2AU3,2005-11-15,2005-08-26
train,3ll7A,3LL7,2010-02-16,2010-01-28
train,5n0nA,5N0N,2018-02-14,2017-02-03
train,5n0sA,5N0S,2018-02-14,2017-02-03
train,1s9rA,1S9R,2004-04-13,2004-02-05
train,1lwdB,1LWD,2002-11-13,2002-05-31
train,3o04A,3O04,2010-08-04,2010-07-19
train,16pkA,16PK,1998-11-25,1998-05-18
train,1o75A,1O75,2002-11-01,2002-10-23
train,4af1A,4AF1,2013-03-20,2012-01-16
train,5ngdB,5NGD,2017-03-29,2017-03-17
train,3mm6A,3MM6,2010-07-21,2010-04-19
train,1zjcA,1ZJC,2005-06-07,2005-04-28
train,5erqA,5ERQ,2016-05-04,2015-11-15
train,5ertA,5ERT,2016-05-04,2015-11-15
train,5gofA,5GOF,2017-01-25,2016-07-26
train,2e7uA,2E7U,2007-07-17,2007-01-14
train,3d3yA,3D3Y,2008-07-15,2008-05-13
train,2pa6B,2PA6,2007-10-02,2007-03-27
train,3msuB,3MSU,2010-05-26,2010-04-29
train,3bznA,3BZN,2008-05-20,2008-01-18
train,1vclA,1VCL,2004-09-07,2004-03-09
train,1f20A,1F20,2001-10-10,2000-05-22
train,5h2dA,5H2D,2017-05-10,2016-10-14
train,2yjgA,2YJG,2012-05-30,2011-05-19
train,1mv8C,1MV8,2003-05-06,2002-09-24
train,3h5qA,3H5Q,2009-05-26,2009-04-22
train,3zl8A,3ZL8,2013-09-11,2013-01-29
train,3hxwA,3HXW,2009-12-15,2009-06-22
train,1hbnE,1HBN,2001-08-16,2001-04-20
train,4k2mA,4K2M,2013-10-16,2013-04-09
train,4qbuA,4QBU,2014-11-05,2014-05-08
train,2yclA,2YCL,2011-06-08,2011-03-16
train,3vkwA,3VKW,2012-07-11,2011-11-22
train,4y93A,4Y93,2015-03-18,2015-02-16
train,2bf6A,2BF6,2006-03-09,2004-12-04
train,5njcD,5NJC,2017-10-04,2017-03-28
train,2rkvA,2RKV,2007-12-11,2007-10-17
train,2jlqA,2JLQ,2008-11-25,2008-09-15
train,3lk7A,3LK7,2010-02-09,2010-01-27
train,4tkxL,4TKX,2014-12-31,2014-05-28
train,2gwnA,2GWN,2006-06-06,2006-05-04
train,2cb5A,2CB5,2000-03-06,1999-03-02
train,3a3dB,3A3D,2009-12-22,2009-06-12
train,2gg6A,2GG6,2006-08-22,2006-03-23
train,2vlfB,2VLF,2008-08-19,2008-01-14
train,1ewfA,1EWF,2000-06-21,2000-04-25
train,2ex2A,2EX2,2006-06-13,2005-11-07
train,3bhgA,3BHG,2007-12-04,2007-11-28
train,5b1qB,5B1Q,2016-04-20,2015-12-11
train,2wyaA,2WYA,2009-11-24,2009-11-13
train,2pmbC,2PMB,2007-05-08,2007-04-20
train,1p5gX,1P5G,2004-01-20,2003-04-26
train,2xz3A,2XZ3,2011-03-02,2010-11-22
train,1vdkB,1VDK,2004-04-13,2004-03-23
train,3ilwA,3ILW,2009-10-06,2009-08-07
train,3pt1A,3PT1,2010-12-15,2010-12-02
train,5muxB,5MUX,2018-02-14,2017-01-14
train,3danA,3DAN,2008-09-23,2008-05-29
train,2jh3B,2JH3,2007-06-19,2007-02-20
train,1tezB,1TEZ,2004-12-14,2004-05-26
train,1u09A,1U09,2004-08-31,2004-07-13
train,4wywA,4WYW,2015-05-06,2014-11-18
train,3ip4A,3IP4,2009-11-24,2009-08-17
train,1u8vC,1U8V,2004-12-21,2004-08-07
train,5hz7A,5HZ7,2016-05-18,2016-02-02
train,2incA,2INC,2006-11-28,2006-10-06
train,5txrB,5TXR,2018-03-28,2016-11-17
train,3a2qA,3A2Q,2009-11-03,2009-05-26
train,3b4wA,3B4W,2007-11-27,2007-10-24
train,4kctB,4KCT,2014-01-08,2013-04-24
train,1eswA,1ESW,2001-04-11,2000-04-11
train,2d5bA,2D5B,2006-11-28,2005-10-31
train,2qcuB,2QCU,2008-04-15,2007-06-19
train,3e2dA,3E2D,2009-06-16,2008-08-05
train,1gweA,1GWE,2002-04-26,2002-03-15
train,4zacD,4ZAC,2015-06-17,2015-04-13
train,2yp8A,2YP8,2012-11-07,2012-10-29
train,3kd4A,3KD4,2009-11-24,2009-10-22
train,1v0wA,1V0W,2004-06-03,2004-04-02
train,4za9A,4ZA9,2015-06-17,2015-04-13
train,3holA,3HOL,2009-10-06,2009-06-02
train,6b1zA,6B1Z,2017-10-04,2017-09-19
train,1o98A,1O98,2003-05-01,2002-12-11
train,2qp2A,2QP2,2007-09-04,2007-07-22
train,2ehqA,2EHQ,2007-05-01,2007-03-07
train,1hp1A,1HP1,2002-03-20,2000-12-12
train,4djaA,4DJA,2013-04-17,2012-02-01
train,4fc2B,4FC2,2012-06-06,2012-05-23
train,6eofA,6EOF,2017-11-01,2017-10-09
train,4na5A,4NA5,2014-01-29,2013-10-21
train,3jszA,3JSZ,2010-02-02,2009-09-11
train,1sx3A,1SX3,2005-03-01,2004-03-30
train,4mb5A,4MB5,2014-03-19,2013-08-19
train,5h7wB,5H7W,2017-11-22,2016-11-21
train,1wuiL,1WUI,2005-12-07,2004-12-07
train,1llfB,1LLF,2003-01-07,2002-04-28
train,3ni2A,3NI2,2010-09-08,2010-06-14
train,3djlA,3DJL,2008-09-23,2008-06-23
train,3do6A,3DO6,2008-09-02,2008-07-03
train,2dkaA,2DKA,2006-05-16,2006-04-07
train,3crvA,3CRV,2008-06-10,2008-04-07
train,1gntA,1GNT,2002-04-11,2001-10-08
train,1uwkB,1UWK,2004-08-19,2004-02-05
train,3igzB,3IGZ,2009-10-27,2009-07-29
train,4ubpC,4UBP,2000-03-06,1999-02-25
train,2b7rA,2B7R,2006-05-23,2005-10-05
train,2ad6A,2AD6,2006-07-25,2005-07-20
train,1fehA,1FEH,1999-01-13,1998-10-28
train,2py5A,2PY5,2007-07-17,2007-05-15
train,6ao8A,6AO8,2017-08-30,2017-08-15
train,2hhvA,2HHV,2006-12-12,2006-06-28
train,1xwlA,1XWL,1999-01-13,1998-07-22
train,5oriA,5ORI,2017-11-08,2017-08-16
train,5oswA,5OSW,2017-11-08,2017-08-18
train,1f5nA,1F5N,2000-09-27,2000-06-15
train,1g7sA,1G7S,2000-12-06,2000-11-14
train,4d71A,4D71,2015-01-21,2014-11-19
train,2x96A,2X96,2010-06-02,2010-03-14
train,1o0sA,1O0S,2003-07-22,2003-02-24
train,1ikpA,1IKP,2001-12-12,2001-05-04
train,1b25D,1B25,1999-03-24,1998-12-04
train,4yalA,4YAL,2016-03-02,2015-02-17
train,3g06A,3G06,2009-04-07,2009-01-27
train,1g9gA,1G9G,2003-06-24,2000-11-23
train,3l84A,3L84,2010-02-09,2009-12-29
train,5j72A,5J72,2017-02-08,2016-04-05
train,4cjnA,4CJN,2015-02-11,2013-12-21
train,1jnrC,1JNR,2002-02-27,2001-07-25
train,4z3xA,4Z3X,2015-06-24,2015-04-01
train,3wkxA,3WKX,2014-04-30,2013-11-01
train,3ju4A,3JU4,2010-02-02,2009-09-14
train,5jbgA,5JBG,2016-06-01,2016-04-13
train,2xf2A,2XF2,2010-06-16,2010-05-20
train,3wolA,3WOL,2014-09-03,2013-12-29
train,5ltjA,5LTJ,2017-01-25,2016-09-06
train,5m45K,5M45,2017-08-09,2016-10-18
train,2e7zA,2E7Z,2007-02-27,2007-01-15
train,1oaoC,1OAO,2003-04-11,2003-01-20
train,2b0tA,2B0T,2006-01-31,2005-09-14
train,5ul3A,5UL3,2017-04-19,2017-01-24
train,3eh1A,3EH1,2008-10-21,2008-09-11
train,1c96A,1C96,1999-08-12,1999-07-31
train,1h16A,1H16,2002-11-01,2002-07-03
train,3vthA,3VTH,2012-07-04,2012-05-30
train,3p5pA,3P5P,2010-12-29,2010-10-10
train,4oj6C,4OJ6,2014-03-26,2014-01-20
train,4ys0A,4YS0,2015-06-03,2015-03-16
train,3pzwA,3PZW,2011-01-19,2010-12-14
train,4h9mA,4H9M,2012-10-24,2012-09-24
train,2qmjA,2QMJ,2008-01-08,2007-07-16
train,4v4eM,4V4E,2014-07-09,2004-06-02
train,5kdwB,5KDW,2017-01-11,2016-06-08
train,2b3yA,2B3Y,2006-01-10,2005-09-22
train,3ebhA,3EBH,2009-01-27,2008-08-27
train,5kdvA,5KDV,2017-01-11,2016-06-08
train,2vccA,2VCC,2008-03-18,2007-09-19
train,3nciA,3NCI,2011-02-02,2010-06-04
train,3l4pA,3L4P,2010-02-16,2009-12-21
train,1vlbA,1VLB,2004-07-27,2004-07-20
train,1tg7A,1TG7,2004-11-02,2004-05-28
train,1gteD,1GTE,2002-04-11,2002-01-15
train,4aygB,4AYG,2013-07-03,2012-06-21
train,6j33B,6J33,2019-09-18,2019-01-09
train,2po4A,2PO4,2008-04-01,2007-04-25
train,5vz0A,5VZ0,2017-08-16,2017-05-26
train,6qfkA,6QFK,2019-11-06,2019-01-10
train,6supA,6SUP,2019-12-04,2019-09-16
validation,5nazA,5NAZ,2018-09-12,2017-02-28
validation,5w4aB,5W4A,2018-06-13,2017-06-09
validation,5wfyA,5WFY,2018-09-26,2017-07-13
validation,5yrvI,5YRV,2018-09-19,2017-11-10
validation,5z51A,5Z51,2018-11-28,2018-01-16
validation,5zmoA,5ZMO,2018-09-26,2018-04-04
validation,6a9aA,6A9A,2019-01-02,2018-07-12
validation,6atgC,6ATG,2018-09-12,2017-08-29
validation,6bm5A,6BM5,2018-05-23,2017-11-13
validation,6bwqA,6BWQ,2018-06-20,2017-12-15
validation,6cb7A,6CB7,2018-12-12,2018-02-02
validation,6crkG,6CRK,2018-10-24,2018-03-19
validation,6dlmA,6DLM,2018-12-19,2018-06-01
validation,6e33A,6E33,2018-10-24,2018-07-13
validation,6eu8A,6EU8,2018-10-24,2017-10-29
validation,6fc0B,6FC0,2018-06-27,2017-12-20
validation,6gfxC,6GFX,2018-07-11,2018-05-02
validation,6hj6A,6HJ6,2018-10-10,2018-08-31
validation,6irxA,6IRX,2018-12-05,2018-11-14
validation,6mdwA,6MDW,2019-04-10,2018-09-05
validation,5ok6A,5OK6,2018-08-08,2017-07-25
validation,5w82E,5W82,2018-12-26,2017-06-21
validation,5ydnA,5YDN,2018-07-11,2017-09-13
validation,5z1nA,5Z1N,2018-10-17,2017-12-27
validation,5zlqA,5ZLQ,2018-10-10,2018-03-29
validation,6a02A,6A02,2019-02-06,2018-06-05
validation,6as3A,6AS3,2018-08-29,2017-08-23
validation,6bk4A,6BK4,2018-11-07,2017-11-07
validation,6bn0A,6BN0,2018-08-22,2017-11-15
validation,6c0hA,6C0H,2018-09-05,2017-12-31
validation,6ckaB,6CKA,2018-11-14,2018-02-27
validation,6dgkB,6DGK,2018-08-15,2018-05-17
validation,6dnmA,6DNM,2019-01-23,2018-06-07
validation,6e5yA,6E5Y,2018-08-01,2018-07-23
validation,6f45D,6F45,2018-08-01,2017-11-29
validation,6fubB,6FUB,2018-06-13,2018-02-26
validation,6hemA,6HEM,2019-03-27,2018-08-20
validation,6idxA,6IDX,2019-01-23,2018-09-11
validation,6mbgA,6MBG,2018-09-19,2018-08-29
test,6o2vA,6O2V,2019-05-29,2019-02-24
test,7eadA,7EAD,2022-03-09,2021-03-07
test,6uofA,6UOF,2019-11-06,2019-10-14
test,6lusA,6LUS,2020-12-02,2020-01-30
test,6qj0A,6QJ0,2019-07-03,2019-01-22
test,6j56A,6J56,2019-08-21,2019-01-10
test,7ec1A,7EC1,2021-03-24,2021-03-11
test,6xdsA,6XDS,2021-02-17,2020-06-11
test,6xrxA,6XRX,2021-03-24,2020-07-14
test,6q9cB,6Q9C,2019-06-26,2018-12-17
test,6rrvA,6RRV,2019-09-18,2019-05-20
test,7laoA,7LAO,2021-01-20,2021-01-06
test,6l4lA,6L4L,2020-10-21,2019-10-18
test,7asgA,7ASG,2020-12-23,2020-10-27
test,6ktyA,6KTY,2019-10-09,2019-08-29
test,6vjgA,6VJG,2020-09-02,2020-01-15
test,6smsA,6SMS,2021-02-10,2019-08-22
test,6l3rE,6L3R,2020-10-28,2019-10-15
test,7qsuA,7QSU,2022-03-30,2022-01-14
test,7p46A,7P46,2021-10-06,2021-07-09
test,7e2sA,7E2S,2021-08-25,2021-02-07
test,6pxzB,6PXZ,2019-08-28,2019-07-28
test,6ovkR,6OVK,2020-03-04,2019-05-08
test,6ndwB,6NDW,2019-08-14,2018-12-14
test,6pceB,6PCE,2019-10-02,2019-06-17
test,7p41D,7P41,2021-08-18,2021-07-09
test,6h86A,6H86,2019-05-08,2018-08-02
test,7jflC,7JFL,2020-09-09,2020-07-17
test,6iahA,6IAH,2019-08-14,2018-11-26
test,6y2xA,6Y2X,2020-09-02,2020-02-17
test,7nmqA,7NMQ,2021-04-07,2021-02-23
test,6xb3H,6XB3,2020-11-25,2020-06-05
test,6jwhA,6JWH,2019-12-25,2019-04-20
test,6l4pB,6L4P,2020-02-19,2019-10-19
test,6jptA,6JPT,2019-05-29,2019-03-27
test,7a66B,7A66,2022-03-23,2020-08-25
test,6okdC,6OKD,2020-04-15,2019-04-12
test,6in7A,6IN7,2019-07-24,2018-10-24
test,7onnA,7ONN,2021-08-04,2021-05-25
test,6onoC,6ONO,2019-11-27,2019-04-22
test,6d7yA,6D7Y,2019-05-01,2018-04-25
test,6oddB,6ODD,2019-11-27,2019-03-26
test,6p5xB,6P5X,2020-02-26,2019-05-31
test,6tgkC,6TGK,2020-02-26,2019-11-16
test,7dmnA,7DMN,2021-10-06,2020-12-04
test,7lp1A,7LP1,2021-07-28,2021-02-11
test,6l34A,6L34,2020-10-14,2019-10-09
test,7nedA,7NED,2021-02-24,2021-02-03
test,7s86A,7S86,2021-12-29,2021-09-17
test,6l8sA,6L8S,2020-05-27,2019-11-07
test,7bwfB,7BWF,2020-05-20,2020-04-14
test,7aexA,7AEX,2021-06-09,2020-09-18
test,6d7yB,6D7Y,2019-05-01,2018-04-25
test,6e7eA,6E7E,2019-07-10,2018-07-26
test,7k7pB,7K7P,2020-09-30,2020-09-23
test,7buyA,7BUY,2020-04-29,2020-04-08
test,6yhuB,6YHU,2020-04-29,2020-03-31
test,6h49A,6H49,2019-08-28,2018-07-20
test,7aqxA,7AQX,2021-11-03,2020-10-23
test,7c45A,7C45,2021-04-07,2020-05-15
test,6gusA,6GUS,2019-05-29,2018-06-19
test,6q9cA,6Q9C,2019-06-26,2018-12-17
test,7n0jE,7N0J,2022-03-09,2021-05-25
test,6o6yA,6O6Y,2019-07-31,2019-03-07
test,6zslB,6ZSL,2020-07-29,2020-07-15
test,7rm7A,7RM7,2022-03-02,2021-07-26
test,6ypiA,6YPI,2021-04-28,2020-04-16
test,6ro6A,6RO6,2019-10-09,2019-05-10
test,7mf4A,7MF4,2021-07-28,2021-04-08
test,7jrqA,7JRQ,2021-01-13,2020-08-12
test,7wabA,7WAB,2022-01-12,2021-12-14
test,5znjA,5ZNJ,2019-05-29,2018-04-09
test,6pnvA,6PNV,2019-07-17,2019-07-03
test,6rwtA,6RWT,2019-09-18,2019-06-06
test,6oz1A,6OZ1,2020-04-22,2019-05-15
test,6nl2A,6NL2,2020-01-15,2019-01-07
test,6p5hA,6P5H,2020-05-27,2019-05-30
test,6q10A,6Q10,2019-08-14,2019-08-02
test,6jv8A,6JV8,2020-04-22,2019-04-16
test,6lrdA,6LRD,2020-08-26,2020-01-16
test,6tlyA,6TLY,2019-12-25,2019-12-03
test,7la6A,7LA6,2021-01-27,2021-01-05
