method,targets_with_scores,targets_full10,targets_short,targets_without_eligible,n_pending,n_docked,median_delta,mean_delta,before_median_same_targets,before_mean_same_targets,before_median_all,full10_median,full10_mean
boltz2,20,20,0,1,0,200,0.0744999999999995,0.2419999999999999,0.0744999999999995,0.2448999999999999,0.0709999999999997,0.0744999999999995,0.2419999999999999
esmfold2,20,20,0,1,0,200,-0.3799999999999999,0.3940000000000002,-0.3799999999999999,0.3380500000000001,-0.383,-0.3799999999999999,0.3940000000000002
bioemu_refine,20,19,1,1,0,197,-0.5230000000000001,-0.27845,-0.3499999999999996,-0.3609499999999999,-0.4819999999999993,-0.6390000000000002,-0.2926315789473684
bbflow_refine,21,20,1,0,0,209,-0.2410000000000005,-0.0522857142857144,-0.2759999999999998,-0.0338571428571429,-0.2759999999999998,-0.2055000000000002,-0.0001500000000001
confornet_nomsa,21,18,3,0,0,207,-0.1689999999999996,0.6441904761904763,-0.1689999999999996,0.6441904761904763,-0.1689999999999996,-0.3204999999999995,0.6791111111111116
rfd3_fix7,21,21,0,0,0,210,-0.3399999999999998,0.1481904761904763,-0.3189999999999999,0.1158095238095239,-0.3189999999999999,-0.3399999999999998,0.1481904761904763
apo2mol,10,1,9,11,0,30,-0.7370000000000001,-0.9671999999999998,-1.9235,-1.841,-2.417,-0.899,-0.899
prody_rfd3,19,17,2,2,0,176,-0.2339999999999999,0.0889473684210525,-0.4089999999999998,-0.0991052631578946,-0.4089999999999998,-0.282,0.070235294117647
molgen_ns1.0,21,21,0,0,0,210,-0.8609999999999998,-1.105142857142857,-0.8609999999999998,-1.105142857142857,-0.8609999999999998,-0.8609999999999998,-1.105142857142857
rosetta_repack,21,21,0,0,0,210,-0.415,-0.0199999999999999,-0.415,-0.0199999999999999,-0.415,-0.415,-0.0199999999999999
rosetta_fastrelax,21,21,0,0,0,210,-0.3479999999999998,0.2310000000000001,-0.3479999999999998,0.2310000000000001,-0.3479999999999998,-0.3479999999999998,0.2310000000000001
