method,target,n_selected,n_docked,n_pending,best_vina,delta_apo,original_delta_apo,sample_indices,holo_minus_apo
boltz2,p53_Y220C,10,10,0,-5.498,-0.516,-0.516,"0,1,2,3,4,5,6,7,8,9",-2.5249999999999995
boltz2,CB1,10,10,0,-9.545,0.965,0.965,"0,1,2,3,4,5,6,7,8,9",-0.1400000000000005
boltz2,KRAS,10,10,0,-6.594,-1.024,-1.024,"0,1,2,3,4,5,6,7,8,9",-2.4960000000000004
boltz2,cAbl,10,10,0,-10.641,-3.405,-3.405,"1,2,3,6,8,9,10,11,13,14",-3.624
boltz2,HIF2alpha,10,10,0,-5.339,3.324,3.324,"0,1,2,3,4,5,6,7,8,9",0.4749999999999996
boltz2,HIV_RT,10,10,0,-6.502,0.0910000000000001,0.0910000000000001,"0,1,2,3,4,5,6,7,8,9",-5.567
boltz2,HIV1_CA,10,10,0,-7.541,-0.5300000000000002,-0.5300000000000002,"0,1,2,3,4,5,6,7,8,9",-1.6019999999999994
boltz2,Menin,10,10,0,-7.76,-0.6709999999999994,-0.6709999999999994,"0,1,2,3,4,5,6,7,8,9",-0.1869999999999994
boltz2,GCGR,0,0,0,,,-1.08,,-1.407
boltz2,THSR,10,10,0,-8.249,0.8889999999999993,0.8889999999999993,"0,1,2,3,4,5,6,7,8,9",-1.9719999999999995
boltz2,p53_Y220C__4AGQ,10,10,0,-5.99,-0.6120000000000001,-0.6120000000000001,"0,1,2,3,4,5,6,7,8,9",-1.903
boltz2,HIF2alpha__6D0B,10,10,0,-5.185,5.295000000000001,5.295000000000001,"0,1,2,3,4,6,7,8,9,10",0.0500000000000007
boltz2,HIV_RT__3V81,10,10,0,-5.429,0.782,0.782,"0,1,2,3,4,6,7,8,10,11",-3.8089999999999993
boltz2,THSR__7UTZ,10,10,0,-6.238,-0.0740000000000007,-0.0740000000000007,"0,1,2,3,4,5,6,7,8,9",-0.7750000000000004
boltz2,Bcl-xL,10,10,0,-7.625,1.0679999999999996,1.1259999999999994,"0,1,2,3,4,6,8,10,11,16",-0.0519999999999996
boltz2,betaLG,10,10,0,-6.256,-1.9910000000000003,-1.9910000000000003,"0,1,2,3,4,5,6,7,8,9",-3.4030000000000005
boltz2,NDPK-A,10,10,0,-6.088,0.4249999999999998,0.4249999999999998,"0,2,3,4,5,6,7,8,9,10",-1.4320000000000004
boltz2,GLTP,10,10,0,-5.494,-0.3209999999999997,-0.3209999999999997,"0,1,2,3,4,5,6,7,8,9",-0.867
boltz2,SHP2,10,10,0,-7.746,0.9960000000000004,0.9960000000000004,"0,1,3,4,5,6,7,8,9,10",-1.6579999999999997
boltz2,METTL14,10,10,0,-7.474,0.0779999999999994,0.0779999999999994,"0,1,2,4,5,6,7,9,10,11",-2.898
boltz2,FUT8,10,10,0,-8.231,0.0709999999999997,0.0709999999999997,"0,1,2,3,4,5,6,7,8,9",-1.508000000000001
esmfold2,p53_Y220C,10,10,0,-5.58,-0.5979999999999999,-0.5979999999999999,"0,1,2,3,4,5,6,7,8,9",-2.5249999999999995
esmfold2,CB1,10,10,0,-8.623,1.8870000000000005,0.7679999999999989,"0,2,3,4,5,6,7,8,9,10",-0.1400000000000005
esmfold2,KRAS,10,10,0,-5.953,-0.383,-0.383,"0,1,2,3,4,5,6,7,8,9",-2.4960000000000004
esmfold2,cAbl,10,10,0,-9.774,-2.538,-2.538,"0,1,2,3,4,5,6,7,8,9",-3.624
esmfold2,HIF2alpha,10,10,0,-4.175,4.488,4.488,"0,1,2,3,4,5,6,7,8,9",0.4749999999999996
esmfold2,HIV_RT,10,10,0,-6.122,0.4710000000000001,0.4710000000000001,"1,4,5,6,7,8,10,12,13,16",-5.567
esmfold2,HIV1_CA,10,10,0,-8.452,-1.4409999999999998,-1.4409999999999998,"0,1,2,3,4,5,6,7,8,9",-1.6019999999999994
esmfold2,Menin,10,10,0,-7.466,-0.3769999999999998,-0.3769999999999998,"0,1,2,3,4,5,6,7,8,9",-0.1869999999999994
esmfold2,GCGR,0,0,0,,,-0.5220000000000002,,-1.407
esmfold2,THSR,10,10,0,-9.927,-0.7889999999999997,-0.7889999999999997,"0,1,2,3,4,5,6,7,8,9",-1.9719999999999995
esmfold2,p53_Y220C__4AGQ,10,10,0,-5.302,0.0760000000000005,0.0760000000000005,"0,1,2,3,4,5,6,7,8,9",-1.903
esmfold2,HIF2alpha__6D0B,10,10,0,-0.988,9.492,9.492,"0,1,2,3,4,5,6,7,8,9",0.0500000000000007
esmfold2,HIV_RT__3V81,10,10,0,-5.835,0.3760000000000003,0.3760000000000003,"0,1,2,3,4,5,6,7,8,9",-3.8089999999999993
esmfold2,THSR__7UTZ,10,10,0,-6.637,-0.4729999999999998,-0.4729999999999998,"0,2,3,4,5,6,7,8,9,10",-0.7750000000000004
esmfold2,Bcl-xL,10,10,0,-7.626,1.0669999999999993,1.0669999999999993,"0,1,2,3,4,5,7,8,9,10",-0.0519999999999996
esmfold2,betaLG,10,10,0,-5.329,-1.064,-1.064,"0,1,2,3,4,5,6,7,8,9",-3.4030000000000005
esmfold2,NDPK-A,10,10,0,-7.475,-0.9619999999999996,-0.9619999999999996,"0,1,2,3,4,5,6,7,8,9",-1.4320000000000004
esmfold2,GLTP,10,10,0,-5.877,-0.7039999999999997,-0.7039999999999997,"0,1,2,3,4,5,6,7,8,9",-0.867
esmfold2,SHP2,10,10,0,-9.208,-0.4659999999999993,-0.4659999999999993,"0,1,2,3,4,5,6,7,8,9",-1.6579999999999997
esmfold2,METTL14,10,10,0,-7.796,-0.2440000000000006,-0.2440000000000006,"0,1,2,3,4,5,6,7,8,9",-2.898
esmfold2,FUT8,10,10,0,-8.24,0.0619999999999993,0.0619999999999993,"0,1,2,3,4,5,6,7,8,9",-1.508000000000001
bioemu_refine,p53_Y220C,10,10,0,-6.335,-1.3529999999999998,-1.3529999999999998,"0,100,200,300,400,500,600,800,900,1100",-2.5249999999999995
bioemu_refine,CB1,10,10,0,-9.571,0.939,0.1600000000000001,"100,300,400,500,600,700,900,1000,1100,1200",-0.1400000000000005
bioemu_refine,KRAS,10,10,0,-6.682,-1.112,-1.112,"100,200,400,600,1200,1300,1400,1500,1700,1800",-2.4960000000000004
bioemu_refine,cAbl,10,10,0,-9.935,-2.6990000000000007,-2.6990000000000007,"0,100,200,300,400,500,600,800,900,1000",-3.624
bioemu_refine,HIF2alpha,10,10,0,-6.575,2.088,2.732,"0,400,700,800,1100,1400,1500,1600,1700,1900",0.4749999999999996
bioemu_refine,HIV_RT,10,10,0,-7.493,-0.9000000000000004,-0.9000000000000004,"0,100,200,300,400,500,600,700,1100,1300",-5.567
bioemu_refine,HIV1_CA,10,10,0,-7.994,-0.9829999999999997,-0.9829999999999997,"0,100,200,300,400,500,600,700,800,900",-1.6019999999999994
bioemu_refine,Menin,10,10,0,-7.068,0.0210000000000007,0.0210000000000007,"0,100,200,300,500,600,700,800,900,1000",-0.1869999999999994
bioemu_refine,GCGR,0,0,0,,,-0.6020000000000003,,-1.407
bioemu_refine,THSR,10,10,0,-9.545,-0.407,0.5730000000000004,"0,100,400,500,600,800,900,1000,1100,1200",-1.9719999999999995
bioemu_refine,p53_Y220C__4AGQ,10,10,0,-6.851,-1.473,-1.495,"0,100,200,400,500,600,700,800,1100,1300",-1.903
bioemu_refine,HIF2alpha__6D0B,10,10,0,-5.206,5.274,2.4670000000000005,"0,100,200,400,500,600,700,800,1000,1100",0.0500000000000007
bioemu_refine,HIV_RT__3V81,10,10,0,-7.136,-0.9249999999999998,-0.4819999999999993,"0,200,300,400,500,600,700,900,1000,1100",-3.8089999999999993
bioemu_refine,THSR__7UTZ,10,10,0,-6.245,-0.0810000000000004,-0.2179999999999999,"0,100,200,300,600,700,800,1000,1100,1200",-0.7750000000000004
bioemu_refine,Bcl-xL,10,10,0,-8.118,0.5749999999999993,0.3659999999999996,"0,200,300,500,600,700,1100,1200,1400,1500",-0.0519999999999996
bioemu_refine,betaLG,10,10,0,-6.751,-2.4860000000000007,-2.4860000000000007,"100,200,400,500,600,700,800,900,1000,1100",-3.4030000000000005
bioemu_refine,NDPK-A,10,10,0,-7.497,-0.984,-0.984,"0,200,300,900,1100,1300,1400,1500,1800,2200",-1.4320000000000004
bioemu_refine,GLTP,10,10,0,-5.812,-0.6390000000000002,-0.6390000000000002,"0,100,200,300,400,500,600,700,800,900",-0.867
bioemu_refine,SHP2,10,10,0,-9.148,-0.4059999999999988,-0.1689999999999987,"0,200,400,500,800,900,1100,1200,1700,1800",-1.6579999999999997
bioemu_refine,METTL14,7,7,0,-7.561,-0.0090000000000003,-0.0090000000000003,"0,100,200,300,400,500,600",-2.898
bioemu_refine,FUT8,10,10,0,-8.311,-0.0090000000000003,-0.0090000000000003,"0,300,400,500,1000,1100,1300,1400,1900,2000",-1.508000000000001
bbflow_refine,p53_Y220C,10,10,0,-5.227,-0.2450000000000001,-0.2450000000000001,"0,1,2,3,4,5,6,7,8,9",-2.5249999999999995
bbflow_refine,CB1,10,10,0,-9.685,0.8249999999999993,0.6899999999999995,"1,2,4,6,8,12,14,16,17,18",-0.1400000000000005
bbflow_refine,KRAS,10,10,0,-7.577,-2.007,-0.7839999999999998,"0,2,3,4,6,7,8,9,12,13",-2.4960000000000004
bbflow_refine,cAbl,10,10,0,-10.26,-3.024,-3.024,"0,4,6,8,9,10,11,13,14,15",-3.624
bbflow_refine,HIF2alpha,10,10,0,-4.713,3.95,3.95,"0,1,2,3,4,5,6,7,8,9",0.4749999999999996
bbflow_refine,HIV_RT,10,10,0,-6.952,-0.359,-0.359,"0,1,2,3,5,6,7,8,10,13",-5.567
bbflow_refine,HIV1_CA,10,10,0,-6.875,0.1360000000000001,0.1360000000000001,"0,1,2,3,4,5,6,7,8,9",-1.6019999999999994
bbflow_refine,Menin,10,10,0,-6.487,0.6020000000000003,0.2400000000000002,"0,2,3,5,6,7,9,10,11,12",-0.1869999999999994
bbflow_refine,GCGR,9,9,0,-4.752,-1.0949999999999998,-1.043,"0,7,11,12,16,20,22,24,28",-1.407
bbflow_refine,THSR,10,10,0,-10.76,-1.622,-1.622,"0,1,3,4,5,6,7,8,9,10",-1.9719999999999995
bbflow_refine,p53_Y220C__4AGQ,10,10,0,-5.733,-0.3549999999999995,-0.3549999999999995,"0,1,2,3,4,5,6,7,8,9",-1.903
bbflow_refine,HIF2alpha__6D0B,10,10,0,-5.751,4.729,4.729,"0,1,3,4,5,6,7,8,9,11",0.0500000000000007
bbflow_refine,HIV_RT__3V81,10,10,0,-6.291,-0.08,-0.2759999999999998,"0,1,2,3,4,5,7,9,10,12",-3.8089999999999993
bbflow_refine,THSR__7UTZ,10,10,0,-6.405,-0.2410000000000005,-0.3290000000000006,"0,3,4,5,7,8,10,11,12,13",-0.7750000000000004
bbflow_refine,Bcl-xL,10,10,0,-8.537,0.1559999999999988,0.3019999999999996,"0,1,2,3,4,5,6,8,9,10",-0.0519999999999996
bbflow_refine,betaLG,10,10,0,-5.839,-1.5740000000000007,-1.5740000000000007,"1,2,4,5,6,7,8,9,10,11",-3.4030000000000005
bbflow_refine,NDPK-A,10,10,0,-7.123,-0.6100000000000003,-0.6100000000000003,"0,1,2,3,4,5,6,7,8,9",-1.4320000000000004
bbflow_refine,GLTP,10,10,0,-4.899,0.274,-0.407,"0,1,3,4,5,6,7,8,9,10",-0.867
bbflow_refine,SHP2,10,10,0,-8.912,-0.1699999999999999,-0.1829999999999998,"0,2,3,6,8,10,11,13,14,15",-1.6579999999999997
bbflow_refine,METTL14,10,10,0,-7.688,-0.1360000000000001,0.3049999999999997,"0,2,3,5,7,8,10,11,14,18",-2.898
bbflow_refine,FUT8,10,10,0,-8.554,-0.2520000000000006,-0.2520000000000006,"0,2,3,5,6,7,8,10,13,15",-1.508000000000001
confornet_nomsa,p53_Y220C,10,10,0,-6.222,-1.2400000000000002,-1.2400000000000002,"0,1,2,3,4,5,6,7,8,9",-2.5249999999999995
confornet_nomsa,CB1,10,10,0,-3.465,7.045,7.045,"0,1,2,3,4,5,6,7,8,9",-0.1400000000000005
confornet_nomsa,KRAS,10,10,0,-6.336,-0.766,-0.766,"0,1,2,3,4,5,6,7,8,9",-2.4960000000000004
confornet_nomsa,cAbl,10,10,0,-9.245,-2.0089999999999995,-2.0089999999999995,"0,1,2,3,4,5,6,7,8,9",-3.624
confornet_nomsa,HIF2alpha,10,10,0,-6.717,1.9460000000000008,1.9460000000000008,"0,1,2,3,4,5,6,7,8,9",0.4749999999999996
confornet_nomsa,HIV_RT,9,9,0,-7.434,-0.8410000000000002,-0.8410000000000002,"0,1,2,3,4,5,6,7,9",-5.567
confornet_nomsa,HIV1_CA,10,10,0,-7.18,-0.1689999999999996,-0.1689999999999996,"0,1,2,3,4,5,6,7,8,9",-1.6019999999999994
confornet_nomsa,Menin,10,10,0,-8.03,-0.940999999999999,-0.940999999999999,"0,1,2,3,4,5,6,7,8,9",-0.1869999999999994
confornet_nomsa,GCGR,10,10,0,-3.566,0.0910000000000001,0.0910000000000001,"0,1,2,3,4,5,6,7,8,9",-1.407
confornet_nomsa,THSR,9,9,0,-8.015,1.122999999999999,1.122999999999999,"0,1,2,3,4,5,6,8,9",-1.9719999999999995
confornet_nomsa,p53_Y220C__4AGQ,10,10,0,-5.519,-0.141,-0.141,"0,1,2,3,4,5,6,7,8,9",-1.903
confornet_nomsa,HIF2alpha__6D0B,10,10,0,-0.139,10.341,10.341,"0,1,2,3,4,5,6,7,8,9",0.0500000000000007
confornet_nomsa,HIV_RT__3V81,10,10,0,-6.683,-0.4719999999999995,-0.4719999999999995,"0,1,2,3,4,5,6,7,8,9",-3.8089999999999993
confornet_nomsa,THSR__7UTZ,9,9,0,-5.142,1.0219999999999994,1.0219999999999994,"0,1,2,3,4,5,6,8,9",-0.7750000000000004
confornet_nomsa,Bcl-xL,10,10,0,-6.999,1.694,1.694,"0,1,2,3,4,100,101,102,103,104",-0.0519999999999996
confornet_nomsa,betaLG,10,10,0,-6.304,-2.0390000000000006,-2.0390000000000006,"0,1,2,3,4,100,101,102,103,104",-3.4030000000000005
confornet_nomsa,NDPK-A,10,10,0,-7.007,-0.4939999999999998,-0.4939999999999998,"0,1,2,3,4,100,101,102,103,104",-1.4320000000000004
confornet_nomsa,GLTP,10,10,0,-6.036,-0.8629999999999995,-0.8629999999999995,"0,1,2,3,4,100,101,102,103,104",-0.867
confornet_nomsa,SHP2,10,10,0,-8.08,0.6620000000000008,0.6620000000000008,"0,1,2,3,4,100,101,102,103,104",-1.6579999999999997
confornet_nomsa,METTL14,10,10,0,-8.997,-1.4450000000000005,-1.4450000000000005,"0,1,2,3,4,100,101,102,103,104",-2.898
confornet_nomsa,FUT8,10,10,0,-7.278,1.024,1.024,"0,1,2,3,4,100,101,102,103,104",-1.508000000000001
rfd3_fix7,p53_Y220C,10,10,0,-5.669,-0.6869999999999994,-0.6869999999999994,"0,1,2,3,4,100,101,102,103,104",-2.5249999999999995
rfd3_fix7,CB1,10,10,0,-9.439,1.0709999999999995,1.0709999999999995,"0,1,2,3,4,100,101,102,103,104",-0.1400000000000005
rfd3_fix7,KRAS,10,10,0,-6.565,-0.995,-0.995,"1,2,3,4,100,101,102,103,104,200",-2.4960000000000004
rfd3_fix7,cAbl,10,10,0,-8.665,-1.4289999999999994,-1.4289999999999994,"0,1,2,3,4,100,101,102,103,104",-3.624
rfd3_fix7,HIF2alpha,10,10,0,-4.486,4.1770000000000005,4.1770000000000005,"0,1,2,3,4,100,101,103,104,201",0.4749999999999996
rfd3_fix7,HIV_RT,10,10,0,-6.594,-0.0010000000000003,-0.0739999999999998,"0,1,3,100,101,102,103,203,300,302",-5.567
rfd3_fix7,HIV1_CA,10,10,0,-7.497,-0.4859999999999997,-0.4859999999999997,"0,1,2,3,4,100,101,102,103,104",-1.6019999999999994
rfd3_fix7,Menin,10,10,0,-7.145,-0.0559999999999991,-0.0559999999999991,"0,2,3,4,100,102,103,104,200,201",-0.1869999999999994
rfd3_fix7,GCGR,10,10,0,-4.121,-0.4640000000000004,-0.4640000000000004,"1,2,4,100,102,103,104,200,201,202",-1.407
rfd3_fix7,THSR,10,10,0,-10.22,-1.0820000000000007,-1.0820000000000007,"0,1,2,3,4,100,101,102,103,104",-1.9719999999999995
rfd3_fix7,p53_Y220C__4AGQ,10,10,0,-5.648,-0.2699999999999996,-0.2699999999999996,"0,1,2,3,4,100,101,102,103,104",-1.903
rfd3_fix7,HIF2alpha__6D0B,10,10,0,-4.791,5.689,5.775,"0,3,100,101,102,104,200,201,202,300",0.0500000000000007
rfd3_fix7,HIV_RT__3V81,10,10,0,-6.53,-0.3189999999999999,-0.3189999999999999,"0,1,2,3,4,100,101,102,103,104",-3.8089999999999993
rfd3_fix7,THSR__7UTZ,10,10,0,-6.896,-0.7320000000000002,-0.7320000000000002,"0,1,2,3,4,100,101,102,103,104",-0.7750000000000004
rfd3_fix7,Bcl-xL,10,10,0,-9.382,-0.6890000000000001,-0.6890000000000001,"0,1,2,3,4,100,101,102,104,200",-0.0519999999999996
rfd3_fix7,betaLG,10,10,0,-5.623,-1.3580000000000003,-1.3580000000000003,"0,1,2,3,4,101,102,103,104,200",-3.4030000000000005
rfd3_fix7,NDPK-A,10,10,0,-6.907,-0.3940000000000001,-0.7240000000000002,"0,2,4,100,101,200,201,202,203,204",-1.4320000000000004
rfd3_fix7,GLTP,10,10,0,-5.427,-0.2539999999999995,-0.2539999999999995,"0,1,2,3,4,100,101,102,103,104",-0.867
rfd3_fix7,SHP2,10,10,0,-7.803,0.939000000000001,0.939000000000001,"0,2,3,4,100,101,102,103,104,200",-1.6579999999999997
rfd3_fix7,METTL14,10,10,0,-6.76,0.7919999999999998,-0.0130000000000007,"1,3,4,100,104,200,201,202,203,204",-2.898
rfd3_fix7,FUT8,10,10,0,-8.642,-0.3399999999999998,0.1020000000000003,"0,3,4,100,102,104,204,301,303,401",-1.508000000000001
apo2mol,p53_Y220C,1,1,0,-6.668,-1.686,-2.587,20,-2.5249999999999995
apo2mol,CB1,0,0,0,,,0.0129999999999999,,-0.1400000000000005
apo2mol,KRAS,0,0,0,,,-3.5730000000000004,,-2.4960000000000004
apo2mol,cAbl,1,1,0,-9.338,-2.1019999999999994,-3.658,25,-3.624
apo2mol,HIF2alpha,2,2,0,-7.551,1.112,0.1959999999999997,"18,28",0.4749999999999996
apo2mol,HIV_RT,0,0,0,,,-5.106,,-5.567
apo2mol,HIV1_CA,1,1,0,-7.586,-0.5750000000000002,-2.4370000000000003,10,-1.6019999999999994
apo2mol,Menin,0,0,0,,,-1.206999999999999,,-0.1869999999999994
apo2mol,GCGR,0,0,0,,,-0.3940000000000001,,-1.407
apo2mol,THSR,0,0,0,,,-2.494,,-1.9719999999999995
apo2mol,p53_Y220C__4AGQ,1,1,0,-7.196,-1.818,-2.417,6,-1.903
apo2mol,HIF2alpha__6D0B,0,0,0,,,0.6300000000000008,,0.0500000000000007
apo2mol,HIV_RT__3V81,0,0,0,,,-4.602,,-3.8089999999999993
apo2mol,THSR__7UTZ,2,2,0,-6.458,-0.2940000000000005,-0.5440000000000005,"20,24",-0.7750000000000004
apo2mol,Bcl-xL,0,0,0,,,-1.4580000000000002,,-0.0519999999999996
apo2mol,betaLG,4,4,0,-6.897,-2.632000000000001,-4.287,"5,7,15,19",-3.4030000000000005
apo2mol,NDPK-A,7,7,0,-6.945,-0.4320000000000004,-0.4320000000000004,"0,3,5,11,13,16,19",-1.4320000000000004
apo2mol,GLTP,10,10,0,-6.072,-0.899,-1.4299999999999995,"0,2,3,4,6,7,8,11,12,14",-0.867
apo2mol,SHP2,1,1,0,-9.088,-0.3459999999999983,-0.8139999999999983,5,-1.6579999999999997
apo2mol,METTL14,0,0,0,,,-4.220000000000001,,-2.898
apo2mol,FUT8,0,0,0,,,-2.681000000000001,,-1.508000000000001
prody_rfd3,p53_Y220C,10,10,0,-5.515,-0.5329999999999995,-0.5329999999999995,"0,1,2,3,4,5,6,7,8,9",-2.5249999999999995
prody_rfd3,CB1,10,10,0,-10.189,0.3209999999999997,0.5679999999999996,"2,4,5,6,12,13,14,15,20,21",-0.1400000000000005
prody_rfd3,KRAS,10,10,0,-6.722,-1.152,-1.152,"0,1,2,3,4,5,6,7,8,9",-2.4960000000000004
prody_rfd3,cAbl,10,10,0,-8.335,-1.099000000000001,-1.099000000000001,"0,1,2,3,5,6,7,8,9,10",-3.624
prody_rfd3,HIF2alpha,10,10,0,-5.291,3.372,1.8130000000000008,"1,2,4,5,9,10,12,13,14,17",0.4749999999999996
prody_rfd3,HIV_RT,4,4,0,-6.613,-0.0200000000000004,-0.4429999999999996,"2,4,6,8",-5.567
prody_rfd3,HIV1_CA,10,10,0,-7.584,-0.5729999999999995,-0.5729999999999995,"0,1,2,3,5,6,7,8,9,10",-1.6019999999999994
prody_rfd3,Menin,10,10,0,-7.498,-0.4089999999999998,-0.4089999999999998,"0,1,2,3,4,5,6,7,8,9",-0.1869999999999994
prody_rfd3,GCGR,0,0,0,,,-1.3499999999999996,,-1.407
prody_rfd3,THSR,10,10,0,-10.096,-0.9580000000000002,-0.9580000000000002,"0,1,2,3,4,5,6,7,8,9",-1.9719999999999995
prody_rfd3,p53_Y220C__4AGQ,10,10,0,-5.612,-0.2339999999999999,-0.2339999999999999,"0,1,2,3,4,5,6,7,8,9",-1.903
prody_rfd3,HIF2alpha__6D0B,10,10,0,-5.797,4.683000000000001,4.026000000000001,"1,2,4,5,9,10,12,13,14,17",0.0500000000000007
prody_rfd3,HIV_RT__3V81,10,10,0,-6.416,-0.205,-0.205,"0,1,2,3,4,5,6,7,8,9",-3.8089999999999993
prody_rfd3,THSR__7UTZ,10,10,0,-6.359,-0.1950000000000002,-0.1950000000000002,"0,1,2,3,4,5,6,7,8,9",-0.7750000000000004
prody_rfd3,Bcl-xL,10,10,0,-9.298,-0.6050000000000004,-0.6050000000000004,"0,1,2,3,4,5,6,7,8,9",-0.0519999999999996
prody_rfd3,betaLG,10,10,0,-5.116,-0.851,-0.9460000000000006,"1,3,4,7,9,10,11,14,16,17",-3.4030000000000005
prody_rfd3,NDPK-A,10,10,0,-6.677,-0.1639999999999997,-0.1639999999999997,"0,1,2,4,5,6,7,8,9,10",-1.4320000000000004
prody_rfd3,GLTP,10,10,0,-5.455,-0.282,-0.4939999999999998,"0,1,2,3,4,5,7,8,9,10",-0.867
prody_rfd3,SHP2,2,2,0,-8.226,0.516,-0.3579999999999987,"10,16",-1.6579999999999997
prody_rfd3,METTL14,10,10,0,-7.474,0.0779999999999994,0.0779999999999994,"0,1,2,3,4,5,6,7,8,9",-2.898
prody_rfd3,FUT8,0,0,0,,,-0.0809999999999995,,-1.508000000000001
molgen_ns1.0,p53_Y220C,10,10,0,-7.955,-2.973,-2.973,"0,1,2,3,4,5,6,7,9,10",-2.5249999999999995
molgen_ns1.0,CB1,10,10,0,-9.845,0.6649999999999991,0.6649999999999991,"0,1,2,3,4,5,6,7,8,9",-0.1400000000000005
molgen_ns1.0,KRAS,10,10,0,-10.27,-4.699999999999999,-4.699999999999999,"0,1,2,3,4,5,6,7,8,9",-2.4960000000000004
molgen_ns1.0,cAbl,10,10,0,-11.18,-3.944,-3.944,"0,1,2,3,4,5,6,7,8,9",-3.624
molgen_ns1.0,HIF2alpha,10,10,0,-7.924,0.7389999999999999,0.7389999999999999,"0,1,2,3,4,5,6,7,8,9",0.4749999999999996
molgen_ns1.0,HIV_RT,10,10,0,-9.598,-3.005000000000001,-3.005000000000001,"0,1,2,3,4,5,6,7,8,9",-5.567
molgen_ns1.0,HIV1_CA,10,10,0,-10.76,-3.749,-3.749,"0,1,2,3,4,5,6,9,10,11",-1.6019999999999994
molgen_ns1.0,Menin,10,10,0,-8.362,-1.2729999999999997,-1.2729999999999997,"0,1,2,4,5,6,7,8,9,10",-0.1869999999999994
molgen_ns1.0,GCGR,10,10,0,-4.518,-0.8609999999999998,-0.8609999999999998,"0,1,2,3,4,5,6,7,8,9",-1.407
molgen_ns1.0,THSR,10,10,0,-10.53,-1.3919999999999997,-1.3919999999999997,"0,1,2,3,4,5,6,7,8,9",-1.9719999999999995
molgen_ns1.0,p53_Y220C__4AGQ,10,10,0,-8.385,-3.007,-3.007,"0,1,2,3,4,5,6,7,8,9",-1.903
molgen_ns1.0,HIF2alpha__6D0B,10,10,0,-8.87,1.6100000000000012,1.6100000000000012,"0,1,2,3,4,5,6,7,8,9",0.0500000000000007
molgen_ns1.0,HIV_RT__3V81,10,10,0,-9.145,-2.9339999999999997,-2.934,"0,1,2,3,4,5,6,7,8,9",-3.8089999999999993
molgen_ns1.0,THSR__7UTZ,10,10,0,-6.297,-0.133,-0.133,"0,1,2,3,4,5,6,7,8,9",-0.7750000000000004
molgen_ns1.0,Bcl-xL,10,10,0,-7.77,0.923,0.923,"0,1,2,3,4,5,6,7,8,9",-0.0519999999999996
molgen_ns1.0,betaLG,10,10,0,-5.433,-1.168,-1.168,"0,1,2,3,4,5,6,7,8,9",-3.4030000000000005
molgen_ns1.0,NDPK-A,10,10,0,-6.021,0.492,0.492,"1,2,3,4,5,6,7,8,9,10",-1.4320000000000004
molgen_ns1.0,GLTP,10,10,0,-5.905,-0.7320000000000002,-0.7320000000000002,"0,1,2,3,4,5,6,7,8,9",-0.867
molgen_ns1.0,SHP2,10,10,0,-8.1,0.6420000000000012,0.6420000000000012,"0,1,2,3,4,5,6,7,8,9",-1.6579999999999997
molgen_ns1.0,METTL14,10,10,0,-7.159,0.3929999999999998,0.3929999999999998,"0,1,2,3,4,5,6,7,8,9",-2.898
molgen_ns1.0,FUT8,10,10,0,-7.103,1.1989999999999998,1.1989999999999998,"0,1,2,4,5,6,7,8,9,10",-1.508000000000001
rosetta_repack,p53_Y220C,10,10,0,-5.487,-0.5049999999999999,-0.5049999999999999,"0,1,2,3,4,5,6,7,8,9",-2.5249999999999995
rosetta_repack,CB1,10,10,0,-9.995,0.5150000000000006,0.5150000000000006,"0,1,2,3,4,5,6,7,8,9",-0.1400000000000005
rosetta_repack,KRAS,10,10,0,-6.366,-0.7959999999999994,-0.7959999999999994,"0,1,2,3,4,5,6,7,8,9",-2.4960000000000004
rosetta_repack,cAbl,10,10,0,-8.461,-1.2250000000000003,-1.2250000000000003,"0,1,2,3,4,5,6,7,8,9",-3.624
rosetta_repack,HIF2alpha,10,10,0,-6.058,2.6050000000000004,2.6050000000000004,"0,1,2,3,4,5,6,7,8,9",0.4749999999999996
rosetta_repack,HIV_RT,10,10,0,-7.008,-0.415,-0.415,"0,1,2,3,4,5,6,7,8,9",-5.567
rosetta_repack,HIV1_CA,10,10,0,-6.506,0.5049999999999999,0.5049999999999999,"0,1,2,3,4,5,6,7,8,9",-1.6019999999999994
rosetta_repack,Menin,10,10,0,-7.297,-0.2079999999999993,-0.2079999999999993,"0,1,2,3,4,5,6,7,8,9",-0.1869999999999994
rosetta_repack,GCGR,10,10,0,-4.47,-0.8129999999999997,-0.8129999999999997,"0,1,2,3,4,5,6,7,8,9",-1.407
rosetta_repack,THSR,10,10,0,-10.221,-1.0830000000000002,-1.0830000000000002,"0,1,2,3,4,5,6,7,8,9",-1.9719999999999995
rosetta_repack,p53_Y220C__4AGQ,10,10,0,-5.247,0.1310000000000002,0.1310000000000002,"0,1,2,3,4,5,6,7,8,9",-1.903
rosetta_repack,HIF2alpha__6D0B,10,10,0,-7.073,3.407,3.407,"0,1,2,3,4,5,6,7,8,9",0.0500000000000007
rosetta_repack,HIV_RT__3V81,10,10,0,-6.722,-0.5110000000000001,-0.5110000000000001,"0,1,2,3,4,5,6,7,8,9",-3.8089999999999993
rosetta_repack,THSR__7UTZ,10,10,0,-6.732,-0.5680000000000005,-0.5680000000000005,"0,1,2,3,4,5,6,7,8,9",-0.7750000000000004
rosetta_repack,Bcl-xL,10,10,0,-9.459,-0.766,-0.766,"0,1,2,3,4,5,6,7,8,9",-0.0519999999999996
rosetta_repack,betaLG,10,10,0,-4.926,-0.6610000000000005,-0.6610000000000005,"0,1,2,3,4,5,6,7,8,9",-3.4030000000000005
rosetta_repack,NDPK-A,10,10,0,-6.387,0.1260000000000003,0.1260000000000003,"0,1,2,3,4,5,6,7,8,9",-1.4320000000000004
rosetta_repack,GLTP,10,10,0,-5.681,-0.508,-0.508,"0,1,2,3,4,5,6,7,8,9",-0.867
rosetta_repack,SHP2,10,10,0,-8.317,0.4250000000000007,0.4250000000000007,"0,1,2,3,4,5,6,7,8,9",-1.6579999999999997
rosetta_repack,METTL14,10,10,0,-7.692,-0.1400000000000005,-0.1400000000000005,"0,1,2,3,4,5,6,7,8,9",-2.898
rosetta_repack,FUT8,10,10,0,-8.237,0.0649999999999995,0.0649999999999995,"0,1,2,3,4,5,6,7,8,9",-1.508000000000001
rosetta_fastrelax,p53_Y220C,10,10,0,-4.741,0.2410000000000005,0.2410000000000005,"0,1,2,3,4,5,6,7,8,9",-2.5249999999999995
rosetta_fastrelax,CB1,10,10,0,-9.174,1.3360000000000003,1.3360000000000003,"0,1,2,3,4,5,6,7,8,9",-0.1400000000000005
rosetta_fastrelax,KRAS,10,10,0,-6.104,-0.5339999999999998,-0.5339999999999998,"0,1,2,3,4,5,6,7,8,9",-2.4960000000000004
rosetta_fastrelax,cAbl,10,10,0,-8.868,-1.6320000000000006,-1.6320000000000006,"0,1,2,3,4,5,6,7,8,9",-3.624
rosetta_fastrelax,HIF2alpha,10,10,0,-4.921,3.742,3.742,"0,1,2,3,4,5,6,7,8,9",0.4749999999999996
rosetta_fastrelax,HIV_RT,10,10,0,-6.941,-0.3479999999999998,-0.3479999999999998,"0,1,2,3,4,5,6,7,8,9",-5.567
rosetta_fastrelax,HIV1_CA,10,10,0,-7.087,-0.0759999999999996,-0.0759999999999996,"0,1,2,3,4,5,6,7,8,9",-1.6019999999999994
rosetta_fastrelax,Menin,10,10,0,-7.548,-0.4589999999999996,-0.4589999999999996,"0,1,2,3,4,5,6,7,8,9",-0.1869999999999994
rosetta_fastrelax,GCGR,10,10,0,-4.941,-1.2839999999999998,-1.2839999999999998,"0,1,2,3,4,5,6,7,8,9",-1.407
rosetta_fastrelax,THSR,10,10,0,-9.512,-0.3740000000000005,-0.3740000000000005,"0,1,2,3,4,5,6,7,8,9",-1.9719999999999995
rosetta_fastrelax,p53_Y220C__4AGQ,10,10,0,-5.491,-0.1129999999999995,-0.1129999999999995,"0,1,2,3,4,5,6,7,8,9",-1.903
rosetta_fastrelax,HIF2alpha__6D0B,10,10,0,-4.039,6.441000000000001,6.441000000000001,"0,1,2,3,4,5,6,7,8,9",0.0500000000000007
rosetta_fastrelax,HIV_RT__3V81,10,10,0,-6.715,-0.5039999999999996,-0.5039999999999996,"0,1,2,3,4,5,6,7,8,9",-3.8089999999999993
rosetta_fastrelax,THSR__7UTZ,10,10,0,-6.567,-0.4030000000000004,-0.4030000000000004,"0,1,2,3,4,5,6,7,8,9",-0.7750000000000004
rosetta_fastrelax,Bcl-xL,10,10,0,-8.508,0.1850000000000005,0.1850000000000005,"0,1,2,3,4,5,6,7,8,9",-0.0519999999999996
rosetta_fastrelax,betaLG,10,10,0,-5.183,-0.918,-0.918,"0,1,2,3,4,5,6,7,8,9",-3.4030000000000005
rosetta_fastrelax,NDPK-A,10,10,0,-7.23,-0.7170000000000005,-0.7170000000000005,"0,1,2,3,4,5,6,7,8,9",-1.4320000000000004
rosetta_fastrelax,GLTP,10,10,0,-5.296,-0.1230000000000002,-0.1230000000000002,"0,1,2,3,4,5,6,7,8,9",-0.867
rosetta_fastrelax,SHP2,10,10,0,-9.231,-0.488999999999999,-0.488999999999999,"0,1,2,3,4,5,6,7,8,9",-1.6579999999999997
rosetta_fastrelax,METTL14,10,10,0,-7.091,0.4609999999999994,0.4609999999999994,"0,1,2,3,4,5,6,7,8,9",-2.898
rosetta_fastrelax,FUT8,10,10,0,-7.883,0.4189999999999996,0.4189999999999996,"0,1,2,3,4,5,6,7,8,9",-1.508000000000001
