method,target,holo_release,tier1,cumulative
boltz2,HIV_RT,2000-11-03,0,0
boltz2,betaLG,2002-06-13,0,0
boltz2,cAbl,2006-03-21,1,1
boltz2,NDPK-A,2006-09-19,0,1
boltz2,GLTP,2006-11-14,1,2
boltz2,Bcl-xL,2007-05-22,0,2
boltz2,HIF2alpha,2010-01-12,0,2
boltz2,HIV_RT__3V81,2012-01-18,1,3
boltz2,p53_Y220C__4AGQ,2012-03-21,1,4
boltz2,p53_Y220C,2013-05-08,0,4
boltz2,GCGR,2016-04-20,1,5
boltz2,HIF2alpha__6D0B,2018-10-31,0,5
boltz2,KRAS,2019-11-06,0,5
boltz2,Menin,2022-07-27,1,6
boltz2,HIV1_CA,2022-07-27,1,7
boltz2,THSR__7UTZ,2022-08-03,0,7
boltz2,THSR,2022-08-24,0,7
boltz2,SHP2,2024-03-20,1,8
boltz2,CB1,2025-03-05,0,8
boltz2,FUT8,2026-01-07,0,8
boltz2,METTL14,2026-03-18,0,8
esmfold2,HIV_RT,2000-11-03,0,0
esmfold2,betaLG,2002-06-13,0,0
esmfold2,cAbl,2006-03-21,1,1
esmfold2,NDPK-A,2006-09-19,1,2
esmfold2,GLTP,2006-11-14,1,3
esmfold2,Bcl-xL,2007-05-22,1,4
esmfold2,HIF2alpha,2010-01-12,1,5
esmfold2,HIV_RT__3V81,2012-01-18,1,6
esmfold2,p53_Y220C__4AGQ,2012-03-21,1,7
esmfold2,p53_Y220C,2013-05-08,0,7
esmfold2,GCGR,2016-04-20,0,7
esmfold2,HIF2alpha__6D0B,2018-10-31,1,8
esmfold2,KRAS,2019-11-06,1,9
esmfold2,Menin,2022-07-27,1,10
esmfold2,HIV1_CA,2022-07-27,1,11
esmfold2,THSR__7UTZ,2022-08-03,1,12
esmfold2,THSR,2022-08-24,1,13
esmfold2,SHP2,2024-03-20,1,14
esmfold2,CB1,2025-03-05,0,14
esmfold2,FUT8,2026-01-07,0,14
esmfold2,METTL14,2026-03-18,0,14
bioemu_refine,HIV_RT,2000-11-03,0,0
bioemu_refine,betaLG,2002-06-13,0,0
bioemu_refine,cAbl,2006-03-21,0,0
bioemu_refine,NDPK-A,2006-09-19,1,1
bioemu_refine,GLTP,2006-11-14,1,2
bioemu_refine,Bcl-xL,2007-05-22,1,3
bioemu_refine,HIF2alpha,2010-01-12,1,4
bioemu_refine,HIV_RT__3V81,2012-01-18,0,4
bioemu_refine,p53_Y220C__4AGQ,2012-03-21,1,5
bioemu_refine,p53_Y220C,2013-05-08,1,6
bioemu_refine,GCGR,2016-04-20,0,6
bioemu_refine,HIF2alpha__6D0B,2018-10-31,1,7
bioemu_refine,KRAS,2019-11-06,1,8
bioemu_refine,Menin,2022-07-27,1,9
bioemu_refine,HIV1_CA,2022-07-27,1,10
bioemu_refine,THSR__7UTZ,2022-08-03,1,11
bioemu_refine,THSR,2022-08-24,1,12
bioemu_refine,SHP2,2024-03-20,0,12
bioemu_refine,CB1,2025-03-05,1,13
bioemu_refine,FUT8,2026-01-07,0,13
bioemu_refine,METTL14,2026-03-18,0,13
bbflow_refine,HIV_RT,2000-11-03,0,0
bbflow_refine,betaLG,2002-06-13,0,0
bbflow_refine,cAbl,2006-03-21,0,0
bbflow_refine,NDPK-A,2006-09-19,1,1
bbflow_refine,GLTP,2006-11-14,0,1
bbflow_refine,Bcl-xL,2007-05-22,1,2
bbflow_refine,HIF2alpha,2010-01-12,1,3
bbflow_refine,HIV_RT__3V81,2012-01-18,0,3
bbflow_refine,p53_Y220C__4AGQ,2012-03-21,1,4
bbflow_refine,p53_Y220C,2013-05-08,1,5
bbflow_refine,GCGR,2016-04-20,0,5
bbflow_refine,HIF2alpha__6D0B,2018-10-31,1,6
bbflow_refine,KRAS,2019-11-06,1,7
bbflow_refine,Menin,2022-07-27,1,8
bbflow_refine,HIV1_CA,2022-07-27,1,9
bbflow_refine,THSR__7UTZ,2022-08-03,1,10
bbflow_refine,THSR,2022-08-24,1,11
bbflow_refine,SHP2,2024-03-20,1,12
bbflow_refine,CB1,2025-03-05,1,13
bbflow_refine,FUT8,2026-01-07,0,13
bbflow_refine,METTL14,2026-03-18,0,13
confornet_nomsa,HIV_RT,2000-11-03,0,0
confornet_nomsa,betaLG,2002-06-13,0,0
confornet_nomsa,cAbl,2006-03-21,0,0
confornet_nomsa,NDPK-A,2006-09-19,0,0
confornet_nomsa,GLTP,2006-11-14,0,0
confornet_nomsa,Bcl-xL,2007-05-22,0,0
confornet_nomsa,HIF2alpha,2010-01-12,1,1
confornet_nomsa,HIV_RT__3V81,2012-01-18,1,2
confornet_nomsa,p53_Y220C__4AGQ,2012-03-21,1,3
confornet_nomsa,p53_Y220C,2013-05-08,0,3
confornet_nomsa,GCGR,2016-04-20,0,3
confornet_nomsa,HIF2alpha__6D0B,2018-10-31,1,4
confornet_nomsa,KRAS,2019-11-06,1,5
confornet_nomsa,Menin,2022-07-27,1,6
confornet_nomsa,HIV1_CA,2022-07-27,1,7
confornet_nomsa,THSR__7UTZ,2022-08-03,0,7
confornet_nomsa,THSR,2022-08-24,0,7
confornet_nomsa,SHP2,2024-03-20,0,7
confornet_nomsa,CB1,2025-03-05,0,7
confornet_nomsa,FUT8,2026-01-07,0,7
confornet_nomsa,METTL14,2026-03-18,0,7
rfd3_fix7,HIV_RT,2000-11-03,0,0
rfd3_fix7,betaLG,2002-06-13,0,0
rfd3_fix7,cAbl,2006-03-21,1,1
rfd3_fix7,NDPK-A,2006-09-19,1,2
rfd3_fix7,GLTP,2006-11-14,0,2
rfd3_fix7,Bcl-xL,2007-05-22,0,2
rfd3_fix7,HIF2alpha,2010-01-12,1,3
rfd3_fix7,HIV_RT__3V81,2012-01-18,0,3
rfd3_fix7,p53_Y220C__4AGQ,2012-03-21,1,4
rfd3_fix7,p53_Y220C,2013-05-08,1,5
rfd3_fix7,GCGR,2016-04-20,0,5
rfd3_fix7,HIF2alpha__6D0B,2018-10-31,1,6
rfd3_fix7,KRAS,2019-11-06,0,6
rfd3_fix7,Menin,2022-07-27,1,7
rfd3_fix7,HIV1_CA,2022-07-27,1,8
rfd3_fix7,THSR__7UTZ,2022-08-03,1,9
rfd3_fix7,THSR,2022-08-24,1,10
rfd3_fix7,SHP2,2024-03-20,1,11
rfd3_fix7,CB1,2025-03-05,1,12
rfd3_fix7,FUT8,2026-01-07,0,12
rfd3_fix7,METTL14,2026-03-18,0,12
apo2mol,HIV_RT,2000-11-03,0,0
apo2mol,betaLG,2002-06-13,0,0
apo2mol,cAbl,2006-03-21,0,0
apo2mol,NDPK-A,2006-09-19,0,0
apo2mol,GLTP,2006-11-14,0,0
apo2mol,Bcl-xL,2007-05-22,0,0
apo2mol,HIF2alpha,2010-01-12,0,0
apo2mol,HIV_RT__3V81,2012-01-18,0,0
apo2mol,p53_Y220C__4AGQ,2012-03-21,0,0
apo2mol,p53_Y220C,2013-05-08,1,1
apo2mol,GCGR,2016-04-20,0,1
apo2mol,HIF2alpha__6D0B,2018-10-31,0,1
apo2mol,KRAS,2019-11-06,0,1
apo2mol,Menin,2022-07-27,0,1
apo2mol,HIV1_CA,2022-07-27,0,1
apo2mol,THSR__7UTZ,2022-08-03,0,1
apo2mol,THSR,2022-08-24,0,1
apo2mol,SHP2,2024-03-20,0,1
apo2mol,CB1,2025-03-05,0,1
apo2mol,FUT8,2026-01-07,1,2
apo2mol,METTL14,2026-03-18,0,2
prody_rfd3,HIV_RT,2000-11-03,0,0
prody_rfd3,betaLG,2002-06-13,0,0
prody_rfd3,cAbl,2006-03-21,0,0
prody_rfd3,NDPK-A,2006-09-19,0,0
prody_rfd3,GLTP,2006-11-14,0,0
prody_rfd3,Bcl-xL,2007-05-22,0,0
prody_rfd3,HIF2alpha,2010-01-12,1,1
prody_rfd3,HIV_RT__3V81,2012-01-18,0,1
prody_rfd3,p53_Y220C__4AGQ,2012-03-21,1,2
prody_rfd3,p53_Y220C,2013-05-08,0,2
prody_rfd3,GCGR,2016-04-20,0,2
prody_rfd3,HIF2alpha__6D0B,2018-10-31,0,2
prody_rfd3,KRAS,2019-11-06,0,2
prody_rfd3,Menin,2022-07-27,0,2
prody_rfd3,HIV1_CA,2022-07-27,1,3
prody_rfd3,THSR__7UTZ,2022-08-03,1,4
prody_rfd3,THSR,2022-08-24,1,5
prody_rfd3,SHP2,2024-03-20,1,6
prody_rfd3,CB1,2025-03-05,0,6
prody_rfd3,FUT8,2026-01-07,0,6
prody_rfd3,METTL14,2026-03-18,0,6
molgen_ns1.0,HIV_RT,2000-11-03,1,1
molgen_ns1.0,betaLG,2002-06-13,0,1
molgen_ns1.0,cAbl,2006-03-21,1,2
molgen_ns1.0,NDPK-A,2006-09-19,0,2
molgen_ns1.0,GLTP,2006-11-14,1,3
molgen_ns1.0,Bcl-xL,2007-05-22,0,3
molgen_ns1.0,HIF2alpha,2010-01-12,1,4
molgen_ns1.0,HIV_RT__3V81,2012-01-18,1,5
molgen_ns1.0,p53_Y220C__4AGQ,2012-03-21,1,6
molgen_ns1.0,p53_Y220C,2013-05-08,1,7
molgen_ns1.0,GCGR,2016-04-20,0,7
molgen_ns1.0,HIF2alpha__6D0B,2018-10-31,1,8
molgen_ns1.0,KRAS,2019-11-06,1,9
molgen_ns1.0,Menin,2022-07-27,1,10
molgen_ns1.0,HIV1_CA,2022-07-27,0,10
molgen_ns1.0,THSR__7UTZ,2022-08-03,1,11
molgen_ns1.0,THSR,2022-08-24,0,11
molgen_ns1.0,SHP2,2024-03-20,1,12
molgen_ns1.0,CB1,2025-03-05,0,12
molgen_ns1.0,FUT8,2026-01-07,1,13
molgen_ns1.0,METTL14,2026-03-18,0,13
