method,target,n_selected,n_docked,n_pending,best_vina,delta_apo,original_delta_apo,sample_indices,holo_minus_apo,reference_improves,eligible_sample,improvement_fraction,recovered_50,recovered_75,recovered_100
boltz2,p53_Y220C,10,10,0,-5.498,-0.516,-0.516,"0,1,2,3,4,5,6,7,8,9",-2.5249999999999995,True,True,0.2043564356435644,False,False,False
boltz2,CB1,10,10,0,-9.545,0.965,0.965,"0,1,2,3,4,5,6,7,8,9",-0.1400000000000005,True,True,-6.8928571428571175,False,False,False
boltz2,KRAS,10,10,0,-6.594,-1.024,-1.024,"0,1,2,3,4,5,6,7,8,9",-2.4960000000000004,True,True,0.4102564102564102,False,False,False
boltz2,cAbl,10,10,0,-10.641,-3.405,-3.405,"1,2,3,6,8,9,10,11,13,14",-3.624,True,True,0.939569536423841,True,True,False
boltz2,HIF2alpha,10,10,0,-5.339,3.324,3.324,"0,1,2,3,4,5,6,7,8,9",0.4749999999999996,False,True,,False,False,False
boltz2,HIV_RT,10,10,0,-6.502,0.0910000000000001,0.0910000000000001,"0,1,2,3,4,5,6,7,8,9",-5.567,True,True,-0.016346326567271436,False,False,False
boltz2,HIV1_CA,10,10,0,-7.541,-0.5300000000000002,-0.5300000000000002,"0,1,2,3,4,5,6,7,8,9",-1.6019999999999994,True,True,0.3308364544319603,False,False,False
boltz2,Menin,10,10,0,-7.76,-0.6709999999999994,-0.6709999999999994,"0,1,2,3,4,5,6,7,8,9",-0.1869999999999994,True,True,3.5882352941176556,True,True,True
boltz2,GCGR,0,0,0,,,-1.08,,-1.407,True,False,,False,False,False
boltz2,THSR,10,10,0,-8.249,0.8889999999999993,0.8889999999999993,"0,1,2,3,4,5,6,7,8,9",-1.9719999999999995,True,True,-0.45081135902636893,False,False,False
boltz2,p53_Y220C__4AGQ,10,10,0,-5.99,-0.6120000000000001,-0.6120000000000001,"0,1,2,3,4,5,6,7,8,9",-1.903,True,True,0.3215974776668419,False,False,False
boltz2,HIF2alpha__6D0B,10,10,0,-5.185,5.295000000000001,5.295000000000001,"0,1,2,3,4,6,7,8,9,10",0.0500000000000007,False,True,,False,False,False
boltz2,HIV_RT__3V81,10,10,0,-5.429,0.782,0.782,"0,1,2,3,4,6,7,8,10,11",-3.8089999999999993,True,True,-0.20530322919401423,False,False,False
boltz2,THSR__7UTZ,10,10,0,-6.238,-0.0740000000000007,-0.0740000000000007,"0,1,2,3,4,5,6,7,8,9",-0.7750000000000004,True,True,0.0954838709677428,False,False,False
boltz2,Bcl-xL,10,10,0,-7.625,1.0679999999999996,1.1259999999999994,"0,1,2,3,4,6,8,10,11,16",-0.0519999999999996,True,True,-20.53846153846169,False,False,False
boltz2,betaLG,10,10,0,-6.256,-1.9910000000000003,-1.9910000000000003,"0,1,2,3,4,5,6,7,8,9",-3.4030000000000005,True,True,0.5850719952982663,True,False,False
boltz2,NDPK-A,10,10,0,-6.088,0.4249999999999998,0.4249999999999998,"0,2,3,4,5,6,7,8,9,10",-1.4320000000000004,True,True,-0.2967877094972065,False,False,False
boltz2,GLTP,10,10,0,-5.494,-0.3209999999999997,-0.3209999999999997,"0,1,2,3,4,5,6,7,8,9",-0.867,True,True,0.3702422145328716,False,False,False
boltz2,SHP2,10,10,0,-7.746,0.9960000000000004,0.9960000000000004,"0,1,3,4,5,6,7,8,9,10",-1.6579999999999997,True,True,-0.6007237635705673,False,False,False
boltz2,METTL14,10,10,0,-7.474,0.0779999999999994,0.0779999999999994,"0,1,2,4,5,6,7,9,10,11",-2.898,True,True,-0.026915113871635404,False,False,False
boltz2,FUT8,10,10,0,-8.231,0.0709999999999997,0.0709999999999997,"0,1,2,3,4,5,6,7,8,9",-1.508000000000001,True,True,-0.04708222811671065,False,False,False
esmfold2,p53_Y220C,10,10,0,-5.58,-0.5979999999999999,-0.5979999999999999,"0,1,2,3,4,5,6,7,8,9",-2.5249999999999995,True,True,0.23683168316831682,False,False,False
esmfold2,CB1,10,10,0,-8.623,1.8870000000000005,0.7679999999999989,"0,2,3,4,5,6,7,8,9,10",-0.1400000000000005,True,True,-13.478571428571382,False,False,False
esmfold2,KRAS,10,10,0,-5.953,-0.383,-0.383,"0,1,2,3,4,5,6,7,8,9",-2.4960000000000004,True,True,0.1534455128205128,False,False,False
esmfold2,cAbl,10,10,0,-9.774,-2.538,-2.538,"0,1,2,3,4,5,6,7,8,9",-3.624,True,True,0.7003311258278145,True,False,False
esmfold2,HIF2alpha,10,10,0,-4.175,4.488,4.488,"0,1,2,3,4,5,6,7,8,9",0.4749999999999996,False,True,,False,False,False
esmfold2,HIV_RT,10,10,0,-6.122,0.4710000000000001,0.4710000000000001,"1,4,5,6,7,8,10,12,13,16",-5.567,True,True,-0.08460571223280045,False,False,False
esmfold2,HIV1_CA,10,10,0,-8.452,-1.4409999999999998,-1.4409999999999998,"0,1,2,3,4,5,6,7,8,9",-1.6019999999999994,True,True,0.8995006242197255,True,True,False
esmfold2,Menin,10,10,0,-7.466,-0.3769999999999998,-0.3769999999999998,"0,1,2,3,4,5,6,7,8,9",-0.1869999999999994,True,True,2.0160427807486685,True,True,True
esmfold2,GCGR,0,0,0,,,-0.5220000000000002,,-1.407,True,False,,False,False,False
esmfold2,THSR,10,10,0,-9.927,-0.7889999999999997,-0.7889999999999997,"0,1,2,3,4,5,6,7,8,9",-1.9719999999999995,True,True,0.4001014198782961,False,False,False
esmfold2,p53_Y220C__4AGQ,10,10,0,-5.302,0.0760000000000005,0.0760000000000005,"0,1,2,3,4,5,6,7,8,9",-1.903,True,True,-0.03993694167104598,False,False,False
esmfold2,HIF2alpha__6D0B,10,10,0,-0.988,9.492,9.492,"0,1,2,3,4,5,6,7,8,9",0.0500000000000007,False,True,,False,False,False
esmfold2,HIV_RT__3V81,10,10,0,-5.835,0.3760000000000003,0.3760000000000003,"0,1,2,3,4,5,6,7,8,9",-3.8089999999999993,True,True,-0.09871357311630358,False,False,False
esmfold2,THSR__7UTZ,10,10,0,-6.637,-0.4729999999999998,-0.4729999999999998,"0,2,3,4,5,6,7,8,9,10",-0.7750000000000004,True,True,0.6103225806451608,True,False,False
esmfold2,Bcl-xL,10,10,0,-7.626,1.0669999999999993,1.0669999999999993,"0,1,2,3,4,5,7,8,9,10",-0.0519999999999996,True,True,-20.519230769230912,False,False,False
esmfold2,betaLG,10,10,0,-5.329,-1.064,-1.064,"0,1,2,3,4,5,6,7,8,9",-3.4030000000000005,True,True,0.312665295327652,False,False,False
esmfold2,NDPK-A,10,10,0,-7.475,-0.9619999999999996,-0.9619999999999996,"0,1,2,3,4,5,6,7,8,9",-1.4320000000000004,True,True,0.6717877094972062,True,False,False
esmfold2,GLTP,10,10,0,-5.877,-0.7039999999999997,-0.7039999999999997,"0,1,2,3,4,5,6,7,8,9",-0.867,True,True,0.8119953863898498,True,True,False
esmfold2,SHP2,10,10,0,-9.208,-0.4659999999999993,-0.4659999999999993,"0,1,2,3,4,5,6,7,8,9",-1.6579999999999997,True,True,0.2810615199034978,False,False,False
esmfold2,METTL14,10,10,0,-7.796,-0.2440000000000006,-0.2440000000000006,"0,1,2,3,4,5,6,7,8,9",-2.898,True,True,0.08419599723947571,False,False,False
esmfold2,FUT8,10,10,0,-8.24,0.0619999999999993,0.0619999999999993,"0,1,2,3,4,5,6,7,8,9",-1.508000000000001,True,True,-0.041114058355437175,False,False,False
bioemu_refine,p53_Y220C,10,10,0,-6.335,-1.3529999999999998,-1.3529999999999998,"0,100,200,300,400,500,600,800,900,1100",-2.5249999999999995,True,True,0.5358415841584159,True,False,False
bioemu_refine,CB1,10,10,0,-9.571,0.939,0.1600000000000001,"100,300,400,500,600,700,900,1000,1100,1200",-0.1400000000000005,True,True,-6.707142857142832,False,False,False
bioemu_refine,KRAS,10,10,0,-6.682,-1.112,-1.112,"100,200,400,600,1200,1300,1400,1500,1700,1800",-2.4960000000000004,True,True,0.4455128205128205,False,False,False
bioemu_refine,cAbl,10,10,0,-9.935,-2.6990000000000007,-2.6990000000000007,"0,100,200,300,400,500,600,800,900,1000",-3.624,True,True,0.7447571743929362,True,False,False
bioemu_refine,HIF2alpha,10,10,0,-6.575,2.088,2.732,"0,400,700,800,1100,1400,1500,1600,1700,1900",0.4749999999999996,False,True,,False,False,False
bioemu_refine,HIV_RT,10,10,0,-7.493,-0.9000000000000004,-0.9000000000000004,"0,100,200,300,400,500,600,700,1100,1300",-5.567,True,True,0.1616669660499372,False,False,False
bioemu_refine,HIV1_CA,10,10,0,-7.994,-0.9829999999999997,-0.9829999999999997,"0,100,200,300,400,500,600,700,800,900",-1.6019999999999994,True,True,0.6136079900124844,True,False,False
bioemu_refine,Menin,10,10,0,-7.068,0.0210000000000007,0.0210000000000007,"0,100,200,300,500,600,700,800,900,1000",-0.1869999999999994,True,True,-0.11229946524064581,False,False,False
bioemu_refine,GCGR,0,0,0,,,-0.6020000000000003,,-1.407,True,False,,False,False,False
bioemu_refine,THSR,10,10,0,-9.545,-0.407,0.5730000000000004,"0,100,400,500,600,800,900,1000,1100,1200",-1.9719999999999995,True,True,0.20638945233265724,False,False,False
bioemu_refine,p53_Y220C__4AGQ,10,10,0,-6.851,-1.473,-1.495,"0,100,200,400,500,600,700,800,1100,1300",-1.903,True,True,0.7740409879138204,True,True,False
bioemu_refine,HIF2alpha__6D0B,10,10,0,-5.206,5.274,2.4670000000000005,"0,100,200,400,500,600,700,800,1000,1100",0.0500000000000007,False,True,,False,False,False
bioemu_refine,HIV_RT__3V81,10,10,0,-7.136,-0.9249999999999998,-0.4819999999999993,"0,200,300,400,500,600,700,900,1000,1100",-3.8089999999999993,True,True,0.24284589131005513,False,False,False
bioemu_refine,THSR__7UTZ,10,10,0,-6.245,-0.0810000000000004,-0.2179999999999999,"0,100,200,300,600,700,800,1000,1100,1200",-0.7750000000000004,True,True,0.10451612903225854,False,False,False
bioemu_refine,Bcl-xL,10,10,0,-8.118,0.5749999999999993,0.3659999999999996,"0,200,300,500,600,700,1100,1200,1400,1500",-0.0519999999999996,True,True,-11.05769230769238,False,False,False
bioemu_refine,betaLG,10,10,0,-6.751,-2.4860000000000007,-2.4860000000000007,"100,200,400,500,600,700,800,900,1000,1100",-3.4030000000000005,True,True,0.7305318836320894,True,False,False
bioemu_refine,NDPK-A,10,10,0,-7.497,-0.984,-0.984,"0,200,300,900,1100,1300,1400,1500,1800,2200",-1.4320000000000004,True,True,0.6871508379888266,True,False,False
bioemu_refine,GLTP,10,10,0,-5.812,-0.6390000000000002,-0.6390000000000002,"0,100,200,300,400,500,600,700,800,900",-0.867,True,True,0.7370242214532875,True,False,False
bioemu_refine,SHP2,10,10,0,-9.148,-0.4059999999999988,-0.1689999999999987,"0,200,400,500,800,900,1100,1200,1700,1800",-1.6579999999999997,True,True,0.2448733413751501,False,False,False
bioemu_refine,METTL14,7,7,0,-7.561,-0.0090000000000003,-0.0090000000000003,"0,100,200,300,400,500,600",-2.898,True,True,0.0031055900621119042,False,False,False
bioemu_refine,FUT8,10,10,0,-8.311,-0.0090000000000003,-0.0090000000000003,"0,300,400,500,1000,1100,1300,1400,1900,2000",-1.508000000000001,True,True,0.005968169761273404,False,False,False
bbflow_refine,p53_Y220C,10,10,0,-5.227,-0.2450000000000001,-0.2450000000000001,"0,1,2,3,4,5,6,7,8,9",-2.5249999999999995,True,True,0.09702970297029709,False,False,False
bbflow_refine,CB1,10,10,0,-9.685,0.8249999999999993,0.6899999999999995,"1,2,4,6,8,12,14,16,17,18",-0.1400000000000005,True,True,-5.892857142857117,False,False,False
bbflow_refine,KRAS,10,10,0,-7.577,-2.007,-0.7839999999999998,"0,2,3,4,6,7,8,9,12,13",-2.4960000000000004,True,True,0.8040865384615383,True,True,False
bbflow_refine,cAbl,10,10,0,-10.26,-3.024,-3.024,"0,4,6,8,9,10,11,13,14,15",-3.624,True,True,0.8344370860927152,True,True,False
bbflow_refine,HIF2alpha,10,10,0,-4.713,3.95,3.95,"0,1,2,3,4,5,6,7,8,9",0.4749999999999996,False,True,,False,False,False
bbflow_refine,HIV_RT,10,10,0,-6.952,-0.359,-0.359,"0,1,2,3,5,6,7,8,10,13",-5.567,True,True,0.06448715645769713,False,False,False
bbflow_refine,HIV1_CA,10,10,0,-6.875,0.1360000000000001,0.1360000000000001,"0,1,2,3,4,5,6,7,8,9",-1.6019999999999994,True,True,-0.08489388264669172,False,False,False
bbflow_refine,Menin,10,10,0,-6.487,0.6020000000000003,0.2400000000000002,"0,2,3,5,6,7,9,10,11,12",-0.1869999999999994,True,True,-3.2192513368984077,False,False,False
bbflow_refine,GCGR,9,9,0,-4.752,-1.0949999999999998,-1.043,"0,7,11,12,16,20,22,24,28",-1.407,True,True,0.7782515991471214,True,True,False
bbflow_refine,THSR,10,10,0,-10.76,-1.622,-1.622,"0,1,3,4,5,6,7,8,9,10",-1.9719999999999995,True,True,0.8225152129817447,True,True,False
bbflow_refine,p53_Y220C__4AGQ,10,10,0,-5.733,-0.3549999999999995,-0.3549999999999995,"0,1,2,3,4,5,6,7,8,9",-1.903,True,True,0.18654755648975274,False,False,False
bbflow_refine,HIF2alpha__6D0B,10,10,0,-5.751,4.729,4.729,"0,1,3,4,5,6,7,8,9,11",0.0500000000000007,False,True,,False,False,False
bbflow_refine,HIV_RT__3V81,10,10,0,-6.291,-0.08,-0.2759999999999998,"0,1,2,3,4,5,7,9,10,12",-3.8089999999999993,True,True,0.021002887897085855,False,False,False
bbflow_refine,THSR__7UTZ,10,10,0,-6.405,-0.2410000000000005,-0.3290000000000006,"0,3,4,5,7,8,10,11,12,13",-0.7750000000000004,True,True,0.3109677419354844,False,False,False
bbflow_refine,Bcl-xL,10,10,0,-8.537,0.1559999999999988,0.3019999999999996,"0,1,2,3,4,5,6,8,9,10",-0.0519999999999996,True,True,-3.0,False,False,False
bbflow_refine,betaLG,10,10,0,-5.839,-1.5740000000000007,-1.5740000000000007,"1,2,4,5,6,7,8,9,10,11",-3.4030000000000005,True,True,0.46253305906553055,False,False,False
bbflow_refine,NDPK-A,10,10,0,-7.123,-0.6100000000000003,-0.6100000000000003,"0,1,2,3,4,5,6,7,8,9",-1.4320000000000004,True,True,0.42597765363128504,False,False,False
bbflow_refine,GLTP,10,10,0,-4.899,0.274,-0.407,"0,1,3,4,5,6,7,8,9,10",-0.867,True,True,-0.31603229527104965,False,False,False
bbflow_refine,SHP2,10,10,0,-8.912,-0.1699999999999999,-0.1829999999999998,"0,2,3,6,8,10,11,13,14,15",-1.6579999999999997,True,True,0.10253317249698428,False,False,False
bbflow_refine,METTL14,10,10,0,-7.688,-0.1360000000000001,0.3049999999999997,"0,2,3,5,7,8,10,11,14,18",-2.898,True,True,0.046928916494133915,False,False,False
bbflow_refine,FUT8,10,10,0,-8.554,-0.2520000000000006,-0.2520000000000006,"0,2,3,5,6,7,8,10,13,15",-1.508000000000001,True,True,0.16710875331565017,False,False,False
confornet_nomsa,p53_Y220C,10,10,0,-6.222,-1.2400000000000002,-1.2400000000000002,"0,1,2,3,4,5,6,7,8,9",-2.5249999999999995,True,True,0.4910891089108913,False,False,False
confornet_nomsa,CB1,10,10,0,-3.465,7.045,7.045,"0,1,2,3,4,5,6,7,8,9",-0.1400000000000005,True,True,-50.321428571428385,False,False,False
confornet_nomsa,KRAS,10,10,0,-6.336,-0.766,-0.766,"0,1,2,3,4,5,6,7,8,9",-2.4960000000000004,True,True,0.3068910256410256,False,False,False
confornet_nomsa,cAbl,10,10,0,-9.245,-2.0089999999999995,-2.0089999999999995,"0,1,2,3,4,5,6,7,8,9",-3.624,True,True,0.5543598233995584,True,False,False
confornet_nomsa,HIF2alpha,10,10,0,-6.717,1.9460000000000008,1.9460000000000008,"0,1,2,3,4,5,6,7,8,9",0.4749999999999996,False,True,,False,False,False
confornet_nomsa,HIV_RT,9,9,0,-7.434,-0.8410000000000002,-0.8410000000000002,"0,1,2,3,4,5,6,7,9",-5.567,True,True,0.1510687982755524,False,False,False
confornet_nomsa,HIV1_CA,10,10,0,-7.18,-0.1689999999999996,-0.1689999999999996,"0,1,2,3,4,5,6,7,8,9",-1.6019999999999994,True,True,0.10549313358302101,False,False,False
confornet_nomsa,Menin,10,10,0,-8.03,-0.940999999999999,-0.940999999999999,"0,1,2,3,4,5,6,7,8,9",-0.1869999999999994,True,True,5.032085561497337,True,True,True
confornet_nomsa,GCGR,10,10,0,-3.566,0.0910000000000001,0.0910000000000001,"0,1,2,3,4,5,6,7,8,9",-1.407,True,True,-0.06467661691542295,False,False,False
confornet_nomsa,THSR,9,9,0,-8.015,1.122999999999999,1.122999999999999,"0,1,2,3,4,5,6,8,9",-1.9719999999999995,True,True,-0.5694726166328598,False,False,False
confornet_nomsa,p53_Y220C__4AGQ,10,10,0,-5.519,-0.141,-0.141,"0,1,2,3,4,5,6,7,8,9",-1.903,True,True,0.07409353652128217,False,False,False
confornet_nomsa,HIF2alpha__6D0B,10,10,0,-0.139,10.341,10.341,"0,1,2,3,4,5,6,7,8,9",0.0500000000000007,False,True,,False,False,False
confornet_nomsa,HIV_RT__3V81,10,10,0,-6.683,-0.4719999999999995,-0.4719999999999995,"0,1,2,3,4,5,6,7,8,9",-3.8089999999999993,True,True,0.1239170385928064,False,False,False
confornet_nomsa,THSR__7UTZ,9,9,0,-5.142,1.0219999999999994,1.0219999999999994,"0,1,2,3,4,5,6,8,9",-0.7750000000000004,True,True,-1.3187096774193534,False,False,False
confornet_nomsa,Bcl-xL,10,10,0,-6.999,1.694,1.694,"0,1,2,3,4,100,101,102,103,104",-0.0519999999999996,True,True,-32.57692307692332,False,False,False
confornet_nomsa,betaLG,10,10,0,-6.304,-2.0390000000000006,-2.0390000000000006,"0,1,2,3,4,100,101,102,103,104",-3.4030000000000005,True,True,0.5991771965912431,True,False,False
confornet_nomsa,NDPK-A,10,10,0,-7.007,-0.4939999999999998,-0.4939999999999998,"0,1,2,3,4,100,101,102,103,104",-1.4320000000000004,True,True,0.3449720670391059,False,False,False
confornet_nomsa,GLTP,10,10,0,-6.036,-0.8629999999999995,-0.8629999999999995,"0,1,2,3,4,100,101,102,103,104",-0.867,True,True,0.9953863898500571,True,True,False
confornet_nomsa,SHP2,10,10,0,-8.08,0.6620000000000008,0.6620000000000008,"0,1,2,3,4,100,101,102,103,104",-1.6579999999999997,True,True,-0.3992762364294336,False,False,False
confornet_nomsa,METTL14,10,10,0,-8.997,-1.4450000000000005,-1.4450000000000005,"0,1,2,3,4,100,101,102,103,104",-2.898,True,True,0.4986197377501727,False,False,False
confornet_nomsa,FUT8,10,10,0,-7.278,1.024,1.024,"0,1,2,3,4,100,101,102,103,104",-1.508000000000001,True,True,-0.6790450928381959,False,False,False
rfd3_fix7,p53_Y220C,10,10,0,-5.669,-0.6869999999999994,-0.6869999999999994,"0,1,2,3,4,100,101,102,103,104",-2.5249999999999995,True,True,0.2720792079207919,False,False,False
rfd3_fix7,CB1,10,10,0,-9.439,1.0709999999999995,1.0709999999999995,"0,1,2,3,4,100,101,102,103,104",-0.1400000000000005,True,True,-7.649999999999968,False,False,False
rfd3_fix7,KRAS,10,10,0,-6.565,-0.995,-0.995,"1,2,3,4,100,101,102,103,104,200",-2.4960000000000004,True,True,0.39863782051282043,False,False,False
rfd3_fix7,cAbl,10,10,0,-8.665,-1.4289999999999994,-1.4289999999999994,"0,1,2,3,4,100,101,102,103,104",-3.624,True,True,0.39431567328918304,False,False,False
rfd3_fix7,HIF2alpha,10,10,0,-4.486,4.1770000000000005,4.1770000000000005,"0,1,2,3,4,100,101,103,104,201",0.4749999999999996,False,True,,False,False,False
rfd3_fix7,HIV_RT,10,10,0,-6.594,-0.0010000000000003,-0.0739999999999998,"0,1,3,100,101,102,103,203,300,302",-5.567,True,True,0.00017962996227776178,False,False,False
rfd3_fix7,HIV1_CA,10,10,0,-7.497,-0.4859999999999997,-0.4859999999999997,"0,1,2,3,4,100,101,102,103,104",-1.6019999999999994,True,True,0.30337078651685384,False,False,False
rfd3_fix7,Menin,10,10,0,-7.145,-0.0559999999999991,-0.0559999999999991,"0,2,3,4,100,102,103,104,200,201",-0.1869999999999994,True,True,0.2994652406417074,False,False,False
rfd3_fix7,GCGR,10,10,0,-4.121,-0.4640000000000004,-0.4640000000000004,"1,2,4,100,102,103,104,200,201,202",-1.407,True,True,0.32977967306325545,False,False,False
rfd3_fix7,THSR,10,10,0,-10.22,-1.0820000000000007,-1.0820000000000007,"0,1,2,3,4,100,101,102,103,104",-1.9719999999999995,True,True,0.5486815415821507,True,False,False
rfd3_fix7,p53_Y220C__4AGQ,10,10,0,-5.648,-0.2699999999999996,-0.2699999999999996,"0,1,2,3,4,100,101,102,103,104",-1.903,True,True,0.14188124014713588,False,False,False
rfd3_fix7,HIF2alpha__6D0B,10,10,0,-4.791,5.689,5.775,"0,3,100,101,102,104,200,201,202,300",0.0500000000000007,False,True,,False,False,False
rfd3_fix7,HIV_RT__3V81,10,10,0,-6.53,-0.3189999999999999,-0.3189999999999999,"0,1,2,3,4,100,101,102,103,104",-3.8089999999999993,True,True,0.08374901548962982,False,False,False
rfd3_fix7,THSR__7UTZ,10,10,0,-6.896,-0.7320000000000002,-0.7320000000000002,"0,1,2,3,4,100,101,102,103,104",-0.7750000000000004,True,True,0.9445161290322579,True,True,False
rfd3_fix7,Bcl-xL,10,10,0,-9.382,-0.6890000000000001,-0.6890000000000001,"0,1,2,3,4,100,101,102,104,200",-0.0519999999999996,True,True,13.250000000000103,True,True,True
rfd3_fix7,betaLG,10,10,0,-5.623,-1.3580000000000003,-1.3580000000000003,"0,1,2,3,4,101,102,103,104,200",-3.4030000000000005,True,True,0.39905965324713494,False,False,False
rfd3_fix7,NDPK-A,10,10,0,-6.907,-0.3940000000000001,-0.7240000000000002,"0,2,4,100,101,200,201,202,203,204",-1.4320000000000004,True,True,0.2751396648044693,False,False,False
rfd3_fix7,GLTP,10,10,0,-5.427,-0.2539999999999995,-0.2539999999999995,"0,1,2,3,4,100,101,102,103,104",-0.867,True,True,0.2929642445213374,False,False,False
rfd3_fix7,SHP2,10,10,0,-7.803,0.939000000000001,0.939000000000001,"0,2,3,4,100,101,102,103,104,200",-1.6579999999999997,True,True,-0.5663449939686376,False,False,False
rfd3_fix7,METTL14,10,10,0,-6.76,0.7919999999999998,-0.0130000000000007,"1,3,4,100,104,200,201,202,203,204",-2.898,True,True,-0.2732919254658384,False,False,False
rfd3_fix7,FUT8,10,10,0,-8.642,-0.3399999999999998,0.1020000000000003,"0,3,4,100,102,104,204,301,303,401",-1.508000000000001,True,True,0.22546419098143208,False,False,False
apo2mol,p53_Y220C,1,1,0,-6.668,-1.686,-2.587,20,-2.5249999999999995,True,True,0.6677227722772279,True,False,False
apo2mol,CB1,0,0,0,,,0.0129999999999999,,-0.1400000000000005,True,False,,False,False,False
apo2mol,KRAS,0,0,0,,,-3.5730000000000004,,-2.4960000000000004,True,False,,False,False,False
apo2mol,cAbl,1,1,0,-9.338,-2.1019999999999994,-3.658,25,-3.624,True,True,0.5800220750551874,True,False,False
apo2mol,HIF2alpha,2,2,0,-7.551,1.112,0.1959999999999997,"18,28",0.4749999999999996,False,True,,False,False,False
apo2mol,HIV_RT,0,0,0,,,-5.106,,-5.567,True,False,,False,False,False
apo2mol,HIV1_CA,1,1,0,-7.586,-0.5750000000000002,-2.4370000000000003,10,-1.6019999999999994,True,True,0.35892634207240975,False,False,False
apo2mol,Menin,0,0,0,,,-1.206999999999999,,-0.1869999999999994,True,False,,False,False,False
apo2mol,GCGR,0,0,0,,,-0.3940000000000001,,-1.407,True,False,,False,False,False
apo2mol,THSR,0,0,0,,,-2.494,,-1.9719999999999995,True,False,,False,False,False
apo2mol,p53_Y220C__4AGQ,1,1,0,-7.196,-1.818,-2.417,6,-1.903,True,True,0.9553336836573831,True,True,False
apo2mol,HIF2alpha__6D0B,0,0,0,,,0.6300000000000008,,0.0500000000000007,False,False,,False,False,False
apo2mol,HIV_RT__3V81,0,0,0,,,-4.602,,-3.8089999999999993,True,False,,False,False,False
apo2mol,THSR__7UTZ,2,2,0,-6.458,-0.2940000000000005,-0.5440000000000005,"20,24",-0.7750000000000004,True,True,0.37935483870967784,False,False,False
apo2mol,Bcl-xL,0,0,0,,,-1.4580000000000002,,-0.0519999999999996,True,False,,False,False,False
apo2mol,betaLG,4,4,0,-6.897,-2.632000000000001,-4.287,"5,7,15,19",-3.4030000000000005,True,True,0.7734352042315605,True,True,False
apo2mol,NDPK-A,7,7,0,-6.945,-0.4320000000000004,-0.4320000000000004,"0,3,5,11,13,16,19",-1.4320000000000004,True,True,0.30167597765363147,False,False,False
apo2mol,GLTP,10,10,0,-6.072,-0.899,-1.4299999999999995,"0,2,3,4,6,7,8,11,12,14",-0.867,True,True,1.0369088811995386,True,True,True
apo2mol,SHP2,1,1,0,-9.088,-0.3459999999999983,-0.8139999999999983,5,-1.6579999999999997,True,True,0.20868516284680239,False,False,False
apo2mol,METTL14,0,0,0,,,-4.220000000000001,,-2.898,True,False,,False,False,False
apo2mol,FUT8,0,0,0,,,-2.681000000000001,,-1.508000000000001,True,False,,False,False,False
prody_rfd3,p53_Y220C,10,10,0,-5.515,-0.5329999999999995,-0.5329999999999995,"0,1,2,3,4,5,6,7,8,9",-2.5249999999999995,True,True,0.21108910891089092,False,False,False
prody_rfd3,CB1,10,10,0,-10.189,0.3209999999999997,0.5679999999999996,"2,4,5,6,12,13,14,15,20,21",-0.1400000000000005,True,True,-2.292857142857132,False,False,False
prody_rfd3,KRAS,10,10,0,-6.722,-1.152,-1.152,"0,1,2,3,4,5,6,7,8,9",-2.4960000000000004,True,True,0.4615384615384614,False,False,False
prody_rfd3,cAbl,10,10,0,-8.335,-1.099000000000001,-1.099000000000001,"0,1,2,3,5,6,7,8,9,10",-3.624,True,True,0.3032560706401769,False,False,False
prody_rfd3,HIF2alpha,10,10,0,-5.291,3.372,1.8130000000000008,"1,2,4,5,9,10,12,13,14,17",0.4749999999999996,False,True,,False,False,False
prody_rfd3,HIV_RT,4,4,0,-6.613,-0.0200000000000004,-0.4429999999999996,"2,4,6,8",-5.567,True,True,0.00359259924555423,False,False,False
prody_rfd3,HIV1_CA,10,10,0,-7.584,-0.5729999999999995,-0.5729999999999995,"0,1,2,3,5,6,7,8,9,10",-1.6019999999999994,True,True,0.35767790262172267,False,False,False
prody_rfd3,Menin,10,10,0,-7.498,-0.4089999999999998,-0.4089999999999998,"0,1,2,3,4,5,6,7,8,9",-0.1869999999999994,True,True,2.1871657754010756,True,True,True
prody_rfd3,GCGR,0,0,0,,,-1.3499999999999996,,-1.407,True,False,,False,False,False
prody_rfd3,THSR,10,10,0,-10.096,-0.9580000000000002,-0.9580000000000002,"0,1,2,3,4,5,6,7,8,9",-1.9719999999999995,True,True,0.4858012170385398,False,False,False
prody_rfd3,p53_Y220C__4AGQ,10,10,0,-5.612,-0.2339999999999999,-0.2339999999999999,"0,1,2,3,4,5,6,7,8,9",-1.903,True,True,0.12296374146085123,False,False,False
prody_rfd3,HIF2alpha__6D0B,10,10,0,-5.797,4.683000000000001,4.026000000000001,"1,2,4,5,9,10,12,13,14,17",0.0500000000000007,False,True,,False,False,False
prody_rfd3,HIV_RT__3V81,10,10,0,-6.416,-0.205,-0.205,"0,1,2,3,4,5,6,7,8,9",-3.8089999999999993,True,True,0.0538199002362825,False,False,False
prody_rfd3,THSR__7UTZ,10,10,0,-6.359,-0.1950000000000002,-0.1950000000000002,"0,1,2,3,4,5,6,7,8,9",-0.7750000000000004,True,True,0.2516129032258066,False,False,False
prody_rfd3,Bcl-xL,10,10,0,-9.298,-0.6050000000000004,-0.6050000000000004,"0,1,2,3,4,5,6,7,8,9",-0.0519999999999996,True,True,11.634615384615483,True,True,True
prody_rfd3,betaLG,10,10,0,-5.116,-0.851,-0.9460000000000006,"1,3,4,7,9,10,11,14,16,17",-3.4030000000000005,True,True,0.2500734645900676,False,False,False
prody_rfd3,NDPK-A,10,10,0,-6.677,-0.1639999999999997,-0.1639999999999997,"0,1,2,4,5,6,7,8,9,10",-1.4320000000000004,True,True,0.11452513966480422,False,False,False
prody_rfd3,GLTP,10,10,0,-5.455,-0.282,-0.4939999999999998,"0,1,2,3,4,5,7,8,9,10",-0.867,True,True,0.32525951557093424,False,False,False
prody_rfd3,SHP2,2,2,0,-8.226,0.516,-0.3579999999999987,"10,16",-1.6579999999999997,True,True,-0.3112183353437878,False,False,False
prody_rfd3,METTL14,10,10,0,-7.474,0.0779999999999994,0.0779999999999994,"0,1,2,3,4,5,6,7,8,9",-2.898,True,True,-0.026915113871635404,False,False,False
prody_rfd3,FUT8,0,0,0,,,-0.0809999999999995,,-1.508000000000001,True,False,,False,False,False
molgen_ns1.0,p53_Y220C,10,10,0,-7.955,-2.973,-2.973,"0,1,2,3,4,5,6,7,9,10",-2.5249999999999995,True,True,1.1774257425742576,True,True,True
molgen_ns1.0,CB1,10,10,0,-9.845,0.6649999999999991,0.6649999999999991,"0,1,2,3,4,5,6,7,8,9",-0.1400000000000005,True,True,-4.749999999999977,False,False,False
molgen_ns1.0,KRAS,10,10,0,-10.27,-4.699999999999999,-4.699999999999999,"0,1,2,3,4,5,6,7,8,9",-2.4960000000000004,True,True,1.8830128205128198,True,True,True
molgen_ns1.0,cAbl,10,10,0,-11.18,-3.944,-3.944,"0,1,2,3,4,5,6,7,8,9",-3.624,True,True,1.0883002207505519,True,True,True
molgen_ns1.0,HIF2alpha,10,10,0,-7.924,0.7389999999999999,0.7389999999999999,"0,1,2,3,4,5,6,7,8,9",0.4749999999999996,False,True,,False,False,False
molgen_ns1.0,HIV_RT,10,10,0,-9.598,-3.005000000000001,-3.005000000000001,"0,1,2,3,4,5,6,7,8,9",-5.567,True,True,0.5397880366445125,True,False,False
molgen_ns1.0,HIV1_CA,10,10,0,-10.76,-3.749,-3.749,"0,1,2,3,4,5,6,9,10,11",-1.6019999999999994,True,True,2.340199750312111,True,True,True
molgen_ns1.0,Menin,10,10,0,-8.362,-1.2729999999999997,-1.2729999999999997,"0,1,2,4,5,6,7,8,9,10",-0.1869999999999994,True,True,6.807486631016063,True,True,True
molgen_ns1.0,GCGR,10,10,0,-4.518,-0.8609999999999998,-0.8609999999999998,"0,1,2,3,4,5,6,7,8,9",-1.407,True,True,0.6119402985074625,True,False,False
molgen_ns1.0,THSR,10,10,0,-10.53,-1.3919999999999997,-1.3919999999999997,"0,1,2,3,4,5,6,7,8,9",-1.9719999999999995,True,True,0.7058823529411765,True,False,False
molgen_ns1.0,p53_Y220C__4AGQ,10,10,0,-8.385,-3.007,-3.007,"0,1,2,3,4,5,6,7,8,9",-1.903,True,True,1.580136626379401,True,True,True
molgen_ns1.0,HIF2alpha__6D0B,10,10,0,-8.87,1.6100000000000012,1.6100000000000012,"0,1,2,3,4,5,6,7,8,9",0.0500000000000007,False,True,,False,False,False
molgen_ns1.0,HIV_RT__3V81,10,10,0,-9.145,-2.934,-2.934,"0,1,2,3,4,5,6,7,8,9",-3.8089999999999993,True,True,0.7702809136256237,True,True,False
molgen_ns1.0,THSR__7UTZ,10,10,0,-6.297,-0.133,-0.133,"0,1,2,3,4,5,6,7,8,9",-0.7750000000000004,True,True,0.17161290322580638,False,False,False
molgen_ns1.0,Bcl-xL,10,10,0,-7.77,0.923,0.923,"0,1,2,3,4,5,6,7,8,9",-0.0519999999999996,True,True,-17.750000000000135,False,False,False
molgen_ns1.0,betaLG,10,10,0,-5.433,-1.168,-1.168,"0,1,2,3,4,5,6,7,8,9",-3.4030000000000005,True,True,0.34322656479576835,False,False,False
molgen_ns1.0,NDPK-A,10,10,0,-6.021,0.492,0.492,"1,2,3,4,5,6,7,8,9,10",-1.4320000000000004,True,True,-0.3435754189944133,False,False,False
molgen_ns1.0,GLTP,10,10,0,-5.905,-0.7320000000000002,-0.7320000000000002,"0,1,2,3,4,5,6,7,8,9",-0.867,True,True,0.8442906574394466,True,True,False
molgen_ns1.0,SHP2,10,10,0,-8.1,0.6420000000000012,0.6420000000000012,"0,1,2,3,4,5,6,7,8,9",-1.6579999999999997,True,True,-0.38721351025331807,False,False,False
molgen_ns1.0,METTL14,10,10,0,-7.159,0.3929999999999998,0.3929999999999998,"0,1,2,3,4,5,6,7,8,9",-2.898,True,True,-0.1356107660455486,False,False,False
molgen_ns1.0,FUT8,10,10,0,-7.103,1.1989999999999998,1.1989999999999998,"0,1,2,4,5,6,7,8,9,10",-1.508000000000001,True,True,-0.7950928381962858,False,False,False
rosetta_repack,p53_Y220C,10,10,0,-5.487,-0.5049999999999999,-0.5049999999999999,"0,1,2,3,4,5,6,7,8,9",-2.5249999999999995,True,True,0.2,False,False,False
rosetta_repack,CB1,10,10,0,-9.995,0.5150000000000006,0.5150000000000006,"0,1,2,3,4,5,6,7,8,9",-0.1400000000000005,True,True,-3.678571428571419,False,False,False
rosetta_repack,KRAS,10,10,0,-6.366,-0.7959999999999994,-0.7959999999999994,"0,1,2,3,4,5,6,7,8,9",-2.4960000000000004,True,True,0.3189102564102561,False,False,False
rosetta_repack,cAbl,10,10,0,-8.461,-1.2250000000000003,-1.2250000000000003,"0,1,2,3,4,5,6,7,8,9",-3.624,True,True,0.3380242825607065,False,False,False
rosetta_repack,HIF2alpha,10,10,0,-6.058,2.6050000000000004,2.6050000000000004,"0,1,2,3,4,5,6,7,8,9",0.4749999999999996,False,True,,False,False,False
rosetta_repack,HIV_RT,10,10,0,-7.008,-0.415,-0.415,"0,1,2,3,4,5,6,7,8,9",-5.567,True,True,0.07454643434524878,False,False,False
rosetta_repack,HIV1_CA,10,10,0,-6.506,0.5049999999999999,0.5049999999999999,"0,1,2,3,4,5,6,7,8,9",-1.6019999999999994,True,True,-0.3152309612983771,False,False,False
rosetta_repack,Menin,10,10,0,-7.297,-0.2079999999999993,-0.2079999999999993,"0,1,2,3,4,5,6,7,8,9",-0.1869999999999994,True,True,1.1122994652406415,True,True,True
rosetta_repack,GCGR,10,10,0,-4.47,-0.8129999999999997,-0.8129999999999997,"0,1,2,3,4,5,6,7,8,9",-1.407,True,True,0.577825159914712,True,False,False
rosetta_repack,THSR,10,10,0,-10.221,-1.0830000000000002,-1.0830000000000002,"0,1,2,3,4,5,6,7,8,9",-1.9719999999999995,True,True,0.5491886409736311,True,False,False
rosetta_repack,p53_Y220C__4AGQ,10,10,0,-5.247,0.1310000000000002,0.1310000000000002,"0,1,2,3,4,5,6,7,8,9",-1.903,True,True,-0.06883867577509206,False,False,False
rosetta_repack,HIF2alpha__6D0B,10,10,0,-7.073,3.407,3.407,"0,1,2,3,4,5,6,7,8,9",0.0500000000000007,False,True,,False,False,False
rosetta_repack,HIV_RT__3V81,10,10,0,-6.722,-0.5110000000000001,-0.5110000000000001,"0,1,2,3,4,5,6,7,8,9",-3.8089999999999993,True,True,0.13415594644263593,False,False,False
rosetta_repack,THSR__7UTZ,10,10,0,-6.732,-0.5680000000000005,-0.5680000000000005,"0,1,2,3,4,5,6,7,8,9",-0.7750000000000004,True,True,0.732903225806452,True,False,False
rosetta_repack,Bcl-xL,10,10,0,-9.459,-0.766,-0.766,"0,1,2,3,4,5,6,7,8,9",-0.0519999999999996,True,True,14.730769230769344,True,True,True
rosetta_repack,betaLG,10,10,0,-4.926,-0.6610000000000005,-0.6610000000000005,"0,1,2,3,4,5,6,7,8,9",-3.4030000000000005,True,True,0.19424037613870127,False,False,False
rosetta_repack,NDPK-A,10,10,0,-6.387,0.1260000000000003,0.1260000000000003,"0,1,2,3,4,5,6,7,8,9",-1.4320000000000004,True,True,-0.08798882681564264,False,False,False
rosetta_repack,GLTP,10,10,0,-5.681,-0.508,-0.508,"0,1,2,3,4,5,6,7,8,9",-0.867,True,True,0.5859284890426759,True,False,False
rosetta_repack,SHP2,10,10,0,-8.317,0.4250000000000007,0.4250000000000007,"0,1,2,3,4,5,6,7,8,9",-1.6579999999999997,True,True,-0.25633293124246126,False,False,False
rosetta_repack,METTL14,10,10,0,-7.692,-0.1400000000000005,-0.1400000000000005,"0,1,2,3,4,5,6,7,8,9",-2.898,True,True,0.048309178743961526,False,False,False
rosetta_repack,FUT8,10,10,0,-8.237,0.0649999999999995,0.0649999999999995,"0,1,2,3,4,5,6,7,8,9",-1.508000000000001,True,True,-0.04310344827586171,False,False,False
rosetta_fastrelax,p53_Y220C,10,10,0,-4.741,0.2410000000000005,0.2410000000000005,"0,1,2,3,4,5,6,7,8,9",-2.5249999999999995,True,True,-0.09544554455445566,False,False,False
rosetta_fastrelax,CB1,10,10,0,-9.174,1.3360000000000003,1.3360000000000003,"0,1,2,3,4,5,6,7,8,9",-0.1400000000000005,True,True,-9.54285714285711,False,False,False
rosetta_fastrelax,KRAS,10,10,0,-6.104,-0.5339999999999998,-0.5339999999999998,"0,1,2,3,4,5,6,7,8,9",-2.4960000000000004,True,True,0.21394230769230757,False,False,False
rosetta_fastrelax,cAbl,10,10,0,-8.868,-1.6320000000000006,-1.6320000000000006,"0,1,2,3,4,5,6,7,8,9",-3.624,True,True,0.4503311258278147,False,False,False
rosetta_fastrelax,HIF2alpha,10,10,0,-4.921,3.742,3.742,"0,1,2,3,4,5,6,7,8,9",0.4749999999999996,False,True,,False,False,False
rosetta_fastrelax,HIV_RT,10,10,0,-6.941,-0.3479999999999998,-0.3479999999999998,"0,1,2,3,4,5,6,7,8,9",-5.567,True,True,0.06251122687264232,False,False,False
rosetta_fastrelax,HIV1_CA,10,10,0,-7.087,-0.0759999999999996,-0.0759999999999996,"0,1,2,3,4,5,6,7,8,9",-1.6019999999999994,True,True,0.047440699126092147,False,False,False
rosetta_fastrelax,Menin,10,10,0,-7.548,-0.4589999999999996,-0.4589999999999996,"0,1,2,3,4,5,6,7,8,9",-0.1869999999999994,True,True,2.4545454545454604,True,True,True
rosetta_fastrelax,GCGR,10,10,0,-4.941,-1.2839999999999998,-1.2839999999999998,"0,1,2,3,4,5,6,7,8,9",-1.407,True,True,0.9125799573560766,True,True,False
rosetta_fastrelax,THSR,10,10,0,-9.512,-0.3740000000000005,-0.3740000000000005,"0,1,2,3,4,5,6,7,8,9",-1.9719999999999995,True,True,0.1896551724137934,False,False,False
rosetta_fastrelax,p53_Y220C__4AGQ,10,10,0,-5.491,-0.1129999999999995,-0.1129999999999995,"0,1,2,3,4,5,6,7,8,9",-1.903,True,True,0.05937992643194929,False,False,False
rosetta_fastrelax,HIF2alpha__6D0B,10,10,0,-4.039,6.441000000000001,6.441000000000001,"0,1,2,3,4,5,6,7,8,9",0.0500000000000007,False,True,,False,False,False
rosetta_fastrelax,HIV_RT__3V81,10,10,0,-6.715,-0.5039999999999996,-0.5039999999999996,"0,1,2,3,4,5,6,7,8,9",-3.8089999999999993,True,True,0.13231819375164075,False,False,False
rosetta_fastrelax,THSR__7UTZ,10,10,0,-6.567,-0.4030000000000004,-0.4030000000000004,"0,1,2,3,4,5,6,7,8,9",-0.7750000000000004,True,True,0.5200000000000002,True,False,False
rosetta_fastrelax,Bcl-xL,10,10,0,-8.508,0.1850000000000005,0.1850000000000005,"0,1,2,3,4,5,6,7,8,9",-0.0519999999999996,True,True,-3.5576923076923443,False,False,False
rosetta_fastrelax,betaLG,10,10,0,-5.183,-0.918,-0.918,"0,1,2,3,4,5,6,7,8,9",-3.4030000000000005,True,True,0.269761974728181,False,False,False
rosetta_fastrelax,NDPK-A,10,10,0,-7.23,-0.7170000000000005,-0.7170000000000005,"0,1,2,3,4,5,6,7,8,9",-1.4320000000000004,True,True,0.5006983240223466,True,False,False
rosetta_fastrelax,GLTP,10,10,0,-5.296,-0.1230000000000002,-0.1230000000000002,"0,1,2,3,4,5,6,7,8,9",-0.867,True,True,0.14186851211072687,False,False,False
rosetta_fastrelax,SHP2,10,10,0,-9.231,-0.488999999999999,-0.488999999999999,"0,1,2,3,4,5,6,7,8,9",-1.6579999999999997,True,True,0.2949336550060308,False,False,False
rosetta_fastrelax,METTL14,10,10,0,-7.091,0.4609999999999994,0.4609999999999994,"0,1,2,3,4,5,6,7,8,9",-2.898,True,True,-0.1590752242926154,False,False,False
rosetta_fastrelax,FUT8,10,10,0,-7.883,0.4189999999999996,0.4189999999999996,"0,1,2,3,4,5,6,7,8,9",-1.508000000000001,True,True,-0.2778514588859412,False,False,False
