method,target,heavy_atom_ratio,mw_ratio,tanimoto,rg_ratio
apo2mol,Bcl-xL,1.0,0.9592228617511181,0.060240963855421686,0.9248767945744838
apo2mol,CB1,1.0263157894736843,1.0158446525247196,0.07086614173228346,0.8550675770705157
apo2mol,FUT8,1.0,0.9214731985644704,0.05319148936170213,0.6496226839955144
apo2mol,GCGR,0.8888888888888888,0.8445418112739744,0.06449948400412797,0.7959903254408167
apo2mol,GLTP,0.9523809523809523,0.914433771064344,0.04285714285714286,0.6049849848657018
apo2mol,HIF2alpha,1.0,0.9230540199882888,0.038230519480519476,1.0624647485928764
apo2mol,HIF2alpha__6D0B,1.0,0.8642208461555827,0.03333744906778614,1.0800356122413586
apo2mol,HIV1_CA,1.0,0.9504283814040324,0.0893854748603352,1.7802072909950972
apo2mol,HIV_RT,1.0,0.8912847901976061,0.0875,1.1766586668898804
apo2mol,HIV_RT__3V81,1.0,1.0191660658495556,0.09210526315789473,1.2005251151278709
apo2mol,KRAS,1.0,1.0022484052319414,0.09649122807017543,0.9469364659831401
apo2mol,METTL14,1.0,1.0077838681170428,0.07692307692307693,0.658415169871628
apo2mol,Menin,1.0,1.0096197583074145,0.1015822059160743,0.902444091139283
apo2mol,NDPK-A,1.0,0.8756375774514691,0.05620815965643552,0.8983536492669036
apo2mol,SHP2,1.0,0.9225113585199133,0.06666666666666667,0.9759056996067337
apo2mol,THSR,1.0,1.02712050864323,0.07801418439716312,0.9463417422399549
apo2mol,THSR__7UTZ,1.0,0.9649513819068974,0.0625,0.6940553460185432
apo2mol,betaLG,1.0,1.0032325742951,0.07947368421052631,0.7177002862792317
apo2mol,cAbl,1.0,0.9412110248051094,0.067634428678118,0.909439808630931
apo2mol,p53_Y220C,1.0,1.0189315100631777,0.038218111002921135,0.805931001379195
apo2mol,p53_Y220C__4AGQ,1.0,0.7937501811751752,0.07447651386530843,0.6768985959361978
molgen_ns1.0,Bcl-xL,0.8035714285714286,0.7767325673738644,0.09655172413793103,0.92887845427974
molgen_ns1.0,CB1,1.1447368421052633,1.1578350705356688,0.1223603314621759,1.0143326062701559
molgen_ns1.0,FUT8,1.2352941176470589,1.1589904601371432,0.0660377358490566,0.8493191142481601
molgen_ns1.0,GCGR,1.3703703703703705,1.2866010193403654,0.0656816220880069,1.0780886011307553
molgen_ns1.0,GLTP,0.9523809523809523,0.9310415059816561,0.07142857142857142,0.5779489973946519
molgen_ns1.0,HIF2alpha,1.125,1.0660156082004257,0.07792207792207792,1.015222535319065
molgen_ns1.0,HIF2alpha__6D0B,0.92,0.8137544799496389,0.05128205128205128,0.8783776185486012
molgen_ns1.0,HIV1_CA,0.71875,0.686539033518676,0.10112359550561797,1.0188030287654621
molgen_ns1.0,HIV_RT,0.9523809523809523,0.8482060834141116,0.07092555331991951,1.0405639321431397
molgen_ns1.0,HIV_RT__3V81,0.8,0.7876111511655853,0.15737874097007223,1.0483145445976574
molgen_ns1.0,KRAS,0.6829268292682927,0.7151599389286925,0.1206896551724138,0.8702207716581111
molgen_ns1.0,METTL14,0.8333333333333333,0.8423696046639144,0.11115951211785205,0.7834947236697942
molgen_ns1.0,Menin,0.9166666666666666,0.9047305852992884,0.10975609756097561,0.7162164419564745
molgen_ns1.0,NDPK-A,0.9814814814814814,0.9410479327158283,0.05618686868686869,0.9925064482360973
molgen_ns1.0,SHP2,0.8846153846153846,0.8061121116614138,0.10529556650246305,0.8942043385313061
molgen_ns1.0,THSR,1.051282051282051,1.0612503318442519,0.1320071753475559,1.1007904275602003
molgen_ns1.0,THSR__7UTZ,0.975,0.9470113758603957,0.09491634491634492,0.8129365052690867
molgen_ns1.0,betaLG,1.1904761904761905,1.2028632369728305,0.0684931506849315,0.8112484901814949
molgen_ns1.0,cAbl,0.9310344827586207,0.870620958550496,0.13124551757112118,0.9028816411769357
molgen_ns1.0,p53_Y220C,1.0227272727272727,1.0286896921555813,0.09568439407149085,0.8929021709855022
molgen_ns1.0,p53_Y220C__4AGQ,0.9333333333333333,0.7439738721241461,0.1111111111111111,0.791256387904928
