target,ccd,heavy_atoms,crystal_heavy_atoms,molecular_weight,ligand_rg
p53_Y220C,QC5,22,22,298.365,3.839687242450185
CB1,A1AIW,38,38,526.6130000000002,5.499782943400153
KRAS,MOV,41,41,562.6210000000003,4.724616794749373
cAbl,P16,29,29,427.29100000000017,4.816848638496244
HIF2alpha,018,20,20,302.277,3.4228932798146077
HIV_RT,EFZ,21,21,315.6780000000001,3.09662673758518
HIV1_CA,QNG,64,64,968.2960000000006,5.5661725807533555
Menin,V6N,24,24,325.372,4.99588304013359
GCGR,PE5,27,24,398.4930000000002,5.292842350038503
THSR,HOI,39,39,523.5890000000003,4.751127430060493
p53_Y220C__4AGQ,P96,30,30,517.455,5.341836122637151
HIF2alpha__6D0B,FOV,25,25,398.72100000000006,3.9570136780152785
HIV_RT__3V81,NVP,20,20,266.304,2.9030623809177776
THSR__7UTZ,Z41,40,40,568.9240000000005,6.476020942822453
Bcl-xL,N3C,56,56,813.4459999999997,6.84479231786335
betaLG,RTL,21,21,286.459,4.781212163308265
NDPK-A,ADP,27,27,427.20300000000015,3.9109699223954704
GLTP,SPH,21,20,299.49899999999997,5.772738569128174
SHP2,A1H4Q,26,26,390.8960000000001,4.096863396110558
METTL14,A1JI7,39,39,530.7130000000002,6.370822093931931
FUT8,XC9,34,34,505.4580000000002,7.1122941688523165
