target,holo_pdb,holo_release,holo_deposition,source
HIV_RT,1FK9,2000-11-03,2000-08-09,https://data.rcsb.org/rest/v1/core/entry/1FK9
betaLG,1GX8,2002-06-13,2002-03-29,https://data.rcsb.org/rest/v1/core/entry/1GX8
GLTP,2EUM,2006-11-14,2005-10-28,https://data.rcsb.org/rest/v1/core/entry/2EUM
Bcl-xL,2YXJ,2007-05-22,2007-04-26,https://data.rcsb.org/rest/v1/core/entry/2YXJ
NDPK-A,2HVD,2006-09-19,2006-07-28,https://data.rcsb.org/rest/v1/core/entry/2HVD
HIV_RT__3V81,3V81,2012-01-18,2011-12-22,https://data.rcsb.org/rest/v1/core/entry/3V81
GCGR,5EE7,2016-04-20,2015-10-22,https://data.rcsb.org/rest/v1/core/entry/5EE7
KRAS,6OIM,2019-11-06,2019-04-09,https://data.rcsb.org/rest/v1/core/entry/6OIM
p53_Y220C,3ZME,2013-05-08,2013-02-07,https://data.rcsb.org/rest/v1/core/entry/3ZME
p53_Y220C__4AGQ,4AGQ,2012-03-21,2012-01-30,https://data.rcsb.org/rest/v1/core/entry/4AGQ
cAbl,2FO0,2006-03-21,2006-01-12,https://data.rcsb.org/rest/v1/core/entry/2FO0
HIV1_CA,7RJ4,2022-07-27,2021-07-20,https://data.rcsb.org/rest/v1/core/entry/7RJ4
Menin,7O9Z,2022-07-27,2021-04-18,https://data.rcsb.org/rest/v1/core/entry/7O9Z
THSR__7UTZ,7UTZ,2022-08-03,2022-04-28,https://data.rcsb.org/rest/v1/core/entry/7UTZ
THSR,7XW5,2022-08-24,2022-05-26,https://data.rcsb.org/rest/v1/core/entry/7XW5
HIF2alpha,3H7W,2010-01-12,2009-04-28,https://data.rcsb.org/rest/v1/core/entry/3H7W
HIF2alpha__6D0B,6D0B,2018-10-31,2018-04-10,https://data.rcsb.org/rest/v1/core/entry/6D0B
SHP2,8S0H,2024-03-20,2024-02-14,https://data.rcsb.org/rest/v1/core/entry/8S0H
CB1,9B54,2025-03-05,2024-03-22,https://data.rcsb.org/rest/v1/core/entry/9B54
FUT8,9L62,2026-01-07,2024-12-23,https://data.rcsb.org/rest/v1/core/entry/9L62
METTL14,9RS3,2026-03-18,2025-06-30,https://data.rcsb.org/rest/v1/core/entry/9RS3
