method,target,protein,tier,n_samples,apo_recovered,holo_recovered,both_recovered,apo_samples,holo_samples
apo2mol,Bcl-xL,Bcl-xL,1,30,1,0,0,"0,1,2,3,4,5,6,7,8,9,10,11,12,13,14,15,16,17,18,19,20,21,22,23,24,25,26,27,28,29",
apo2mol,Bcl-xL,Bcl-xL,2,30,1,0,0,"0,2,9,11,14,18,19,20,24,25,26,27,28,29",
apo2mol,Bcl-xL,Bcl-xL,3,30,0,0,0,,
apo2mol,CB1,CB1,1,30,1,0,0,"0,1,2,3,4,5,6,7,9,10,11,12,14,16,17,19,20,22,23,24,27,28",
apo2mol,CB1,CB1,2,30,1,0,0,"0,1,2,3,4,6,7,9,12,14,19,23",
apo2mol,CB1,CB1,3,30,0,0,0,,
apo2mol,FUT8,FUT8,1,30,1,1,1,"0,1,3,5,6,7,8,9,10,11,12,13,14,15,17,18,19,20,21,22,23,24,25,26,29","2,27,28"
apo2mol,FUT8,FUT8,2,30,1,0,0,"1,19,29",
apo2mol,FUT8,FUT8,3,30,1,0,0,19,
apo2mol,GCGR,GCGR,1,30,1,0,0,"0,1,2,3,4,5,6,7,8,9,10,11,12,13,14,15,16,17,18,19,20,21,22,23,24,25,26,27,28,29",
apo2mol,GCGR,GCGR,2,30,1,0,0,"0,1,2,3,4,5,6,7,9,10,11,12,13,14,15,16,17,18,21,22,24,25,27,28,29",
apo2mol,GCGR,GCGR,3,30,1,0,0,12,
apo2mol,GLTP,GLTP,1,30,1,0,0,"0,1,2,3,4,5,6,7,8,9,10,11,12,13,14,15,16,17,18,19,20,21,22,23,24,25,26,27,28,29",
apo2mol,GLTP,GLTP,2,30,1,0,0,"0,1,2,3,4,5,6,7,8,9,10,11,12,13,14,15,17,20,21,22,23,27,28,29",
apo2mol,GLTP,GLTP,3,30,1,0,0,"2,3,4,5,10,11,14,17,21,22,27",
apo2mol,HIF2alpha,HIF2alpha,1,30,1,0,0,"0,1,2,3,4,5,6,7,8,9,10,11,12,14,15,16,17,18,19,20,21,22,23,24,25,26,27,28,29",
apo2mol,HIF2alpha,HIF2alpha,2,30,1,0,0,"0,1,2,3,4,5,6,7,9,11,12,14,16,17,18,19,21,24,26,27,28,29",
apo2mol,HIF2alpha,HIF2alpha,3,30,1,0,0,"2,3,11,12,14,17,19,24,26,27,29",
apo2mol,HIF2alpha__6D0B,HIF2alpha,1,30,1,0,0,"0,1,2,3,4,5,6,7,8,9,10,11,12,13,14,15,16,17,18,19,20,21,23,24,25,26,27,28,29",
apo2mol,HIF2alpha__6D0B,HIF2alpha,2,30,1,0,0,"0,1,2,3,4,5,6,7,9,10,11,12,13,14,15,17,18,20,21,23,25,26,27,28,29",
apo2mol,HIF2alpha__6D0B,HIF2alpha,3,30,1,0,0,"0,2,4,7,10,12,13,18,20,25,27,28",
apo2mol,HIV1_CA,HIV1_CA,1,30,1,0,0,"0,1,3,5,6,7,10,11,12,14,15,19,21,22,23,25,26,27,29",
apo2mol,HIV1_CA,HIV1_CA,2,30,1,0,0,"0,1,3,5,6,7,10,11,12,14,15,19,21,22,23,25,26,27,29",
apo2mol,HIV1_CA,HIV1_CA,3,30,1,0,0,"3,5,6,7,10,11,12,14,23,29",
apo2mol,HIV_RT,HIV_RT,1,30,1,0,0,"0,1,2,3,4,5,6,7,8,9,10,11,12,13,14,15,16,17,18,19,20,21,22,23,24,25,26,27,28,29",
apo2mol,HIV_RT,HIV_RT,2,30,0,0,0,,
apo2mol,HIV_RT,HIV_RT,3,30,0,0,0,,
apo2mol,HIV_RT__3V81,HIV_RT,1,30,1,0,0,"0,1,2,3,4,5,6,7,8,9,11,12,13,14,15,16,17,18,20,21,22,23,24,25,26,27,28,29",
apo2mol,HIV_RT__3V81,HIV_RT,2,30,1,0,0,21,
apo2mol,HIV_RT__3V81,HIV_RT,3,30,0,0,0,,
apo2mol,KRAS,KRAS,1,30,1,0,0,"0,1,2,3,4,5,6,7,8,9,10,11,12,13,14,15,16,17,18,19,20,21,22,23,24,25,26,27,28,29",
apo2mol,KRAS,KRAS,2,30,1,0,0,"3,13,23,24",
apo2mol,KRAS,KRAS,3,30,1,0,0,24,
apo2mol,METTL14,METTL14,1,30,1,0,0,"0,1,2,3,5,6,7,8,9,11,12,13,14,16,18,19,20,21,22,23,24,25,26,27,28,29",
apo2mol,METTL14,METTL14,2,30,1,0,0,"5,20,28",
apo2mol,METTL14,METTL14,3,30,0,0,0,,
apo2mol,Menin,Menin,1,30,1,0,0,"10,20,28",
apo2mol,Menin,Menin,2,30,1,0,0,"10,20,28",
apo2mol,Menin,Menin,3,30,1,0,0,28,
apo2mol,NDPK-A,NDPK-A,1,30,1,0,0,"0,1,2,3,4,5,6,7,8,9,10,11,12,13,14,15,16,17,18,19,20,21,22,23,24,25,26,27,28,29",
apo2mol,NDPK-A,NDPK-A,2,30,1,0,0,"2,3,5,6,8,9,10,11,12,14,16,19,20,21,22,24,25,26,27",
apo2mol,NDPK-A,NDPK-A,3,30,1,0,0,"8,9,14,19",
apo2mol,SHP2,SHP2,1,30,1,0,0,"2,3,4,5,6,9,10,11,13,14,16,17,19,20,21,22,23,24,25,27,28,29",
apo2mol,SHP2,SHP2,2,30,1,0,0,"2,3,4,5,6,11,13,14,16,21,22,23,27,28,29",
apo2mol,SHP2,SHP2,3,30,1,0,0,"5,27",
apo2mol,THSR,THSR,1,30,1,0,0,"1,3,7,9,10,14,15,17,19,20,24,25,26,27,28,29",
apo2mol,THSR,THSR,2,30,1,0,0,"1,7,10,14,17,19,20,24,25,26,27,28",
apo2mol,THSR,THSR,3,30,1,0,0,20,
apo2mol,THSR__7UTZ,THSR,1,30,1,0,0,"0,1,2,3,4,5,6,7,9,10,11,12,13,14,15,16,17,18,19,20,21,22,23,24,25,26,27,28,29",
apo2mol,THSR__7UTZ,THSR,2,30,1,0,0,"0,1,3,9,11,13,20,21,24,26,27,28,29",
apo2mol,THSR__7UTZ,THSR,3,30,1,0,0,"1,3,13,20,21",
apo2mol,betaLG,betaLG,1,30,1,0,0,"5,7,9,10,11,12,13,15,16,17,19,21,28,29",
apo2mol,betaLG,betaLG,2,30,1,0,0,"5,7,9,10,11,12,13,15,16,17,19,21,28,29",
apo2mol,betaLG,betaLG,3,30,1,0,0,"9,28",
apo2mol,cAbl,cAbl,1,30,1,0,0,"0,1,2,3,4,5,6,7,8,9,10,11,12,13,14,15,16,17,18,19,20,21,22,23,24,25,26,27,28,29",
apo2mol,cAbl,cAbl,2,30,1,0,0,"0,2,4,5,8,9,10,12,13,17,18,22,23,27,28",
apo2mol,cAbl,cAbl,3,30,0,0,0,,
apo2mol,p53_Y220C,p53_Y220C,1,30,1,1,1,"13,29",6
apo2mol,p53_Y220C,p53_Y220C,2,30,1,1,1,"13,29",6
apo2mol,p53_Y220C,p53_Y220C,3,30,1,0,0,"13,29",
apo2mol,p53_Y220C__4AGQ,p53_Y220C,1,30,1,0,0,"0,4,6,8,11,12,14,17,19,24",
apo2mol,p53_Y220C__4AGQ,p53_Y220C,2,30,1,0,0,"0,4,6,8,11,12,14,17,19,24",
apo2mol,p53_Y220C__4AGQ,p53_Y220C,3,30,1,0,0,"0,6,8,11,12,17",
bbflow_refine,Bcl-xL,Bcl-xL,1,30,1,1,1,"3,5,12,15,16,17,19,20,21,27","0,1,2,6,8,9,10,13,14,22,23,24,25,26,28,29"
bbflow_refine,Bcl-xL,Bcl-xL,2,30,0,1,0,,"9,14,22"
bbflow_refine,Bcl-xL,Bcl-xL,3,30,0,0,0,,
bbflow_refine,CB1,CB1,1,30,1,1,1,"4,5,10,11,24,27","2,15,20,28"
bbflow_refine,CB1,CB1,2,30,1,0,0,"5,11,24,27",
bbflow_refine,CB1,CB1,3,30,0,0,0,,
bbflow_refine,FUT8,FUT8,1,30,1,0,0,"0,1,2,3,4,5,6,7,8,9,10,11,12,13,14,15,16,17,18,19,20,21,22,23,24,25,26,27,28,29",
bbflow_refine,FUT8,FUT8,2,30,1,0,0,"0,1,3,4,5,6,7,8,9,10,12,13,14,15,16,17,18,19,20,21,22,23,24,25,26",
bbflow_refine,FUT8,FUT8,3,30,1,0,0,"1,7,15,16,18,22,23,26",
bbflow_refine,GCGR,GCGR,1,30,1,0,0,"0,1,2,3,4,5,6,7,8,9,10,11,12,13,14,15,16,17,18,19,20,21,22,23,24,25,26,27,28,29",
bbflow_refine,GCGR,GCGR,2,30,0,0,0,,
bbflow_refine,GCGR,GCGR,3,30,0,0,0,,
bbflow_refine,GLTP,GLTP,1,30,1,0,0,"0,1,2,3,4,5,6,7,8,9,10,11,12,13,14,15,16,17,18,19,20,21,22,23,24,25,26,27,28,29",
bbflow_refine,GLTP,GLTP,2,30,1,0,0,"0,1,2,3,4,5,6,7,8,9,10,11,12,13,14,15,16,17,18,19,20,21,22,23,24,25,26,27,28,29",
bbflow_refine,GLTP,GLTP,3,30,1,0,0,"0,1,2,4,5,6,8,9,10,12,13,14,16,19,21,22,25,26,27,28,29",
bbflow_refine,HIF2alpha,HIF2alpha,1,30,1,1,1,"9,12,18,20,23,27","0,2,3,13,25,26"
bbflow_refine,HIF2alpha,HIF2alpha,2,30,1,1,1,"12,18,20,23,27","0,2,3,13,25,26"
bbflow_refine,HIF2alpha,HIF2alpha,3,30,0,0,0,,
bbflow_refine,HIF2alpha__6D0B,HIF2alpha,1,30,1,1,1,"2,5,10,17,21,23,25","9,13,20,24,26"
bbflow_refine,HIF2alpha__6D0B,HIF2alpha,2,30,1,1,1,"2,5,10,17,21,23,25","9,13,20,24,26"
bbflow_refine,HIF2alpha__6D0B,HIF2alpha,3,30,0,1,0,,9
bbflow_refine,HIV1_CA,HIV1_CA,1,30,1,1,1,"3,5,7,8,10,11,15,20,23,24,27",26
bbflow_refine,HIV1_CA,HIV1_CA,2,30,1,1,1,"3,5,7,8,10,11,15,20,23,24,27",26
bbflow_refine,HIV1_CA,HIV1_CA,3,30,1,0,0,"5,11,15,24,27",
bbflow_refine,HIV_RT,HIV_RT,1,30,1,0,0,"0,1,2,3,4,5,6,7,8,9,10,11,12,13,14,15,16,17,18,19,20,21,22,23,24,25,26,27,28,29",
bbflow_refine,HIV_RT,HIV_RT,2,30,1,0,0,"0,1,2,3,4,5,6,7,8,10,13,14,15,16,17,18,19,20,21,22,23,25,26,27,28,29",
bbflow_refine,HIV_RT,HIV_RT,3,30,1,0,0,"3,7,10,13,15,18,19,20,21,22,26,29",
bbflow_refine,HIV_RT__3V81,HIV_RT,1,30,1,0,0,"0,1,2,3,4,5,6,7,8,9,10,11,12,13,14,15,16,17,18,19,20,21,22,23,24,25,26,27,28,29",
bbflow_refine,HIV_RT__3V81,HIV_RT,2,30,1,0,0,"0,1,2,3,4,5,6,7,8,9,10,11,12,13,14,15,16,17,18,19,20,21,22,23,25,26,27,28,29",
bbflow_refine,HIV_RT__3V81,HIV_RT,3,30,1,0,0,"3,6,7,8,9,10,15,16,18,21,22,23,29",
bbflow_refine,KRAS,KRAS,1,30,1,1,1,"1,2,3,4,5,6,7,8,9,10,11,12,13,14,15,16,17,18,19,20,21,22,23,24,25,26,27,28,29",0
bbflow_refine,KRAS,KRAS,2,30,0,0,0,,
bbflow_refine,KRAS,KRAS,3,30,0,0,0,,
bbflow_refine,METTL14,METTL14,1,30,1,0,0,"0,1,2,3,4,5,6,7,8,9,10,11,12,13,14,15,16,17,18,19,20,21,22,23,24,25,26,27,28,29",
bbflow_refine,METTL14,METTL14,2,30,1,0,0,"0,1,2,3,4,5,6,7,8,9,10,11,12,13,14,15,16,17,18,19,20,21,22,23,24,25,26,27,28,29",
bbflow_refine,METTL14,METTL14,3,30,1,0,0,"1,2,3,5,6,7,8,9,11,14,15,16,22,27,28",
bbflow_refine,Menin,Menin,1,30,1,1,1,"3,10,11,12,15,16,17,19,21,23,26,28","1,4,14,18,20,22,25,29"
bbflow_refine,Menin,Menin,2,30,1,1,1,"3,10,11,12,15,16,17,19,21,23,26,28","1,4,14,18,20,22,25,29"
bbflow_refine,Menin,Menin,3,30,1,1,1,"3,10,11,15,16,17,21,23,28","1,20,22,29"
bbflow_refine,NDPK-A,NDPK-A,1,30,1,1,1,"1,2,3,5,6,8,9,10,12,15,16,18,19,22,23,25,26,27,29","4,7,11,13,24"
bbflow_refine,NDPK-A,NDPK-A,2,30,0,1,0,,7
bbflow_refine,NDPK-A,NDPK-A,3,30,0,0,0,,
bbflow_refine,SHP2,SHP2,1,30,1,1,1,"0,2,7,12,14,16,17,19,21,27","3,8,10,20"
bbflow_refine,SHP2,SHP2,2,30,1,1,1,"2,16,21",20
bbflow_refine,SHP2,SHP2,3,30,0,0,0,,
bbflow_refine,THSR,THSR,1,30,1,1,1,"14,17,22","4,7,8,28"
bbflow_refine,THSR,THSR,2,30,1,1,1,14,"4,7"
bbflow_refine,THSR,THSR,3,30,0,0,0,,
bbflow_refine,THSR__7UTZ,THSR,1,30,1,1,1,"5,6,7,8,9,10,14,16,17,19,20,21,22,24,26,27,28,29","2,12,15"
bbflow_refine,THSR__7UTZ,THSR,2,30,1,1,1,"14,17,22,29",12
bbflow_refine,THSR__7UTZ,THSR,3,30,0,0,0,,
bbflow_refine,betaLG,betaLG,1,30,1,0,0,"3,11,18,19,27,28",
bbflow_refine,betaLG,betaLG,2,30,1,0,0,"3,11,18,19,27,28",
bbflow_refine,betaLG,betaLG,3,30,0,0,0,,
bbflow_refine,cAbl,cAbl,1,30,1,0,0,"0,1,2,3,4,5,6,7,8,9,10,11,12,13,15,16,17,18,20,21,22,23,24,25,26,27,28,29",
bbflow_refine,cAbl,cAbl,2,30,1,0,0,"10,11,15,22,23",
bbflow_refine,cAbl,cAbl,3,30,0,0,0,,
bbflow_refine,p53_Y220C,p53_Y220C,1,30,1,1,1,"0,1,2,3,4,5,6,7,8,9,10,11,12,13,14,15,16,17,18,19,20,21,23,24,26,27,28,29","22,25"
bbflow_refine,p53_Y220C,p53_Y220C,2,30,1,1,1,"0,1,2,3,4,5,6,7,8,9,10,11,12,13,14,15,16,17,18,19,20,21,23,24,26,27,28,29","22,25"
bbflow_refine,p53_Y220C,p53_Y220C,3,30,1,1,1,"0,1,2,3,4,5,6,7,8,9,10,11,12,13,14,15,16,17,18,19,20,21,23,24,26,27,28,29","22,25"
bbflow_refine,p53_Y220C__4AGQ,p53_Y220C,1,30,1,1,1,"2,3,7,8,13,14,15,16,18,19,23,29","0,1,4,5,6,9,10,11,12,17,20,21,22,24,25,26,27,28"
bbflow_refine,p53_Y220C__4AGQ,p53_Y220C,2,30,1,1,1,"2,3,7,8,13,14,15,16,18,19,23,29","0,1,4,5,6,9,10,11,12,17,20,21,22,24,25,26,27,28"
bbflow_refine,p53_Y220C__4AGQ,p53_Y220C,3,30,1,1,1,"2,3,7,8,13,14,15,16,19,23,29","0,1,4,5,6,9,10,11,12,17,20,21,22,24,25,26,27,28"
bioemu_refine,Bcl-xL,Bcl-xL,1,24,0,1,0,,"300,700,1200,1300,1400,1900,2000,2300"
bioemu_refine,Bcl-xL,Bcl-xL,2,24,0,1,0,,1400
bioemu_refine,Bcl-xL,Bcl-xL,3,24,0,0,0,,
bioemu_refine,CB1,CB1,1,30,1,1,1,"800,1000,2800",100
bioemu_refine,CB1,CB1,2,30,0,0,0,,
bioemu_refine,CB1,CB1,3,30,0,0,0,,
bioemu_refine,FUT8,FUT8,1,26,1,0,0,"0,100,200,300,400,500,600,700,800,900,1000,1100,1200,1300,1400,1500,1600,1700,1800,1900,2000,2100,2200,2300,2400,2500",
bioemu_refine,FUT8,FUT8,2,26,1,0,0,"0,800,1200,1500,1800,1900,2300",
bioemu_refine,FUT8,FUT8,3,26,1,0,0,1800,
bioemu_refine,GCGR,GCGR,1,24,1,0,0,"0,100,200,300,400,500,600,700,800,900,1000,1100,1200,1300,1400,1500,1600,1700,1800,1900,2000,2100,2200,2300",
bioemu_refine,GCGR,GCGR,2,24,0,0,0,,
bioemu_refine,GCGR,GCGR,3,24,0,0,0,,
bioemu_refine,GLTP,GLTP,1,30,1,1,1,"0,300,400,500,1000,1100,1300,1400,1500,2000,2100","200,700,1200,1600,1700,1800,2200,2300,2400,2500,2700,2800"
bioemu_refine,GLTP,GLTP,2,30,1,1,1,"1100,1400,2000","700,1600,1700,1800,2200,2300,2400,2500,2800"
bioemu_refine,GLTP,GLTP,3,30,0,1,0,,"700,1800"
bioemu_refine,HIF2alpha,HIF2alpha,1,29,0,1,0,,"100,300,700,800,900,1100,1200,1400,1500,1800,1900,2000,2200,2300,2400,2600,2700"
bioemu_refine,HIF2alpha,HIF2alpha,2,29,0,1,0,,"100,300,700,900,1100,1200,1400,1500,1900,2300,2400,2600,2700"
bioemu_refine,HIF2alpha,HIF2alpha,3,29,0,1,0,,300
bioemu_refine,HIF2alpha__6D0B,HIF2alpha,1,29,1,1,1,1100,"0,100,300,400,800,1200,1600,1800,1900,2300,2400,2500"
bioemu_refine,HIF2alpha__6D0B,HIF2alpha,2,29,1,1,1,1100,"0,100,300,800,1200,1800,1900,2400"
bioemu_refine,HIF2alpha__6D0B,HIF2alpha,3,29,0,0,0,,
bioemu_refine,HIV1_CA,HIV1_CA,1,28,1,1,1,"1800,2700","400,1000,1400,2100,2300,2500,2600"
bioemu_refine,HIV1_CA,HIV1_CA,2,28,1,1,1,"1800,2700","400,1000,1400,2100,2300,2500,2600"
bioemu_refine,HIV1_CA,HIV1_CA,3,28,1,1,1,2700,1400
bioemu_refine,HIV_RT,HIV_RT,1,26,1,0,0,"200,500,1400,2100",
bioemu_refine,HIV_RT,HIV_RT,2,26,0,0,0,,
bioemu_refine,HIV_RT,HIV_RT,3,26,0,0,0,,
bioemu_refine,HIV_RT__3V81,HIV_RT,1,26,1,0,0,"0,100,200,300,400,500,600,700,800,900,1000,1100,1200,1300,1400,1500,1600,1700,1800,1900,2000,2100,2200,2300,2400,2500",
bioemu_refine,HIV_RT__3V81,HIV_RT,2,26,1,0,0,"300,900,2300",
bioemu_refine,HIV_RT__3V81,HIV_RT,3,26,0,0,0,,
bioemu_refine,KRAS,KRAS,1,30,1,1,1,"100,400,600,1000,1100,1300,1400,1600,1700,1800,2000,2100,2700,2800,2900","200,1200"
bioemu_refine,KRAS,KRAS,2,30,0,0,0,,
bioemu_refine,KRAS,KRAS,3,30,0,0,0,,
bioemu_refine,METTL14,METTL14,1,7,1,0,0,"0,100,400,500,600",
bioemu_refine,METTL14,METTL14,2,7,1,0,0,"100,400,600",
bioemu_refine,METTL14,METTL14,3,7,0,0,0,,
bioemu_refine,Menin,Menin,1,22,1,1,1,600,400
bioemu_refine,Menin,Menin,2,22,1,1,1,600,400
bioemu_refine,Menin,Menin,3,22,0,0,0,,
bioemu_refine,NDPK-A,NDPK-A,1,25,1,1,1,900,"100,800,1300,2100"
bioemu_refine,NDPK-A,NDPK-A,2,25,0,1,0,,1300
bioemu_refine,NDPK-A,NDPK-A,3,25,0,0,0,,
bioemu_refine,SHP2,SHP2,1,22,0,0,0,,
bioemu_refine,SHP2,SHP2,2,22,0,0,0,,
bioemu_refine,SHP2,SHP2,3,22,0,0,0,,
bioemu_refine,THSR,THSR,1,22,1,1,1,"1700,2000,2100","100,900,1100,1900"
bioemu_refine,THSR,THSR,2,22,0,1,0,,"100,900,1100"
bioemu_refine,THSR,THSR,3,22,0,0,0,,
bioemu_refine,THSR__7UTZ,THSR,1,22,1,1,1,"100,500,900,1600","400,700,800,1000,1100,1200,1300,1400"
bioemu_refine,THSR__7UTZ,THSR,2,22,0,1,0,,1400
bioemu_refine,THSR__7UTZ,THSR,3,22,0,0,0,,
bioemu_refine,betaLG,betaLG,1,29,1,0,0,"300,1700,2300,2700,2800",
bioemu_refine,betaLG,betaLG,2,29,1,0,0,"300,1700,2300,2700,2800",
bioemu_refine,betaLG,betaLG,3,29,0,0,0,,
bioemu_refine,cAbl,cAbl,1,19,1,0,0,"700,1800",
bioemu_refine,cAbl,cAbl,2,19,0,0,0,,
bioemu_refine,cAbl,cAbl,3,19,0,0,0,,
bioemu_refine,p53_Y220C,p53_Y220C,1,27,1,1,1,"300,500,600,900,1000,1500,1900,2100,2300,2400","100,200,400,1100,1200,1400,2000,2200,2600"
bioemu_refine,p53_Y220C,p53_Y220C,2,27,1,1,1,"300,500,600,900,1000,1500,1900,2100,2300,2400","100,200,400,1100,1200,1400,2000,2200,2600"
bioemu_refine,p53_Y220C,p53_Y220C,3,27,1,1,1,"300,600,1000,1900,2100,2300,2400","200,400,1100,1400,2000"
bioemu_refine,p53_Y220C__4AGQ,p53_Y220C,1,27,1,1,1,"600,1100,1400","0,200,400,500,800,1000,1200,1500,1900,2300"
bioemu_refine,p53_Y220C__4AGQ,p53_Y220C,2,27,1,1,1,"600,1100,1400","0,200,400,500,800,1000,1200,1500,1900,2300"
bioemu_refine,p53_Y220C__4AGQ,p53_Y220C,3,27,1,1,1,"1100,1400","200,1000,1200,1500,1900,2300"
boltz2,Bcl-xL,Bcl-xL,1,30,0,0,0,,
boltz2,Bcl-xL,Bcl-xL,2,30,0,0,0,,
boltz2,Bcl-xL,Bcl-xL,3,30,0,0,0,,
boltz2,CB1,CB1,1,30,1,0,0,"0,2,5,6,7,8,11,12,14,15,17,20,21,22,23,25,27",
boltz2,CB1,CB1,2,30,1,0,0,14,
boltz2,CB1,CB1,3,30,0,0,0,,
boltz2,FUT8,FUT8,1,30,1,0,0,"0,1,2,3,4,5,6,7,8,9,10,11,12,13,14,15,16,17,18,19,20,21,22,23,24,25,26,27,28,29",
boltz2,FUT8,FUT8,2,30,1,0,0,"0,1,2,3,4,5,6,7,8,9,10,11,12,13,14,15,16,17,18,19,20,21,22,23,24,25,26,27,28,29",
boltz2,FUT8,FUT8,3,30,1,0,0,"0,1,2,3,4,5,6,7,8,9,10,11,12,13,14,15,16,17,18,19,20,21,22,23,24,25,26,27,28,29",
boltz2,GCGR,GCGR,1,30,1,1,1,"0,1,7,8,11,19,23,24,27","2,3,4,5,6,9,10,12,13,14,15,16,17,18,20,21,22,25,26,28,29"
boltz2,GCGR,GCGR,2,30,0,0,0,,
boltz2,GCGR,GCGR,3,30,0,0,0,,
boltz2,GLTP,GLTP,1,30,1,1,1,"6,17,23,25,27","3,14,19,24,29"
boltz2,GLTP,GLTP,2,30,0,0,0,,
boltz2,GLTP,GLTP,3,30,0,0,0,,
boltz2,HIF2alpha,HIF2alpha,1,30,0,0,0,,
boltz2,HIF2alpha,HIF2alpha,2,30,0,0,0,,
boltz2,HIF2alpha,HIF2alpha,3,30,0,0,0,,
boltz2,HIF2alpha__6D0B,HIF2alpha,1,30,0,0,0,,
boltz2,HIF2alpha__6D0B,HIF2alpha,2,30,0,0,0,,
boltz2,HIF2alpha__6D0B,HIF2alpha,3,30,0,0,0,,
boltz2,HIV1_CA,HIV1_CA,1,30,0,1,0,,11
boltz2,HIV1_CA,HIV1_CA,2,30,0,1,0,,11
boltz2,HIV1_CA,HIV1_CA,3,30,0,1,0,,11
boltz2,HIV_RT,HIV_RT,1,30,0,0,0,,
boltz2,HIV_RT,HIV_RT,2,30,0,0,0,,
boltz2,HIV_RT,HIV_RT,3,30,0,0,0,,
boltz2,HIV_RT__3V81,HIV_RT,1,30,0,1,0,,11
boltz2,HIV_RT__3V81,HIV_RT,2,30,0,0,0,,
boltz2,HIV_RT__3V81,HIV_RT,3,30,0,0,0,,
boltz2,KRAS,KRAS,1,30,1,0,0,"0,1,2,3,4,5,6,7,8,9,10,11,12,13,14,15,16,17,18,19,20,21,22,23,24,25,26,27,28,29",
boltz2,KRAS,KRAS,2,30,0,0,0,,
boltz2,KRAS,KRAS,3,30,0,0,0,,
boltz2,METTL14,METTL14,1,30,0,0,0,,
boltz2,METTL14,METTL14,2,30,0,0,0,,
boltz2,METTL14,METTL14,3,30,0,0,0,,
boltz2,Menin,Menin,1,30,1,1,1,"0,2,3,7,29","1,4,5,6,8,9,10,11,12,13,14,15,16,17,18,19,20,21,22,23,24,25,26,27,28"
boltz2,Menin,Menin,2,30,1,1,1,"0,2,3,7,29","1,4,5,6,8,9,10,11,12,13,14,15,16,17,18,19,20,21,22,23,24,25,26,27,28"
boltz2,Menin,Menin,3,30,1,1,1,3,"1,4,5,6,8,9,11,12,13,14,15,17,18,19,20,21,22,23,26,27,28"
boltz2,NDPK-A,NDPK-A,1,30,0,0,0,,
boltz2,NDPK-A,NDPK-A,2,30,0,0,0,,
boltz2,NDPK-A,NDPK-A,3,30,0,0,0,,
boltz2,SHP2,SHP2,1,30,0,1,0,,10
boltz2,SHP2,SHP2,2,30,0,0,0,,
boltz2,SHP2,SHP2,3,30,0,0,0,,
boltz2,THSR,THSR,1,30,0,0,0,,
boltz2,THSR,THSR,2,30,0,0,0,,
boltz2,THSR,THSR,3,30,0,0,0,,
boltz2,THSR__7UTZ,THSR,1,30,0,0,0,,
boltz2,THSR__7UTZ,THSR,2,30,0,0,0,,
boltz2,THSR__7UTZ,THSR,3,30,0,0,0,,
boltz2,betaLG,betaLG,1,30,1,0,0,"1,2,4,9,10,11,12,15,16,18,23,29",
boltz2,betaLG,betaLG,2,30,1,0,0,"1,2,4,9,10,11,12,15,16,18,23,29",
boltz2,betaLG,betaLG,3,30,0,0,0,,
boltz2,cAbl,cAbl,1,30,1,1,1,"6,9,14,23,26,27,28,29","1,2,3,5,7,8,10,11,12,13,16,17,18,19,20,21,24,25"
boltz2,cAbl,cAbl,2,30,0,1,0,,"1,3,5,8,10,11,13,16,17,19,25"
boltz2,cAbl,cAbl,3,30,0,0,0,,
boltz2,p53_Y220C,p53_Y220C,1,30,1,0,0,"0,1,2,3,4,5,6,7,8,9,10,11,12,13,14,15,16,17,18,19,20,21,22,23,24,25,26,27,28,29",
boltz2,p53_Y220C,p53_Y220C,2,30,1,0,0,"0,1,2,3,4,5,6,7,8,9,10,11,12,13,14,15,16,17,18,19,20,21,22,23,24,25,26,27,28,29",
boltz2,p53_Y220C,p53_Y220C,3,30,1,0,0,"0,1,2,3,4,5,6,7,8,9,10,11,12,13,14,15,16,17,18,19,20,21,22,23,24,25,26,27,28,29",
boltz2,p53_Y220C__4AGQ,p53_Y220C,1,30,0,1,0,,"0,1,2,3,4,5,6,7,8,9,10,11,12,13,14,15,16,17,18,19,20,21,22,23,24,25,26,27,28,29"
boltz2,p53_Y220C__4AGQ,p53_Y220C,2,30,0,1,0,,"0,1,2,3,4,5,6,7,8,9,10,11,12,13,14,15,16,17,18,19,20,21,22,23,24,25,26,27,28,29"
boltz2,p53_Y220C__4AGQ,p53_Y220C,3,30,0,1,0,,"0,1,2,3,4,5,6,7,8,9,10,11,12,13,14,15,16,17,18,19,20,21,22,23,24,25,26,27,28,29"
confornet_nomsa,Bcl-xL,Bcl-xL,1,10,0,0,0,,
confornet_nomsa,Bcl-xL,Bcl-xL,2,10,0,0,0,,
confornet_nomsa,Bcl-xL,Bcl-xL,3,10,0,0,0,,
confornet_nomsa,CB1,CB1,1,30,0,0,0,,
confornet_nomsa,CB1,CB1,2,30,0,0,0,,
confornet_nomsa,CB1,CB1,3,30,0,0,0,,
confornet_nomsa,FUT8,FUT8,1,10,0,0,0,,
confornet_nomsa,FUT8,FUT8,2,10,0,0,0,,
confornet_nomsa,FUT8,FUT8,3,10,0,0,0,,
confornet_nomsa,GCGR,GCGR,1,30,1,0,0,"0,1,2,3,4,5,6,7,8,9,10,11,12,13,14,15,16,17,18,19,20,21,22,23,24,25,26,27,28,29",
confornet_nomsa,GCGR,GCGR,2,30,0,0,0,,
confornet_nomsa,GCGR,GCGR,3,30,0,0,0,,
confornet_nomsa,GLTP,GLTP,1,10,0,0,0,,
confornet_nomsa,GLTP,GLTP,2,10,0,0,0,,
confornet_nomsa,GLTP,GLTP,3,10,0,0,0,,
confornet_nomsa,HIF2alpha,HIF2alpha,1,30,0,1,0,,"14,19,29"
confornet_nomsa,HIF2alpha,HIF2alpha,2,30,0,1,0,,"14,19,29"
confornet_nomsa,HIF2alpha,HIF2alpha,3,30,0,0,0,,
confornet_nomsa,HIF2alpha__6D0B,HIF2alpha,1,30,1,1,1,4,"0,1,2,3,5,6,7,8,9,10,11,12,13,14,15,16,17,18,19,20,21,22,23,24,25,26,27,28,29"
confornet_nomsa,HIF2alpha__6D0B,HIF2alpha,2,30,1,1,1,4,"0,1,2,3,5,6,7,8,9,10,11,12,13,14,15,16,17,18,19,20,21,22,23,24,25,26,27,28,29"
confornet_nomsa,HIF2alpha__6D0B,HIF2alpha,3,30,0,1,0,,"1,8,11,14,16,17,20,22,24,26,27"
confornet_nomsa,HIV1_CA,HIV1_CA,1,30,1,1,1,"0,1,2,3,4,5,6,7,8,10,11,12,13,14,15,16,17,18,19,20,21,22,23,24,25,26,27,28,29",9
confornet_nomsa,HIV1_CA,HIV1_CA,2,30,1,1,1,"0,1,2,3,4,5,6,7,8,10,11,12,13,14,15,16,17,18,19,20,21,22,23,24,25,26,27,28,29",9
confornet_nomsa,HIV1_CA,HIV1_CA,3,30,1,1,1,"0,1,2,3,4,5,7,8,10,11,12,14,15,16,18,20,21,22,23,24,25,27,29",9
confornet_nomsa,HIV_RT,HIV_RT,1,10,0,0,0,,
confornet_nomsa,HIV_RT,HIV_RT,2,10,0,0,0,,
confornet_nomsa,HIV_RT,HIV_RT,3,10,0,0,0,,
confornet_nomsa,HIV_RT__3V81,HIV_RT,1,10,1,1,1,"0,1,2,3,4,6,7,8,9",5
confornet_nomsa,HIV_RT__3V81,HIV_RT,2,10,1,0,0,"0,2,3,4,6,8",
confornet_nomsa,HIV_RT__3V81,HIV_RT,3,10,0,0,0,,
confornet_nomsa,KRAS,KRAS,1,30,1,1,1,"1,2,8,9,10,11,12,18,19,26","0,3,4,5,6,7,13,14,15,16,17,20,21,22,23,24,25,27,28,29"
confornet_nomsa,KRAS,KRAS,2,30,0,0,0,,
confornet_nomsa,KRAS,KRAS,3,30,0,0,0,,
confornet_nomsa,METTL14,METTL14,1,10,0,0,0,,
confornet_nomsa,METTL14,METTL14,2,10,0,0,0,,
confornet_nomsa,METTL14,METTL14,3,10,0,0,0,,
confornet_nomsa,Menin,Menin,1,10,0,1,0,,"0,1,2,3,4,5,6,7,8,9"
confornet_nomsa,Menin,Menin,2,10,0,1,0,,"0,1,2,3,4,5,6,7,8,9"
confornet_nomsa,Menin,Menin,3,10,0,1,0,,"3,4,7,9"
confornet_nomsa,NDPK-A,NDPK-A,1,10,0,0,0,,
confornet_nomsa,NDPK-A,NDPK-A,2,10,0,0,0,,
confornet_nomsa,NDPK-A,NDPK-A,3,10,0,0,0,,
confornet_nomsa,SHP2,SHP2,1,10,0,0,0,,
confornet_nomsa,SHP2,SHP2,2,10,0,0,0,,
confornet_nomsa,SHP2,SHP2,3,10,0,0,0,,
confornet_nomsa,THSR,THSR,1,10,0,0,0,,
confornet_nomsa,THSR,THSR,2,10,0,0,0,,
confornet_nomsa,THSR,THSR,3,10,0,0,0,,
confornet_nomsa,THSR__7UTZ,THSR,1,10,0,0,0,,
confornet_nomsa,THSR__7UTZ,THSR,2,10,0,0,0,,
confornet_nomsa,THSR__7UTZ,THSR,3,10,0,0,0,,
confornet_nomsa,betaLG,betaLG,1,10,0,0,0,,
confornet_nomsa,betaLG,betaLG,2,10,0,0,0,,
confornet_nomsa,betaLG,betaLG,3,10,0,0,0,,
confornet_nomsa,cAbl,cAbl,1,30,1,0,0,"11,14,20,21,27",
confornet_nomsa,cAbl,cAbl,2,30,0,0,0,,
confornet_nomsa,cAbl,cAbl,3,30,0,0,0,,
confornet_nomsa,p53_Y220C,p53_Y220C,1,30,1,0,0,"0,1,2,3,4,5,6,7,8,9,10,11,12,13,14,15,16,17,18,19,21,22,23,24,25,26,27,28,29",
confornet_nomsa,p53_Y220C,p53_Y220C,2,30,1,0,0,"0,1,2,3,4,5,6,7,8,9,10,11,12,13,14,15,16,17,18,19,21,22,23,24,25,26,27,28,29",
confornet_nomsa,p53_Y220C,p53_Y220C,3,30,1,0,0,"0,1,4,5,6,7,8,9,10,12,13,14,15,17,21,22,23,24,25,26,27,28,29",
confornet_nomsa,p53_Y220C__4AGQ,p53_Y220C,1,30,0,1,0,,"0,1,2,3,4,5,6,7,8,9,10,11,12,13,14,15,16,17,18,19,20,21,22,23,24,25,26,27,28,29"
confornet_nomsa,p53_Y220C__4AGQ,p53_Y220C,2,30,0,1,0,,"0,1,2,3,4,5,6,7,8,9,10,11,12,13,14,15,16,17,18,19,20,21,22,23,24,25,26,27,28,29"
confornet_nomsa,p53_Y220C__4AGQ,p53_Y220C,3,30,0,1,0,,"0,1,2,3,4,5,6,7,8,9,10,11,12,13,14,15,16,17,18,19,20,21,22,23,24,25,26,27,28,29"
esmfold2,Bcl-xL,Bcl-xL,1,30,1,1,1,4,"0,2,3,6,7,8,10,11,12,13,15,16,17,18,19,20,21,22,23,24,25,26,27,28,29"
esmfold2,Bcl-xL,Bcl-xL,2,30,0,0,0,,
esmfold2,Bcl-xL,Bcl-xL,3,30,0,0,0,,
esmfold2,CB1,CB1,1,30,0,0,0,,
esmfold2,CB1,CB1,2,30,0,0,0,,
esmfold2,CB1,CB1,3,30,0,0,0,,
esmfold2,FUT8,FUT8,1,30,1,0,0,"0,1,2,3,4,5,6,7,8,9,10,11,12,13,14,15,16,17,18,19,20,21,22,23,24,25,26,27,28,29",
esmfold2,FUT8,FUT8,2,30,1,0,0,"0,1,2,3,4,5,6,7,8,9,10,11,12,13,14,15,16,17,18,19,20,21,22,23,24,25,26,27,28,29",
esmfold2,FUT8,FUT8,3,30,1,0,0,"2,4,7,9,12",
esmfold2,GCGR,GCGR,1,30,1,0,0,"0,1,2,3,4,5,6,7,8,9,10,11,12,13,14,15,16,17,18,19,20,21,22,23,24,25,26,27,28,29",
esmfold2,GCGR,GCGR,2,30,0,0,0,,
esmfold2,GCGR,GCGR,3,30,0,0,0,,
esmfold2,GLTP,GLTP,1,30,0,1,0,,"0,1,2,3,4,5,6,7,8,9,10,11,12,13,14,15,16,17,18,19,20,21,22,23,24,25,26,27,28,29"
esmfold2,GLTP,GLTP,2,30,0,1,0,,"0,1,2,3,4,5,6,7,9,12,14,15,16,17,20,21,22,23,24,26,28,29"
esmfold2,GLTP,GLTP,3,30,0,1,0,,"1,3,7,9,23,24,26,28"
esmfold2,HIF2alpha,HIF2alpha,1,30,0,1,0,,"0,1,2,3,4,5,6,7,8,9,10,11,12,13,14,15,16,17,18,19,20,21,22,23,24,25,26,27,28,29"
esmfold2,HIF2alpha,HIF2alpha,2,30,0,1,0,,"0,1,2,3,4,5,6,7,8,9,10,11,12,13,14,15,16,17,18,19,20,21,22,23,24,25,26,27,28,29"
esmfold2,HIF2alpha,HIF2alpha,3,30,0,0,0,,
esmfold2,HIF2alpha__6D0B,HIF2alpha,1,30,1,1,1,2,"0,1,3,4,5,6,7,8,9,10,11,12,13,14,15,16,17,18,19,20,21,22,23,24,25,26,27,28,29"
esmfold2,HIF2alpha__6D0B,HIF2alpha,2,30,1,1,1,2,"0,1,3,4,5,6,7,8,9,10,11,12,13,14,15,16,17,18,19,20,21,22,23,24,25,26,27,28,29"
esmfold2,HIF2alpha__6D0B,HIF2alpha,3,30,0,1,0,,"1,4,6,7,8,9,10,11,13,14,15,16,17,19,20,21,22,23,25,28"
esmfold2,HIV1_CA,HIV1_CA,1,30,0,1,0,,"0,2,26,27,29"
esmfold2,HIV1_CA,HIV1_CA,2,30,0,1,0,,"0,2,26,27,29"
esmfold2,HIV1_CA,HIV1_CA,3,30,0,0,0,,
esmfold2,HIV_RT,HIV_RT,1,30,0,0,0,,
esmfold2,HIV_RT,HIV_RT,2,30,0,0,0,,
esmfold2,HIV_RT,HIV_RT,3,30,0,0,0,,
esmfold2,HIV_RT__3V81,HIV_RT,1,30,1,1,1,"3,4,7,12,13,17,20,21,23,25,28","0,1,2,6,9,10,14,15,16,19,22,24,26,27,29"
esmfold2,HIV_RT__3V81,HIV_RT,2,30,1,1,1,3,"2,6,15,16,29"
esmfold2,HIV_RT__3V81,HIV_RT,3,30,0,1,0,,"15,16,29"
esmfold2,KRAS,KRAS,1,30,1,1,1,"1,2,3,6,8,11,12,13,16,17,18,19,22,23,24,26,27,28","0,4,5,7,10,14,15,20,25"
esmfold2,KRAS,KRAS,2,30,0,0,0,,
esmfold2,KRAS,KRAS,3,30,0,0,0,,
esmfold2,METTL14,METTL14,1,30,1,0,0,"0,1,2,3,5,6,7,8,9,10,11,12,13,14,15,16,17,18,19,20,21,22,23,24,25,26,27,28,29",
esmfold2,METTL14,METTL14,2,30,1,0,0,"0,1,2,3,5,6,7,8,9,10,11,12,13,14,15,16,17,18,19,20,21,22,23,24,25,26,27,28,29",
esmfold2,METTL14,METTL14,3,30,1,0,0,"0,1,2,3,5,6,7,8,9,10,11,12,13,14,15,16,17,18,19,20,21,22,23,24,25,26,27,28,29",
esmfold2,Menin,Menin,1,30,0,1,0,,"0,1,2,3,4,5,6,7,8,9,10,11,12,13,14,15,16,17,18,19,20,21,22,23,24,25,26,27,28,29"
esmfold2,Menin,Menin,2,30,0,1,0,,"0,1,2,3,4,5,6,7,8,9,10,11,12,13,14,15,16,17,18,19,20,21,22,23,24,25,26,27,28,29"
esmfold2,Menin,Menin,3,30,0,1,0,,"0,1,2,3,4,5,6,7,8,9,10,11,12,13,14,15,16,17,18,19,20,21,22,23,24,25,26,27,28,29"
esmfold2,NDPK-A,NDPK-A,1,30,0,1,0,,"0,1,2,3,4,5,6,7,8,9,10,11,12,13,14,15,16,17,18,19,20,21,22,23,24,25,26,27,28,29"
esmfold2,NDPK-A,NDPK-A,2,30,0,1,0,,"0,1,2,3,4,5,6,7,8,9,11,13,14,16,17,18,21,22,23,24,25,26,27,28"
esmfold2,NDPK-A,NDPK-A,3,30,0,1,0,,14
esmfold2,SHP2,SHP2,1,30,1,1,1,9,"0,1,2,3,4,5,6,7,8,10,11,12,13,14,15,16,17,18,19,20,21,22,23,24,25,26,27,28,29"
esmfold2,SHP2,SHP2,2,30,1,1,1,9,"0,1,2,3,4,5,6,7,8,10,11,12,13,14,15,16,17,18,19,20,21,22,23,24,25,26,27,28,29"
esmfold2,SHP2,SHP2,3,30,0,1,0,,"2,6,7,10,11,12,13,21,24,25,26,29"
esmfold2,THSR,THSR,1,30,0,1,0,,"0,2,6,7,9,11,14,15,16,17,18,19,20,24,25,26,27,28,29"
esmfold2,THSR,THSR,2,30,0,1,0,,"0,2,6,7,9,11,14,15,17,18,24,26,27,28,29"
esmfold2,THSR,THSR,3,30,0,0,0,,
esmfold2,THSR__7UTZ,THSR,1,30,1,1,1,"0,2,4,7,8,9,10,11,20,24,26,27,28,29","3,12,17,23"
esmfold2,THSR__7UTZ,THSR,2,30,0,0,0,,
esmfold2,THSR__7UTZ,THSR,3,30,0,0,0,,
esmfold2,betaLG,betaLG,1,30,1,0,0,"0,1,2,3,4,5,6,7,8,9,10,11,12,13,14,15,16,17,18,19,20,21,22,23,24,25,26,27,28,29",
esmfold2,betaLG,betaLG,2,30,1,0,0,"0,1,2,3,4,5,6,7,8,9,10,11,12,13,14,15,16,17,18,19,20,21,22,23,24,25,26,27,28,29",
esmfold2,betaLG,betaLG,3,30,1,0,0,"9,11,12,18,21",
esmfold2,cAbl,cAbl,1,30,1,1,1,"1,6,8,9,11,13,17,18,19,21,22,23,26,27,28,29",4
esmfold2,cAbl,cAbl,2,30,0,0,0,,
esmfold2,cAbl,cAbl,3,30,0,0,0,,
esmfold2,p53_Y220C,p53_Y220C,1,30,1,0,0,"0,1,2,3,4,5,6,7,8,9,10,11,12,13,14,15,16,17,18,19,20,21,22,23,24,25,26,27,28,29",
esmfold2,p53_Y220C,p53_Y220C,2,30,1,0,0,"0,1,2,3,4,5,6,7,8,9,10,11,12,13,14,15,16,17,18,19,20,21,22,23,24,25,26,27,28,29",
esmfold2,p53_Y220C,p53_Y220C,3,30,1,0,0,"0,1,2,3,4,5,6,7,8,9,10,11,12,13,14,15,16,17,18,19,20,21,22,23,24,25,26,27,28,29",
esmfold2,p53_Y220C__4AGQ,p53_Y220C,1,30,0,1,0,,"0,1,2,3,4,5,6,7,8,9,10,11,12,13,14,15,16,17,18,19,20,21,22,23,24,25,26,27,28,29"
esmfold2,p53_Y220C__4AGQ,p53_Y220C,2,30,0,1,0,,"0,1,2,3,4,5,6,7,8,9,10,11,12,13,14,15,16,17,18,19,20,21,22,23,24,25,26,27,28,29"
esmfold2,p53_Y220C__4AGQ,p53_Y220C,3,30,0,1,0,,"0,1,2,3,4,5,6,7,8,9,10,11,12,13,14,15,16,17,18,19,20,21,22,23,24,25,26,27,28,29"
molgen_ns1.0,Bcl-xL,Bcl-xL,1,27,1,0,0,"6,7,8,14,20,22,29",
molgen_ns1.0,Bcl-xL,Bcl-xL,2,27,0,0,0,,
molgen_ns1.0,Bcl-xL,Bcl-xL,3,27,0,0,0,,
molgen_ns1.0,CB1,CB1,1,30,1,0,0,"1,4,9,13,14,15,16,18,20,22,26",
molgen_ns1.0,CB1,CB1,2,30,1,0,0,1,
molgen_ns1.0,CB1,CB1,3,30,0,0,0,,
molgen_ns1.0,FUT8,FUT8,1,27,1,1,1,"0,1,9,13,16,18,21,22,23,27","2,4,6,7,8,10,11,17,19,20,24,26,28,29"
molgen_ns1.0,FUT8,FUT8,2,27,1,0,0,0,
molgen_ns1.0,FUT8,FUT8,3,27,0,0,0,,
molgen_ns1.0,GCGR,GCGR,1,30,1,0,0,"0,1,2,3,4,5,6,7,8,9,10,11,12,13,14,15,16,17,18,19,20,21,22,23,24,25,26,27,28,29",
molgen_ns1.0,GCGR,GCGR,2,30,0,0,0,,
molgen_ns1.0,GCGR,GCGR,3,30,0,0,0,,
molgen_ns1.0,GLTP,GLTP,1,30,1,1,1,"0,1,2,3,4,6,7,8,9,10,11,12,13,14,15,16,17,18,19,20,21,22,23,24,25,26,27,28,29",5
molgen_ns1.0,GLTP,GLTP,2,30,1,0,0,"0,2,3,4,6,7,9,10,11,12,14,15,17,19,20,21,23,24,25,26",
molgen_ns1.0,GLTP,GLTP,3,30,1,0,0,"0,4,10,12,14,17,21",
molgen_ns1.0,HIF2alpha,HIF2alpha,1,30,1,1,1,"3,7,13,14,19,20,23","0,4,16,25"
molgen_ns1.0,HIF2alpha,HIF2alpha,2,30,1,1,1,"3,7,13,14,20,23","4,16"
molgen_ns1.0,HIF2alpha,HIF2alpha,3,30,1,0,0,"3,14",
molgen_ns1.0,HIF2alpha__6D0B,HIF2alpha,1,29,1,1,1,"2,3,4,5,12,14,16,25,27,29",20
molgen_ns1.0,HIF2alpha__6D0B,HIF2alpha,2,29,1,0,0,"2,3,4,12,14,16,27",
molgen_ns1.0,HIF2alpha__6D0B,HIF2alpha,3,29,0,0,0,,
molgen_ns1.0,HIV1_CA,HIV1_CA,1,25,1,0,0,"26,29",
molgen_ns1.0,HIV1_CA,HIV1_CA,2,25,1,0,0,"26,29",
molgen_ns1.0,HIV1_CA,HIV1_CA,3,25,0,0,0,,
molgen_ns1.0,HIV_RT,HIV_RT,1,30,1,1,1,"0,5,15,22,27","7,13"
molgen_ns1.0,HIV_RT,HIV_RT,2,30,0,0,0,,
molgen_ns1.0,HIV_RT,HIV_RT,3,30,0,0,0,,
molgen_ns1.0,HIV_RT__3V81,HIV_RT,1,30,1,1,1,"3,5,9,12,13,14,17,19,21,24,25,26,27,29","0,4,22"
molgen_ns1.0,HIV_RT__3V81,HIV_RT,2,30,0,0,0,,
molgen_ns1.0,HIV_RT__3V81,HIV_RT,3,30,0,0,0,,
molgen_ns1.0,KRAS,KRAS,1,29,1,1,1,"1,2,4,5,6,9,10,11,12,13,14,15,18,19,20,22,23,26,27,29","0,3,7,8,16,17,21"
molgen_ns1.0,KRAS,KRAS,2,29,0,0,0,,
molgen_ns1.0,KRAS,KRAS,3,29,0,0,0,,
molgen_ns1.0,METTL14,METTL14,1,30,1,0,0,"1,2,3,4,5,8,9,10,11,13,14,15,16,17,19,21,22,23,25,27,28,29",
molgen_ns1.0,METTL14,METTL14,2,30,1,0,0,21,
molgen_ns1.0,METTL14,METTL14,3,30,0,0,0,,
molgen_ns1.0,Menin,Menin,1,29,0,1,0,,11
molgen_ns1.0,Menin,Menin,2,29,0,1,0,,11
molgen_ns1.0,Menin,Menin,3,29,0,0,0,,
molgen_ns1.0,NDPK-A,NDPK-A,1,28,1,0,0,"3,5,6,7,8,9,10,11,12,14,15,16,17,19,22,23,24,25,26,27,28,29",
molgen_ns1.0,NDPK-A,NDPK-A,2,28,0,0,0,,
molgen_ns1.0,NDPK-A,NDPK-A,3,28,0,0,0,,
molgen_ns1.0,SHP2,SHP2,1,30,0,1,0,,15
molgen_ns1.0,SHP2,SHP2,2,30,0,0,0,,
molgen_ns1.0,SHP2,SHP2,3,30,0,0,0,,
molgen_ns1.0,THSR,THSR,1,30,1,0,0,"5,7,14,24,25,26",
molgen_ns1.0,THSR,THSR,2,30,1,0,0,"7,24,26",
molgen_ns1.0,THSR,THSR,3,30,0,0,0,,
molgen_ns1.0,THSR__7UTZ,THSR,1,30,1,1,1,"0,1,3,4,5,6,7,12,15,16,18,23,24,25,27,29","2,8,9,10,11,13,14,17,19,20,21,22,26,28"
molgen_ns1.0,THSR__7UTZ,THSR,2,30,1,1,1,"3,7,18",28
molgen_ns1.0,THSR__7UTZ,THSR,3,30,0,0,0,,
molgen_ns1.0,betaLG,betaLG,1,28,0,0,0,,
molgen_ns1.0,betaLG,betaLG,2,28,0,0,0,,
molgen_ns1.0,betaLG,betaLG,3,28,0,0,0,,
molgen_ns1.0,cAbl,cAbl,1,30,1,1,1,"0,1,3,4,5,6,8,9,10,11,12,13,14,15,16,17,18,19,20,21,22,23,25,26,27,28,29","7,24"
molgen_ns1.0,cAbl,cAbl,2,30,0,0,0,,
molgen_ns1.0,cAbl,cAbl,3,30,0,0,0,,
molgen_ns1.0,p53_Y220C,p53_Y220C,1,28,0,1,0,,"2,25"
molgen_ns1.0,p53_Y220C,p53_Y220C,2,28,0,1,0,,"2,25"
molgen_ns1.0,p53_Y220C,p53_Y220C,3,28,0,1,0,,2
molgen_ns1.0,p53_Y220C__4AGQ,p53_Y220C,1,29,1,1,1,13,"0,1,7,18"
molgen_ns1.0,p53_Y220C__4AGQ,p53_Y220C,2,29,1,1,1,13,"0,1,7,18"
molgen_ns1.0,p53_Y220C__4AGQ,p53_Y220C,3,29,1,1,1,13,"0,1,7,18"
prody_rfd3,Bcl-xL,Bcl-xL,1,30,1,0,0,"1,10,16,23,19,14,17,27,8,5,7,4,0,6,12,26,22,21,25,13,9,15,20,18,3,2,28,24,11,29",
prody_rfd3,Bcl-xL,Bcl-xL,2,30,1,0,0,"1,10,16,23,8,7,0,6,26,22,21,25,13,9,15,20,18,2,24,29",
prody_rfd3,Bcl-xL,Bcl-xL,3,30,0,0,0,,
prody_rfd3,CB1,CB1,1,30,1,0,0,"1,10,16,23,19,17,27,5,7,4,12,26,21,25,13,9,15,20,18,3,2,28,24,11,29",
prody_rfd3,CB1,CB1,2,30,1,0,0,"10,23,27,5,7,4,12,26,15,20,18,2,28",
prody_rfd3,CB1,CB1,3,30,1,0,0,"10,5,7,4,12,15,20,2,28",
prody_rfd3,FUT8,FUT8,1,30,1,0,0,"1,10,16,23,19,14,17,27,8,5,7,4,0,6,12,26,22,21,25,13,9,15,20,18,3,2,28,24,11,29",
prody_rfd3,FUT8,FUT8,2,30,1,0,0,"1,10,16,23,19,14,17,27,8,5,7,4,0,6,12,26,22,21,25,13,9,15,20,18,3,2,28,24,11,29",
prody_rfd3,FUT8,FUT8,3,30,1,0,0,"1,10,16,23,19,14,17,27,8,5,7,4,0,6,12,26,22,21,25,13,9,15,18,3,2,28,24,11,29",
prody_rfd3,GCGR,GCGR,1,30,1,0,0,"1,10,16,23,19,14,17,27,8,5,7,4,0,6,12,26,22,21,25,13,9,15,20,18,3,2,28,24,11,29",
prody_rfd3,GCGR,GCGR,2,30,0,0,0,,
prody_rfd3,GCGR,GCGR,3,30,0,0,0,,
prody_rfd3,GLTP,GLTP,1,30,1,0,0,"1,10,16,23,19,14,17,27,8,5,7,4,0,6,12,26,22,21,25,13,9,15,20,18,3,2,28,24,11,29",
prody_rfd3,GLTP,GLTP,2,30,1,0,0,"1,10,16,23,19,14,17,27,8,5,7,4,0,6,12,26,22,21,25,13,9,15,20,18,3,2,28,24,11,29",
prody_rfd3,GLTP,GLTP,3,30,1,0,0,"1,10,16,23,19,14,17,27,8,5,7,4,0,6,12,26,22,21,25,13,9,15,20,18,3,2,28,24,11,29",
prody_rfd3,HIF2alpha,HIF2alpha,1,30,0,1,0,,"10,16,14,17,8,6,22,21,2,24"
prody_rfd3,HIF2alpha,HIF2alpha,2,30,0,1,0,,"10,16,14,17,8,6,22,21,2,24"
prody_rfd3,HIF2alpha,HIF2alpha,3,30,0,0,0,,
prody_rfd3,HIF2alpha__6D0B,HIF2alpha,1,30,1,0,0,"10,16,23,14,17,8,6,22,21,2,24",
prody_rfd3,HIF2alpha__6D0B,HIF2alpha,2,30,1,0,0,"10,16,14,17,8,6,22,21,2,24",
prody_rfd3,HIF2alpha__6D0B,HIF2alpha,3,30,1,0,0,"16,14,8,2",
prody_rfd3,HIV1_CA,HIV1_CA,1,30,1,1,1,"17,29","27,6,15,20"
prody_rfd3,HIV1_CA,HIV1_CA,2,30,1,1,1,"17,29","27,6,15,20"
prody_rfd3,HIV1_CA,HIV1_CA,3,30,1,0,0,"17,29",
prody_rfd3,HIV_RT,HIV_RT,1,30,1,0,0,"1,10,16,23,19,14,17,27,8,5,7,4,0,6,12,26,22,21,25,13,9,15,20,18,3,2,28,24,11,29",
prody_rfd3,HIV_RT,HIV_RT,2,30,1,0,0,"1,10,16,23,19,14,17,27,8,5,7,4,0,6,12,26,22,21,25,13,9,15,20,18,3,2,28,24,11,29",
prody_rfd3,HIV_RT,HIV_RT,3,30,1,0,0,"1,10,16,23,19,14,17,27,8,5,7,4,0,12,26,22,21,25,13,9,15,20,18,3,2,28,24,11,29",
prody_rfd3,HIV_RT__3V81,HIV_RT,1,30,1,0,0,"1,10,16,23,19,14,17,27,8,5,7,4,0,6,12,26,22,21,25,13,9,15,20,18,3,2,28,24,11,29",
prody_rfd3,HIV_RT__3V81,HIV_RT,2,30,1,0,0,"1,10,16,23,19,14,17,27,8,5,7,4,0,6,12,26,22,21,25,13,9,15,20,18,3,2,28,24,11,29",
prody_rfd3,HIV_RT__3V81,HIV_RT,3,30,1,0,0,"1,10,23,19,17,27,4,0,6,12,26,22,21,13,9,15,20,18,3,28,24,29",
prody_rfd3,KRAS,KRAS,1,30,1,0,0,"1,10,16,23,19,14,17,27,8,5,7,4,0,6,12,26,22,21,25,13,9,15,20,18,3,2,28,24,11,29",
prody_rfd3,KRAS,KRAS,2,30,0,0,0,,
prody_rfd3,KRAS,KRAS,3,30,0,0,0,,
prody_rfd3,METTL14,METTL14,1,30,1,0,0,"1,10,16,23,19,14,17,27,8,5,7,4,0,6,12,26,22,21,25,13,9,15,20,18,3,2,28,24,11,29",
prody_rfd3,METTL14,METTL14,2,30,1,0,0,"1,10,16,23,19,14,17,27,8,5,7,4,0,6,12,26,22,21,25,13,9,15,20,18,3,2,28,24,11,29",
prody_rfd3,METTL14,METTL14,3,30,1,0,0,"1,10,16,23,19,14,17,27,8,5,7,4,0,6,12,26,22,21,25,13,9,15,20,18,3,2,28,24,11,29",
prody_rfd3,Menin,Menin,1,30,1,0,0,"1,10,16,23,19,14,17,27,8,5,7,4,0,6,12,26,22,21,25,13,9,15,20,18,3,2,28,24,11,29",
prody_rfd3,Menin,Menin,2,30,1,0,0,"1,10,16,23,19,14,17,27,8,5,7,4,0,6,12,26,22,21,25,13,9,15,20,18,3,2,28,24,11,29",
prody_rfd3,Menin,Menin,3,30,1,0,0,"1,10,16,23,19,14,17,27,8,5,7,4,0,6,12,26,22,21,25,13,9,15,20,18,3,2,28,24,11,29",
prody_rfd3,NDPK-A,NDPK-A,1,30,1,0,0,"1,10,16,23,19,17,27,5,7,4,0,6,12,26,22,21,25,13,9,15,20,18,3,2,28,11",
prody_rfd3,NDPK-A,NDPK-A,2,30,1,0,0,"7,12,15",
prody_rfd3,NDPK-A,NDPK-A,3,30,1,0,0,"12,15",
prody_rfd3,SHP2,SHP2,1,30,1,1,1,"19,8,6,12,26,21,25,13,15,28,11,29","1,10,16,23,14,17,27,5,7,4,0,22,9,20,18,3,2,24"
prody_rfd3,SHP2,SHP2,2,30,1,1,1,"6,12,21,25,15,28,11,29","10,14,3,24"
prody_rfd3,SHP2,SHP2,3,30,0,0,0,,
prody_rfd3,THSR,THSR,1,30,0,1,0,,"1,10,16,23,19,14,17,27,8,5,7,4,0,6,12,26,22,21,25,13,9,15,20,18,3,2,28,24,11,29"
prody_rfd3,THSR,THSR,2,30,0,1,0,,"1,10,16,23,19,14,17,27,8,5,7,4,0,6,12,26,22,21,25,13,9,15,20,18,3,2,28,24,11,29"
prody_rfd3,THSR,THSR,3,30,0,1,0,,"1,16,19,17,27,8,5,0,6,12,15,20,18,3"
prody_rfd3,THSR__7UTZ,THSR,1,30,1,1,1,"1,10,16,23,19,14,17,27,8,5,7,4,0,6,12,26,22,25,13,9,15,20,18,3,28,24,11,29","21,2"
prody_rfd3,THSR__7UTZ,THSR,2,30,0,0,0,,
prody_rfd3,THSR__7UTZ,THSR,3,30,0,0,0,,
prody_rfd3,betaLG,betaLG,1,30,1,0,0,"1,10,16,23,19,17,27,8,5,7,4,0,6,12,26,22,21,25,13,9,15,18,3,2,28,24,11,29",
prody_rfd3,betaLG,betaLG,2,30,1,0,0,"1,10,16,23,19,17,27,8,5,7,4,0,6,12,26,22,21,25,13,9,15,18,3,2,28,24,11,29",
prody_rfd3,betaLG,betaLG,3,30,1,0,0,"1,9,24,11",
prody_rfd3,cAbl,cAbl,1,30,1,0,0,"1,10,16,23,19,14,17,27,8,5,7,4,0,6,12,26,22,21,25,13,9,15,20,18,3,2,28,24,11,29",
prody_rfd3,cAbl,cAbl,2,30,1,0,0,"1,10,16,23,19,14,17,27,8,5,7,4,0,6,12,26,22,21,25,13,9,15,20,18,3,2,28,24,11,29",
prody_rfd3,cAbl,cAbl,3,30,0,0,0,,
prody_rfd3,p53_Y220C,p53_Y220C,1,30,1,0,0,"1,10,16,23,19,14,17,27,8,5,7,4,0,6,12,26,22,21,25,13,9,15,20,18,3,2,28,24,11,29",
prody_rfd3,p53_Y220C,p53_Y220C,2,30,1,0,0,"1,10,16,23,19,14,17,27,8,5,7,4,0,6,12,26,22,21,25,13,9,15,20,18,3,2,28,24,11,29",
prody_rfd3,p53_Y220C,p53_Y220C,3,30,1,0,0,"1,10,16,23,19,14,17,27,8,5,7,4,0,6,12,26,22,21,25,13,9,15,20,18,3,2,28,24,11,29",
prody_rfd3,p53_Y220C__4AGQ,p53_Y220C,1,30,1,1,1,"1,10,16,19,14,27,8,5,7,4,0,6,12,26,22,21,25,15,18,3,2,11,29","23,13,20,28,24"
prody_rfd3,p53_Y220C__4AGQ,p53_Y220C,2,30,1,1,1,"1,10,16,19,14,27,8,5,7,4,0,6,12,26,22,21,25,15,18,3,2,11,29","23,13,20,28,24"
prody_rfd3,p53_Y220C__4AGQ,p53_Y220C,3,30,1,1,1,"1,10,16,19,14,27,8,5,7,4,0,6,12,26,22,21,25,15,18,3,2,11,29","23,13,20,28,24"
rfd3_fix7,Bcl-xL,Bcl-xL,1,30,1,0,0,"0,1,2,3,4,100,101,102,103,104,200,201,202,203,204,300,301,302,303,304,400,401,402,403,404,500,501,502,503,504",
rfd3_fix7,Bcl-xL,Bcl-xL,2,30,1,0,0,"1,102,104,200,201,202,203,302,303,401,404",
rfd3_fix7,Bcl-xL,Bcl-xL,3,30,1,0,0,202,
rfd3_fix7,CB1,CB1,1,30,1,1,1,"0,1,3,4,100,101,103,200,201,202,203,204,301,302,303,304,400,402,403,404,500,501,502,503,504","2,401"
rfd3_fix7,CB1,CB1,2,30,1,0,0,"100,203,301,500,501",
rfd3_fix7,CB1,CB1,3,30,0,0,0,,
rfd3_fix7,FUT8,FUT8,1,30,1,0,0,"0,1,2,3,4,100,101,102,103,104,200,201,202,203,204,300,301,302,303,304,400,401,402,403,404,500,501,502,503,504",
rfd3_fix7,FUT8,FUT8,2,30,1,0,0,"0,1,2,3,4,100,101,102,103,104,200,201,202,203,204,300,301,304,400,401,402,403,404,501,502,503,504",
rfd3_fix7,FUT8,FUT8,3,30,1,0,0,"0,1,2,3,4,100,102,203,204,300,301,400,401,402,403,503,504",
rfd3_fix7,GCGR,GCGR,1,30,1,0,0,"0,1,2,3,4,100,101,102,103,104,200,201,202,203,204,300,301,302,303,304,400,401,402,403,404,500,501,502,503,504",
rfd3_fix7,GCGR,GCGR,2,30,0,0,0,,
rfd3_fix7,GCGR,GCGR,3,30,0,0,0,,
rfd3_fix7,GLTP,GLTP,1,30,1,0,0,"0,1,2,3,4,100,101,102,103,104,200,201,202,203,204,300,301,302,303,304,400,401,402,403,404,500,501,502,503,504",
rfd3_fix7,GLTP,GLTP,2,30,1,0,0,"0,1,2,3,4,100,101,102,103,104,200,201,202,203,204,300,301,302,303,304,400,401,402,403,404,500,501,502,503,504",
rfd3_fix7,GLTP,GLTP,3,30,1,0,0,"0,1,2,3,4,100,101,102,103,104,200,201,202,203,204,300,301,302,303,304,400,401,402,403,404,500,501,502,503,504",
rfd3_fix7,HIF2alpha,HIF2alpha,1,30,0,1,0,,"1,3,103,104,303,304,401,403"
rfd3_fix7,HIF2alpha,HIF2alpha,2,30,0,1,0,,"1,3,103,104,303,304,401,403"
rfd3_fix7,HIF2alpha,HIF2alpha,3,30,0,0,0,,
rfd3_fix7,HIF2alpha__6D0B,HIF2alpha,1,30,1,1,1,"1,3,102,202,300,302,402,500,501","2,104,301"
rfd3_fix7,HIF2alpha__6D0B,HIF2alpha,2,30,1,1,1,"1,3,102,202,300,302,402,500,501","2,104,301"
rfd3_fix7,HIF2alpha__6D0B,HIF2alpha,3,30,1,1,1,"1,202,302,500",2
rfd3_fix7,HIV1_CA,HIV1_CA,1,30,1,1,1,"0,1,3,4,100,103,104,300,404","200,201,202,203,302,303,403,500,501"
rfd3_fix7,HIV1_CA,HIV1_CA,2,30,1,1,1,"0,1,3,4,100,103,104,300,404","200,201,202,203,302,303,403,500,501"
rfd3_fix7,HIV1_CA,HIV1_CA,3,30,1,0,0,"1,3,103,104,300",
rfd3_fix7,HIV_RT,HIV_RT,1,30,1,0,0,"0,1,2,3,4,100,101,102,103,104,200,201,202,203,204,300,301,302,303,304,400,401,402,403,404,500,501,502,503,504",
rfd3_fix7,HIV_RT,HIV_RT,2,30,1,0,0,"0,1,2,3,4,100,101,102,103,104,200,201,202,203,204,300,301,302,303,304,400,401,402,403,404,500,501,502,503,504",
rfd3_fix7,HIV_RT,HIV_RT,3,30,1,0,0,"0,1,2,3,4,101,102,103,104,200,201,202,204,300,301,303,304,400,401,403,404,500,501,504",
rfd3_fix7,HIV_RT__3V81,HIV_RT,1,30,1,0,0,"0,1,2,3,4,100,101,102,103,104,200,201,202,203,204,300,301,302,303,304,400,401,402,403,404,500,501,502,503,504",
rfd3_fix7,HIV_RT__3V81,HIV_RT,2,30,1,0,0,"0,1,2,3,4,100,101,102,103,104,200,201,202,203,204,300,301,302,303,304,400,401,402,403,404,500,501,502,503,504",
rfd3_fix7,HIV_RT__3V81,HIV_RT,3,30,1,0,0,"0,1,2,3,4,100,101,102,103,104,200,201,202,203,204,300,301,302,303,304,400,401,402,403,404,500,501,503,504",
rfd3_fix7,KRAS,KRAS,1,30,1,0,0,"0,1,2,3,4,100,101,102,103,104,200,201,202,203,204,300,301,302,303,304,400,401,402,403,404,500,501,502,503,504",
rfd3_fix7,KRAS,KRAS,2,30,1,0,0,"1,300,402",
rfd3_fix7,KRAS,KRAS,3,30,0,0,0,,
rfd3_fix7,METTL14,METTL14,1,30,1,0,0,"0,1,2,3,4,100,101,102,103,104,200,201,202,203,204,300,301,302,303,304,400,401,402,403,404,500,501,502,503,504",
rfd3_fix7,METTL14,METTL14,2,30,1,0,0,"0,1,2,3,4,100,101,102,103,200,201,202,203,204,301,302,303,401,402,404,501,502,503,504",
rfd3_fix7,METTL14,METTL14,3,30,1,0,0,"0,2,3,4,100,101,103,200,204,301,303,401,404",
rfd3_fix7,Menin,Menin,1,30,1,1,1,"0,2,3,4,100,101,103,104,200,201,202,203,204,300,302,303,304,401,403,500,502,504","1,102,301,400,402,404,501,503"
rfd3_fix7,Menin,Menin,2,30,1,1,1,"0,2,3,4,100,101,103,104,200,201,202,203,204,300,302,303,304,401,403,500,502,504","1,102,301,400,402,404,501,503"
rfd3_fix7,Menin,Menin,3,30,1,1,1,"0,2,3,100,101,103,104,202,203,204,300,302,304,401,403,500","400,402,404,503"
rfd3_fix7,NDPK-A,NDPK-A,1,30,1,1,1,"101,103,502","0,1,2,3,4,100,102,104,200,201,202,203,204,300,301,302,303,304,400,401,402,403,404,500,501,503,504"
rfd3_fix7,NDPK-A,NDPK-A,2,30,1,0,0,502,
rfd3_fix7,NDPK-A,NDPK-A,3,30,1,0,0,502,
rfd3_fix7,SHP2,SHP2,1,30,1,1,1,"0,102,300,500,501","3,100,103,104,200,201,202,203,400,401,404,502,504"
rfd3_fix7,SHP2,SHP2,2,30,1,1,1,0,"100,200,201,400"
rfd3_fix7,SHP2,SHP2,3,30,0,0,0,,
rfd3_fix7,THSR,THSR,1,30,1,1,1,"204,503,504","4,103,201,300,303,501,502"
rfd3_fix7,THSR,THSR,2,30,0,1,0,,"4,103,201,300,501,502"
rfd3_fix7,THSR,THSR,3,30,0,0,0,,
rfd3_fix7,THSR__7UTZ,THSR,1,30,1,1,1,"3,101,102,103,104,200,202,300,301,302,303,400,403,404,500,501,502,504","0,201,402"
rfd3_fix7,THSR__7UTZ,THSR,2,30,0,0,0,,
rfd3_fix7,THSR__7UTZ,THSR,3,30,0,0,0,,
rfd3_fix7,betaLG,betaLG,1,30,1,0,0,"0,1,2,3,4,100,101,102,103,104,200,201,202,203,204,300,301,302,303,304,400,401,403,404,500,501,502,503,504",
rfd3_fix7,betaLG,betaLG,2,30,1,0,0,"0,1,2,3,4,100,101,102,103,104,200,201,202,203,204,300,301,302,303,304,400,401,403,404,500,501,502,503,504",
rfd3_fix7,betaLG,betaLG,3,30,1,0,0,"101,102,103,200,201,203,204,301,302,500,501,503",
rfd3_fix7,cAbl,cAbl,1,30,1,1,1,"0,1,2,3,4,100,101,102,103,104,200,201,202,203,204,301,302,303,304,400,401,402,404,500,501,502,503,504","300,403"
rfd3_fix7,cAbl,cAbl,2,30,1,0,0,"0,1,2,100,103,200,202,302,401,500,501,503",
rfd3_fix7,cAbl,cAbl,3,30,0,0,0,,
rfd3_fix7,p53_Y220C,p53_Y220C,1,30,1,1,1,"0,1,2,3,4,100,101,102,103,104,200,201,202,203,300,301,302,303,304,400,401,402,403,404,500,501,502,503,504",204
rfd3_fix7,p53_Y220C,p53_Y220C,2,30,1,1,1,"0,1,2,3,4,100,101,102,103,104,200,201,202,203,300,301,302,303,304,400,401,402,403,404,500,501,502,503,504",204
rfd3_fix7,p53_Y220C,p53_Y220C,3,30,1,1,1,"0,1,2,3,4,100,101,102,103,104,200,201,202,203,300,301,302,303,304,400,401,402,403,404,500,501,502,503,504",204
rfd3_fix7,p53_Y220C__4AGQ,p53_Y220C,1,30,0,1,0,,"0,1,2,3,4,100,101,102,103,104,200,201,202,203,204,300,301,302,303,304,400,401,402,403,404,500,501,502,503,504"
rfd3_fix7,p53_Y220C__4AGQ,p53_Y220C,2,30,0,1,0,,"0,1,2,3,4,100,101,102,103,104,200,201,202,203,204,300,301,302,303,304,400,401,402,403,404,500,501,502,503,504"
rfd3_fix7,p53_Y220C__4AGQ,p53_Y220C,3,30,0,1,0,,"0,1,2,3,4,100,101,102,103,104,200,201,202,203,204,300,301,302,303,304,400,401,402,403,404,500,501,502,503,504"
rosetta_fastrelax,Bcl-xL,Bcl-xL,1,30,0,1,0,,"0,1,2,3,4,5,6,7,8,9,10,11,12,13,15,16,17,18,19,20,21,22,23,24,25,26,27,28,29"
rosetta_fastrelax,Bcl-xL,Bcl-xL,2,30,0,0,0,,
rosetta_fastrelax,Bcl-xL,Bcl-xL,3,30,0,0,0,,
rosetta_fastrelax,CB1,CB1,1,30,1,0,0,"3,26,28",
rosetta_fastrelax,CB1,CB1,2,30,0,0,0,,
rosetta_fastrelax,CB1,CB1,3,30,0,0,0,,
rosetta_fastrelax,FUT8,FUT8,1,30,1,0,0,"0,1,2,3,4,5,6,7,8,9,10,11,12,13,14,15,16,17,18,19,20,21,22,23,24,25,26,27,28,29",
rosetta_fastrelax,FUT8,FUT8,2,30,1,0,0,"0,1,2,3,4,5,6,7,8,9,10,11,12,13,14,15,16,17,18,19,20,21,22,23,24,25,26,27,28,29",
rosetta_fastrelax,FUT8,FUT8,3,30,1,0,0,"0,1,2,3,4,5,6,7,8,9,10,11,12,13,14,15,16,17,18,19,20,21,22,23,24,25,26,27,28,29",
rosetta_fastrelax,GCGR,GCGR,1,30,1,0,0,"0,1,2,3,4,5,6,7,8,9,10,11,12,13,14,15,16,17,18,19,20,21,22,23,24,25,26,27,28,29",
rosetta_fastrelax,GCGR,GCGR,2,30,0,0,0,,
rosetta_fastrelax,GCGR,GCGR,3,30,0,0,0,,
rosetta_fastrelax,GLTP,GLTP,1,30,1,0,0,"0,1,2,3,4,5,6,7,8,9,10,11,12,13,14,15,16,17,18,19,20,21,22,23,24,25,26,27,28,29",
rosetta_fastrelax,GLTP,GLTP,2,30,1,0,0,"0,1,2,3,4,5,6,7,8,9,10,11,12,13,14,15,16,17,18,19,20,21,22,23,24,25,26,27,28,29",
rosetta_fastrelax,GLTP,GLTP,3,30,1,0,0,"0,1,2,3,4,5,6,7,8,9,10,11,12,13,14,15,16,17,18,19,20,21,22,23,24,25,26,27,28,29",
rosetta_fastrelax,HIF2alpha,HIF2alpha,1,30,0,1,0,,"4,6,8,9,12,15,19,24"
rosetta_fastrelax,HIF2alpha,HIF2alpha,2,30,0,1,0,,"4,6,8,9,12,15,19,24"
rosetta_fastrelax,HIF2alpha,HIF2alpha,3,30,0,0,0,,
rosetta_fastrelax,HIF2alpha__6D0B,HIF2alpha,1,30,1,1,1,"4,6,8,9,12,19,24",15
rosetta_fastrelax,HIF2alpha__6D0B,HIF2alpha,2,30,1,1,1,"4,6,8,9,12,19,24",15
rosetta_fastrelax,HIF2alpha__6D0B,HIF2alpha,3,30,1,0,0,19,
rosetta_fastrelax,HIV1_CA,HIV1_CA,1,30,1,0,0,"0,1,2,3,4,5,6,7,8,9,10,11,12,13,14,15,16,17,18,19,20,21,22,23,24,25,26,27,28,29",
rosetta_fastrelax,HIV1_CA,HIV1_CA,2,30,1,0,0,"0,1,2,3,4,5,6,7,8,9,10,11,12,13,14,15,16,17,18,19,20,21,22,23,24,25,26,27,28,29",
rosetta_fastrelax,HIV1_CA,HIV1_CA,3,30,1,0,0,"0,4,8,10,11,14,16,17,18,19,20,22,23,24,25,26,29",
rosetta_fastrelax,HIV_RT,HIV_RT,1,30,1,0,0,"0,1,2,3,4,5,6,7,8,9,10,11,12,13,14,15,16,17,18,19,20,21,22,23,24,25,26,27,28,29",
rosetta_fastrelax,HIV_RT,HIV_RT,2,30,1,0,0,"0,4,6,8,9,12,14,17,19,20,21,22,23,24,25,27,29",
rosetta_fastrelax,HIV_RT,HIV_RT,3,30,0,0,0,,
rosetta_fastrelax,HIV_RT__3V81,HIV_RT,1,30,1,0,0,"0,1,2,3,4,5,6,7,8,9,10,11,12,13,14,15,16,17,18,19,20,21,22,23,24,25,26,27,28,29",
rosetta_fastrelax,HIV_RT__3V81,HIV_RT,2,30,1,0,0,"0,1,2,3,4,5,6,7,8,9,10,11,12,13,14,15,16,17,18,19,20,21,22,23,24,25,26,27,28,29",
rosetta_fastrelax,HIV_RT__3V81,HIV_RT,3,30,0,0,0,,
rosetta_fastrelax,KRAS,KRAS,1,30,1,0,0,"0,1,2,3,4,5,6,7,8,9,10,11,12,13,14,15,16,17,18,19,20,21,22,23,24,25,26,27,28,29",
rosetta_fastrelax,KRAS,KRAS,2,30,1,0,0,2,
rosetta_fastrelax,KRAS,KRAS,3,30,0,0,0,,
rosetta_fastrelax,METTL14,METTL14,1,30,1,0,0,"0,1,2,3,4,5,6,7,8,9,10,11,12,13,14,15,16,17,18,19,20,21,22,23,24,25,26,27,28,29",
rosetta_fastrelax,METTL14,METTL14,2,30,1,0,0,"0,1,2,3,4,5,6,7,8,9,10,11,12,13,14,15,16,17,18,19,20,21,22,23,24,25,26,27,28,29",
rosetta_fastrelax,METTL14,METTL14,3,30,1,0,0,"0,1,2,3,4,5,6,7,8,9,10,11,12,13,14,15,16,17,18,19,20,21,22,23,24,25,26,27,28,29",
rosetta_fastrelax,Menin,Menin,1,30,1,1,1,"0,1,3,7,9,10,12,13,15,16,17,18,19,20,21,22,24,25,26,27,28,29",5
rosetta_fastrelax,Menin,Menin,2,30,1,1,1,"0,1,3,7,9,10,12,13,15,16,17,18,19,20,21,22,24,25,26,27,28,29",5
rosetta_fastrelax,Menin,Menin,3,30,1,1,1,"9,16",5
rosetta_fastrelax,NDPK-A,NDPK-A,1,30,1,1,1,"12,18","0,1,2,3,4,5,6,7,8,9,10,11,13,14,15,16,17,19,20,21,22,23,24,25,26,27,28,29"
rosetta_fastrelax,NDPK-A,NDPK-A,2,30,0,1,0,,"4,9,10,15,28"
rosetta_fastrelax,NDPK-A,NDPK-A,3,30,0,0,0,,
rosetta_fastrelax,SHP2,SHP2,1,30,1,1,1,28,"8,11,27,29"
rosetta_fastrelax,SHP2,SHP2,2,30,0,1,0,,"8,27"
rosetta_fastrelax,SHP2,SHP2,3,30,0,0,0,,
rosetta_fastrelax,THSR,THSR,1,30,0,1,0,,"2,6,9,10,12,13,15,17,18,19,20,22,23,24,26,27,29"
rosetta_fastrelax,THSR,THSR,2,30,0,1,0,,"2,6,9,10,12,15,17,19,22,23,24,26,27,29"
rosetta_fastrelax,THSR,THSR,3,30,0,0,0,,
rosetta_fastrelax,THSR__7UTZ,THSR,1,30,1,1,1,"1,2,8,17,18,19,29","0,3,4,5,12,13,14,15,16,20,21,22,28"
rosetta_fastrelax,THSR__7UTZ,THSR,2,30,0,0,0,,
rosetta_fastrelax,THSR__7UTZ,THSR,3,30,0,0,0,,
rosetta_fastrelax,betaLG,betaLG,1,30,1,0,0,"1,2,3,5,6,8,9,11,12,13,14,15,16,19,20,21,22,24,25,27,28,29",
rosetta_fastrelax,betaLG,betaLG,2,30,1,0,0,"1,2,3,5,6,8,9,11,12,13,14,15,16,19,20,21,22,24,25,27,28,29",
rosetta_fastrelax,betaLG,betaLG,3,30,0,0,0,,
rosetta_fastrelax,cAbl,cAbl,1,30,1,0,0,"0,1,2,3,4,5,6,7,8,9,10,11,12,13,14,15,16,17,18,19,20,21,22,23,24,25,26,27,28,29",
rosetta_fastrelax,cAbl,cAbl,2,30,1,0,0,"0,1,2,3,4,5,6,7,8,9,10,11,12,13,14,15,16,17,18,19,20,21,22,23,24,25,26,27,28,29",
rosetta_fastrelax,cAbl,cAbl,3,30,0,0,0,,
rosetta_fastrelax,p53_Y220C,p53_Y220C,1,30,1,0,0,"0,1,2,3,4,5,6,7,8,9,10,11,12,13,14,15,16,17,18,19,20,21,22,23,24,25,26,27,28,29",
rosetta_fastrelax,p53_Y220C,p53_Y220C,2,30,1,0,0,"0,1,2,3,4,5,6,7,8,9,10,11,12,13,14,15,16,17,18,19,20,21,22,23,24,25,26,27,28,29",
rosetta_fastrelax,p53_Y220C,p53_Y220C,3,30,1,0,0,"0,1,2,3,4,5,6,7,8,9,10,11,12,13,14,15,16,17,18,19,20,21,22,23,24,25,26,27,28,29",
rosetta_fastrelax,p53_Y220C__4AGQ,p53_Y220C,1,30,1,0,0,19,
rosetta_fastrelax,p53_Y220C__4AGQ,p53_Y220C,2,30,1,0,0,19,
rosetta_fastrelax,p53_Y220C__4AGQ,p53_Y220C,3,30,1,0,0,19,
rosetta_repack,Bcl-xL,Bcl-xL,1,30,1,0,0,"0,1,2,3,4,5,6,7,8,9,10,11,12,13,14,15,16,17,18,19,20,21,22,23,24,25,26,27,28,29",
rosetta_repack,Bcl-xL,Bcl-xL,2,30,0,0,0,,
rosetta_repack,Bcl-xL,Bcl-xL,3,30,0,0,0,,
rosetta_repack,CB1,CB1,1,30,1,0,0,"8,29",
rosetta_repack,CB1,CB1,2,30,0,0,0,,
rosetta_repack,CB1,CB1,3,30,0,0,0,,
rosetta_repack,FUT8,FUT8,1,30,1,0,0,"0,1,2,3,4,5,6,7,8,9,10,11,12,13,14,15,16,17,18,19,20,21,22,23,24,25,26,27,28,29",
rosetta_repack,FUT8,FUT8,2,30,1,0,0,"0,1,2,3,4,5,6,7,8,9,10,11,12,13,14,15,16,17,18,19,20,21,22,23,24,25,26,27,28,29",
rosetta_repack,FUT8,FUT8,3,30,1,0,0,"0,1,2,3,4,5,6,7,8,9,10,11,12,13,14,15,16,17,18,19,20,21,22,23,24,25,26,27,28,29",
rosetta_repack,GCGR,GCGR,1,30,1,0,0,"0,1,2,3,4,5,6,7,8,9,10,11,12,13,14,15,16,17,18,19,20,21,22,23,24,25,26,27,28,29",
rosetta_repack,GCGR,GCGR,2,30,1,0,0,"0,1,2,3,4,5,6,7,8,9,10,11,12,13,14,15,16,17,18,19,20,21,22,23,24,25,26,27,28,29",
rosetta_repack,GCGR,GCGR,3,30,0,0,0,,
rosetta_repack,GLTP,GLTP,1,30,1,0,0,"0,1,2,3,4,5,6,7,8,9,10,11,12,13,14,15,16,17,18,19,20,21,22,23,24,25,26,27,28,29",
rosetta_repack,GLTP,GLTP,2,30,1,0,0,"0,1,2,3,4,5,6,7,8,9,10,11,12,13,14,15,16,17,18,19,20,21,22,23,24,25,26,27,28,29",
rosetta_repack,GLTP,GLTP,3,30,1,0,0,"0,1,2,3,4,5,6,7,8,9,10,11,12,13,14,15,16,17,18,19,20,21,22,23,24,25,26,27,28,29",
rosetta_repack,HIF2alpha,HIF2alpha,1,30,0,1,0,,"1,2,5,7,8,19,20,23,24,26,29"
rosetta_repack,HIF2alpha,HIF2alpha,2,30,0,1,0,,"1,2,5,7,8,19,20,23,24,26,29"
rosetta_repack,HIF2alpha,HIF2alpha,3,30,0,0,0,,
rosetta_repack,HIF2alpha__6D0B,HIF2alpha,1,30,1,0,0,"1,2,5,7,8,19,20,23,24,26,29",
rosetta_repack,HIF2alpha__6D0B,HIF2alpha,2,30,1,0,0,"1,2,5,7,8,19,20,23,24,26,29",
rosetta_repack,HIF2alpha__6D0B,HIF2alpha,3,30,1,0,0,"1,2,5,7,8,19,20,23,24,26,29",
rosetta_repack,HIV1_CA,HIV1_CA,1,30,1,1,1,"0,1,2,3,4,5,6,7,8,9,11,12,13,14,15,17,18,19,20,21,22,23,24,25,26,27,28,29","10,16"
rosetta_repack,HIV1_CA,HIV1_CA,2,30,1,1,1,"0,1,2,3,4,5,6,7,8,9,11,12,13,14,15,17,18,19,20,21,22,23,24,25,26,27,28,29","10,16"
rosetta_repack,HIV1_CA,HIV1_CA,3,30,0,1,0,,"10,16"
rosetta_repack,HIV_RT,HIV_RT,1,30,1,0,0,"0,1,2,3,4,5,6,7,8,9,10,11,12,13,14,15,16,17,18,19,20,21,22,23,24,25,26,27,28,29",
rosetta_repack,HIV_RT,HIV_RT,2,30,1,0,0,"0,1,2,3,4,5,6,7,8,9,10,11,12,13,14,15,16,17,18,19,20,21,22,23,24,25,26,27,28,29",
rosetta_repack,HIV_RT,HIV_RT,3,30,1,0,0,"0,1,2,3,4,5,6,7,8,9,10,11,12,13,14,15,16,17,18,19,20,21,22,23,24,25,26,27,28,29",
rosetta_repack,HIV_RT__3V81,HIV_RT,1,30,1,0,0,"0,1,2,3,4,5,6,7,8,9,10,11,12,13,14,15,16,17,18,19,20,21,22,23,24,25,26,27,28,29",
rosetta_repack,HIV_RT__3V81,HIV_RT,2,30,1,0,0,"0,1,2,3,4,5,6,7,8,9,10,11,12,13,14,15,16,17,18,19,20,21,22,23,24,25,26,27,28,29",
rosetta_repack,HIV_RT__3V81,HIV_RT,3,30,1,0,0,"0,1,2,3,4,5,6,7,8,9,10,11,12,13,14,15,16,17,18,19,20,21,22,23,24,25,26,27,28,29",
rosetta_repack,KRAS,KRAS,1,30,1,0,0,"0,1,2,3,4,5,6,7,8,9,10,11,12,13,14,15,16,17,18,19,20,21,22,23,24,25,26,27,28,29",
rosetta_repack,KRAS,KRAS,2,30,1,0,0,"0,1,2,3,4,5,6,7,8,9,10,11,12,13,14,15,16,17,18,19,20,21,22,23,24,25,26,27,28,29",
rosetta_repack,KRAS,KRAS,3,30,1,0,0,"0,1,2,3,4,5,6,7,8,9,10,11,12,13,14,15,16,17,18,19,20,21,22,23,24,25,26,27,28,29",
rosetta_repack,METTL14,METTL14,1,30,1,0,0,"0,1,2,3,4,5,6,7,8,9,10,11,12,13,14,15,16,17,18,19,20,21,22,23,24,25,26,27,28,29",
rosetta_repack,METTL14,METTL14,2,30,1,0,0,"0,1,2,3,4,5,6,7,8,9,10,11,12,13,14,15,16,17,18,19,20,21,22,23,24,25,26,27,28,29",
rosetta_repack,METTL14,METTL14,3,30,1,0,0,"0,1,2,3,4,5,6,7,8,9,10,11,12,13,14,15,16,17,18,19,20,21,22,23,24,25,26,27,28,29",
rosetta_repack,Menin,Menin,1,30,1,0,0,"0,1,2,3,4,5,6,7,8,9,10,11,12,13,14,15,16,17,18,19,20,21,22,23,24,25,26,27,28,29",
rosetta_repack,Menin,Menin,2,30,1,0,0,"0,1,2,3,4,5,6,7,8,9,10,11,12,13,14,15,16,17,18,19,20,21,22,23,24,25,26,27,28,29",
rosetta_repack,Menin,Menin,3,30,1,0,0,"0,1,2,3,4,5,6,7,8,9,10,11,12,13,14,15,16,17,18,19,20,21,22,23,24,25,26,27,28,29",
rosetta_repack,NDPK-A,NDPK-A,1,30,1,0,0,"0,1,2,3,4,5,6,7,8,9,10,11,12,13,14,15,16,17,18,19,20,21,22,23,24,25,26,27,28,29",
rosetta_repack,NDPK-A,NDPK-A,2,30,1,0,0,"0,1,2,3,4,5,6,7,8,9,10,11,12,13,14,15,16,17,18,19,20,21,22,23,24,25,26,27,28,29",
rosetta_repack,NDPK-A,NDPK-A,3,30,1,0,0,"0,1,2,3,4,5,6,7,8,9,10,11,12,13,14,15,16,17,18,19,20,21,22,23,24,25,26,27,28,29",
rosetta_repack,SHP2,SHP2,1,30,1,1,1,"12,14,21,28","0,1,2,3,4,5,6,7,8,9,10,11,13,15,16,17,18,19,20,22,23,24,25,26,27,29"
rosetta_repack,SHP2,SHP2,2,30,1,1,1,"12,14,21,28","0,1,2,3,4,5,6,7,8,9,10,11,13,15,16,17,18,19,20,22,23,24,25,26,27,29"
rosetta_repack,SHP2,SHP2,3,30,0,0,0,,
rosetta_repack,THSR,THSR,1,30,0,1,0,,"0,1,2,3,4,5,6,7,8,9,10,11,12,13,14,15,16,17,18,19,20,21,22,23,24,25,26,27,28,29"
rosetta_repack,THSR,THSR,2,30,0,1,0,,"0,1,2,3,4,5,6,7,8,9,10,11,12,13,14,15,16,17,18,19,20,21,22,23,24,25,26,27,28,29"
rosetta_repack,THSR,THSR,3,30,0,1,0,,"0,1,2,3,4,5,6,7,8,9,10,11,12,13,14,15,16,17,18,19,20,21,22,23,24,25,26,27,28,29"
rosetta_repack,THSR__7UTZ,THSR,1,30,1,0,0,"0,1,2,3,4,5,6,7,8,9,10,11,12,13,14,15,16,17,18,19,20,21,22,23,24,25,26,27,28,29",
rosetta_repack,THSR__7UTZ,THSR,2,30,0,0,0,,
rosetta_repack,THSR__7UTZ,THSR,3,30,0,0,0,,
rosetta_repack,betaLG,betaLG,1,30,1,0,0,"0,1,2,3,4,5,6,7,8,9,10,11,12,13,14,15,16,17,18,19,20,21,22,23,24,25,26,27,28,29",
rosetta_repack,betaLG,betaLG,2,30,1,0,0,"0,1,2,3,4,5,6,7,8,9,10,11,12,13,14,15,16,17,18,19,20,21,22,23,24,25,26,27,28,29",
rosetta_repack,betaLG,betaLG,3,30,0,0,0,,
rosetta_repack,cAbl,cAbl,1,30,1,0,0,"0,1,2,3,4,5,6,7,8,9,10,11,12,13,14,15,16,17,18,19,20,21,22,23,24,25,26,27,28,29",
rosetta_repack,cAbl,cAbl,2,30,1,0,0,"0,1,2,3,4,5,6,7,8,9,10,11,12,13,14,15,16,17,18,19,20,21,22,23,24,25,26,27,28,29",
rosetta_repack,cAbl,cAbl,3,30,1,0,0,"0,1,2,3,4,5,6,7,8,9,10,11,12,13,14,15,16,17,18,19,20,21,22,23,24,25,26,27,28,29",
rosetta_repack,p53_Y220C,p53_Y220C,1,30,1,0,0,"0,1,2,3,4,5,6,7,8,9,10,11,12,13,14,15,16,17,18,19,20,21,22,23,24,25,26,27,28,29",
rosetta_repack,p53_Y220C,p53_Y220C,2,30,1,0,0,"0,1,2,3,4,5,6,7,8,9,10,11,12,13,14,15,16,17,18,19,20,21,22,23,24,25,26,27,28,29",
rosetta_repack,p53_Y220C,p53_Y220C,3,30,1,0,0,"0,1,2,3,4,5,6,7,8,9,10,11,12,13,14,15,16,17,18,19,20,21,22,23,24,25,26,27,28,29",
rosetta_repack,p53_Y220C__4AGQ,p53_Y220C,1,30,0,1,0,,"0,1,2,3,4,5,6,7,8,9,10,11,12,13,14,15,16,17,18,19,20,21,22,23,24,25,26,27,28,29"
rosetta_repack,p53_Y220C__4AGQ,p53_Y220C,2,30,0,1,0,,"0,1,2,3,4,5,6,7,8,9,10,11,12,13,14,15,16,17,18,19,20,21,22,23,24,25,26,27,28,29"
rosetta_repack,p53_Y220C__4AGQ,p53_Y220C,3,30,0,1,0,,"0,1,2,3,4,5,6,7,8,9,10,11,12,13,14,15,16,17,18,19,20,21,22,23,24,25,26,27,28,29"
