method,tier,apo_recovered,holo_recovered,both_recovered
apo2mol,1,21,2,2
apo2mol,2,20,1,1
apo2mol,3,15,0,0
bbflow_refine,1,21,13,13
bbflow_refine,2,17,11,9
bbflow_refine,3,9,4,3
bioemu_refine,1,18,13,11
bioemu_refine,2,10,11,6
bioemu_refine,3,4,5,3
boltz2,1,9,8,4
boltz2,2,5,4,1
boltz2,3,3,3,1
confornet_nomsa,1,7,7,4
confornet_nomsa,2,4,5,2
confornet_nomsa,3,2,4,1
esmfold2,1,12,14,7
esmfold2,2,7,10,3
esmfold2,3,4,7,0
molgen_ns1.0,1,17,13,10
molgen_ns1.0,2,10,5,3
molgen_ns1.0,3,3,2,1
prody_rfd3,1,19,6,4
prody_rfd3,2,16,5,3
prody_rfd3,3,13,2,1
rfd3_fix7,1,19,12,10
rfd3_fix7,2,16,8,5
rfd3_fix7,3,12,4,3
rosetta_fastrelax,1,18,8,5
rosetta_fastrelax,2,13,6,2
rosetta_fastrelax,3,8,1,1
rosetta_repack,1,18,5,2
rosetta_repack,2,15,5,2
rosetta_repack,3,11,3,0
