target,method,sample_idx,Dsh,Dsa,D,tier1,bb_rmsd,sc_rmsd,structure_path,group
cAbl,prody_rfd3,13,3.3466337308208103,1.073838096356842,3.4458517805005147,False,2.1541839666858613,4.14011960104297,external_inputs/prody_rfd3/structures/cAbl/sample_13_protein.pdb,physics
cAbl,boltz2,5,1.1964494893541724,3.6176353771014735,3.4458517805005147,True,0.6471638815559697,1.5325230180311187,external_inputs/rescore/structures/boltz2/cAbl/5.pdb,learned
CB1,prody_rfd3,3,2.072366099525539,1.5426039109929375,2.023384393567615,False,1.5000135599953952,2.26393869187852,external_inputs/prody_rfd3/structures/CB1/sample_3_protein.pdb,physics
CB1,bbflow_refine,28,1.8216916435213413,2.156904967793478,2.023384393567615,True,1.3807937757565611,1.7902264690958656,external_inputs/bbflow_refresh_20260916/scored_pdbs/CB1/sample_28.pdb,learned
GLTP,rosetta_fastrelax,23,1.9367801671976412,0.49650469994033525,2.1410975586861074,False,1.8339949158300262,2.043020299814466,external_inputs/controls/outputs/fastrelax/1SWX_A/sample_023.pdb,physics
GLTP,esmfold2,28,0.7603918794398012,1.8911999545437828,2.1410975586861074,True,0.5729128678513786,0.9224351906031775,external_inputs/rescore/structures/esmfold2/GLTP/28.cif,learned
GCGR,rosetta_fastrelax,25,5.1235806830832615,2.313857042508245,5.701045356786475,False,4.368476571567295,5.783617299695745,external_inputs/controls/outputs/fastrelax/4L6R_A/sample_025.pdb,physics
GCGR,boltz2,21,2.6192324886203453,5.46538361286784,5.701045356786475,True,2.0314676652340005,2.9514622724204647,external_inputs/rescore/structures/boltz2/GCGR/21.pdb,learned
HIV_RT__3V81,prody_rfd3,25,2.624196860092519,1.219356157862374,3.0896312117090363,False,1.7519548034092898,3.0653318321702816,external_inputs/prody_rfd3/structures/HIV_RT__3V81/sample_25_protein.pdb,physics
HIV_RT__3V81,esmfold2,15,0.8338157496181493,2.874464625995126,3.0896312117090363,True,0.47386200363893477,1.0023733474104015,external_inputs/rescore/structures/esmfold2/HIV_RT__3V81/15.cif,learned
