target,method,sample_idx,Dsh,Dsa,D,tier1,bb_rmsd,sc_rmsd,structure_path
cAbl,boltz2,0,3.7773611528879467,4.394522706949892,3.4458517805005147,False,2.444260855164365,4.666909611579394,external_inputs/rescore/structures/boltz2/cAbl/0.pdb
cAbl,boltz2,1,1.2358223595088929,3.579665240144924,3.4458517805005147,True,0.8535010131440661,1.5002306323649217,external_inputs/rescore/structures/boltz2/cAbl/1.pdb
cAbl,boltz2,2,2.5923818479009255,3.521952369590327,3.4458517805005147,True,1.390128506251093,3.3251665966565493,external_inputs/rescore/structures/boltz2/cAbl/2.pdb
cAbl,boltz2,3,1.2061958349359774,3.633341619311936,3.4458517805005147,True,0.7868642922400818,1.4872177758223244,external_inputs/rescore/structures/boltz2/cAbl/3.pdb
cAbl,boltz2,4,3.8398303185597253,4.412030409713872,3.4458517805005147,False,2.4786231150664455,4.746960310366198,external_inputs/rescore/structures/boltz2/cAbl/4.pdb
cAbl,boltz2,5,1.1964494893541724,3.6176353771014735,3.4458517805005147,True,0.6471638815559697,1.5325230180311187,external_inputs/rescore/structures/boltz2/cAbl/5.pdb
cAbl,boltz2,6,2.759403534397966,2.030443163478296,3.4458517805005147,False,1.27783835590135,3.609911101322549,external_inputs/rescore/structures/boltz2/cAbl/6.pdb
cAbl,boltz2,7,1.592874754689602,3.3268162076926195,3.4458517805005147,True,0.8830949657062663,2.031957484188981,external_inputs/rescore/structures/boltz2/cAbl/7.pdb
cAbl,boltz2,8,1.3419257366055712,3.434957705137063,3.4458517805005147,True,0.7512344364881717,1.7089569080129985,external_inputs/rescore/structures/boltz2/cAbl/8.pdb
cAbl,boltz2,9,3.3423177069976977,2.9713619285690416,3.4458517805005147,False,1.781931418797713,4.290987505573998,external_inputs/rescore/structures/boltz2/cAbl/9.pdb
cAbl,boltz2,10,1.3031678387256604,3.498714605541438,3.4458517805005147,True,0.8756532146705789,1.5943176935999273,external_inputs/rescore/structures/boltz2/cAbl/10.pdb
cAbl,boltz2,11,1.2686537785899135,3.0868364355095492,3.4458517805005147,True,0.8008288749240919,1.5768013670380194,external_inputs/rescore/structures/boltz2/cAbl/11.pdb
cAbl,boltz2,12,1.9927878149080989,3.724068443189877,3.4458517805005147,True,1.1717552717293882,2.5148128349217784,external_inputs/rescore/structures/boltz2/cAbl/12.pdb
cAbl,boltz2,13,1.2663054554058581,3.5383618423507195,3.4458517805005147,True,0.704410568503218,1.6144346420025029,external_inputs/rescore/structures/boltz2/cAbl/13.pdb
cAbl,boltz2,14,2.7635938362132966,1.8445640593841044,3.4458517805005147,False,1.3191135389875608,3.602566246999254,external_inputs/rescore/structures/boltz2/cAbl/14.pdb
cAbl,boltz2,15,3.7119793472738083,4.5931992071190635,3.4458517805005147,False,2.324517373126744,4.62212804028524,external_inputs/rescore/structures/boltz2/cAbl/15.pdb
cAbl,boltz2,16,1.4862653137078317,3.507885786778713,3.4458517805005147,True,0.9877998331698524,1.823698871767891,external_inputs/rescore/structures/boltz2/cAbl/16.pdb
cAbl,boltz2,17,1.326906919359944,3.339840774397866,3.4458517805005147,True,0.864027632037963,1.6368099219805339,external_inputs/rescore/structures/boltz2/cAbl/17.pdb
cAbl,boltz2,18,1.9078264106503617,3.616494420991591,3.4458517805005147,True,1.317467797292669,2.3160854556573542,external_inputs/rescore/structures/boltz2/cAbl/18.pdb
cAbl,boltz2,19,1.478299507056215,3.302693692030863,3.4458517805005147,True,0.6099591206606906,1.9564305853610804,external_inputs/rescore/structures/boltz2/cAbl/19.pdb
cAbl,boltz2,20,1.6464123535461779,3.477456666498149,3.4458517805005147,True,0.8334745491102321,2.1299013459910383,external_inputs/rescore/structures/boltz2/cAbl/20.pdb
cAbl,boltz2,21,2.6676086534029317,3.756342246455874,3.4458517805005147,True,1.984827467817003,3.1611792261437346,external_inputs/rescore/structures/boltz2/cAbl/21.pdb
cAbl,boltz2,22,3.636130011119968,4.200694235410023,3.4458517805005147,False,2.3411437800330868,4.497965413822628,external_inputs/rescore/structures/boltz2/cAbl/22.pdb
cAbl,boltz2,23,2.8975723000228704,2.0512165142555756,3.4458517805005147,False,1.4754035938237668,3.7454408102615355,external_inputs/rescore/structures/boltz2/cAbl/23.pdb
cAbl,boltz2,24,1.5084916688299443,3.617896742437644,3.4458517805005147,True,1.0321529895134594,1.8361873110084626,external_inputs/rescore/structures/boltz2/cAbl/24.pdb
cAbl,boltz2,25,1.2252341985120874,3.5244267293455454,3.4458517805005147,True,0.6634267114876735,1.5691278370146293,external_inputs/rescore/structures/boltz2/cAbl/25.pdb
cAbl,boltz2,26,2.803862095371009,2.1419653853724454,3.4458517805005147,False,1.3317793704005305,3.657226930602844,external_inputs/rescore/structures/boltz2/cAbl/26.pdb
cAbl,boltz2,27,3.3382139744863655,3.121589661048761,3.4458517805005147,False,2.014928922730234,4.19036159281499,external_inputs/rescore/structures/boltz2/cAbl/27.pdb
cAbl,boltz2,28,2.9396195313854663,2.517337574355128,3.4458517805005147,False,1.4237177792539286,3.8251476696891396,external_inputs/rescore/structures/boltz2/cAbl/28.pdb
cAbl,boltz2,29,2.8606354694100067,2.388399366238226,3.4458517805005147,False,1.422320490869059,3.709760223889341,external_inputs/rescore/structures/boltz2/cAbl/29.pdb
cAbl,esmfold2,0,4.966598150015503,4.26944897755644,3.4458517805005147,False,2.716339492187821,6.350173017836618,external_inputs/rescore/structures/esmfold2/cAbl/0.cif
cAbl,esmfold2,1,3.124302496164782,2.751214220301507,3.4458517805005147,False,1.7838715793752888,3.9648036528934543,external_inputs/rescore/structures/esmfold2/cAbl/1.cif
cAbl,esmfold2,2,4.366999714130063,3.506960893006194,3.4458517805005147,False,2.405460449777233,5.576906130683502,external_inputs/rescore/structures/esmfold2/cAbl/2.cif
cAbl,esmfold2,3,4.607132614525221,3.588973911887869,3.4458517805005147,False,2.597177857850333,5.860028947997053,external_inputs/rescore/structures/esmfold2/cAbl/3.cif
cAbl,esmfold2,4,2.7817194854638223,3.392300998757239,3.4458517805005147,True,1.2223876883132885,3.6595989080429114,external_inputs/rescore/structures/esmfold2/cAbl/4.cif
cAbl,esmfold2,5,4.634274258980548,3.7358087026589093,3.4458517805005147,False,2.6388635539872944,5.883897962871244,external_inputs/rescore/structures/esmfold2/cAbl/5.cif
cAbl,esmfold2,6,2.976259563857276,2.50885096042572,3.4458517805005147,False,1.5200207689122776,3.8455266944668565,external_inputs/rescore/structures/esmfold2/cAbl/6.cif
cAbl,esmfold2,7,5.519221827688175,4.9356593726641504,3.4458517805005147,False,3.0643229869231865,7.038866768231932,external_inputs/rescore/structures/esmfold2/cAbl/7.cif
cAbl,esmfold2,8,4.343663968608446,3.2445656079344642,3.4458517805005147,False,2.3787862894142804,5.552485523408803,external_inputs/rescore/structures/esmfold2/cAbl/8.cif
cAbl,esmfold2,9,4.445171480680649,3.3919112549765633,3.4458517805005147,False,2.5053913953512836,5.654217230454396,external_inputs/rescore/structures/esmfold2/cAbl/9.cif
cAbl,esmfold2,10,4.740288041372533,3.7107693438575606,3.4458517805005147,False,2.7327561632424313,6.004780302122418,external_inputs/rescore/structures/esmfold2/cAbl/10.cif
cAbl,esmfold2,11,4.367594427397379,3.425033656067488,3.4458517805005147,False,2.4065206778508816,5.577379537909064,external_inputs/rescore/structures/esmfold2/cAbl/11.cif
cAbl,esmfold2,12,4.468251103089219,3.586459593075536,3.4458517805005147,False,2.423294832261364,5.720896804591241,external_inputs/rescore/structures/esmfold2/cAbl/12.cif
cAbl,esmfold2,13,2.8537743631348333,2.045719368590458,3.4458517805005147,False,1.3996610511144416,3.7074946837999803,external_inputs/rescore/structures/esmfold2/cAbl/13.cif
cAbl,esmfold2,14,4.460887172779086,3.523813322311832,3.4458517805005147,False,2.5425150376674286,5.662788979312182,external_inputs/rescore/structures/esmfold2/cAbl/14.cif
cAbl,esmfold2,15,4.773458101583225,3.9811391951427155,3.4458517805005147,False,2.5426932727471754,6.129178944097841,external_inputs/rescore/structures/esmfold2/cAbl/15.cif
cAbl,esmfold2,16,3.7147355101661104,4.3193605218411255,3.4458517805005147,False,2.4747854795872866,4.5552088991737225,external_inputs/rescore/structures/esmfold2/cAbl/16.cif
cAbl,esmfold2,17,3.0288796201577726,2.2433382554820303,3.4458517805005147,False,1.6964850354608745,3.8569671036888957,external_inputs/rescore/structures/esmfold2/cAbl/17.cif
cAbl,esmfold2,18,2.9494396148775843,2.337345892299436,3.4458517805005147,False,1.4154161048442921,3.8423048271944658,external_inputs/rescore/structures/esmfold2/cAbl/18.cif
cAbl,esmfold2,19,3.4855312140901726,3.309897878559512,3.4458517805005147,False,1.9863027747933129,4.424764513373535,external_inputs/rescore/structures/esmfold2/cAbl/19.cif
cAbl,esmfold2,20,4.692901264937418,3.7043308841753997,3.4458517805005147,False,2.650744527925368,5.967025685515199,external_inputs/rescore/structures/esmfold2/cAbl/20.cif
cAbl,esmfold2,21,4.340135790467464,3.20724625184829,3.4458517805005147,False,2.423672819169872,5.529600534950746,external_inputs/rescore/structures/esmfold2/cAbl/21.cif
cAbl,esmfold2,22,3.0631746241630116,2.583761581570869,3.4458517805005147,False,1.6477772556582,3.927068070876266,external_inputs/rescore/structures/esmfold2/cAbl/22.cif
cAbl,esmfold2,23,2.917304639318449,2.130031395716562,3.4458517805005147,False,1.431260511036622,3.789879774098526,external_inputs/rescore/structures/esmfold2/cAbl/23.cif
cAbl,esmfold2,24,4.565993115903877,3.594370558748159,3.4458517805005147,False,2.534387584383397,5.82345269824383,external_inputs/rescore/structures/esmfold2/cAbl/24.cif
cAbl,esmfold2,25,4.636972863915469,3.5706459546068268,3.4458517805005147,False,2.6465117801500115,5.884838284108305,external_inputs/rescore/structures/esmfold2/cAbl/25.cif
cAbl,esmfold2,26,4.090270694164937,3.3443459821272885,3.4458517805005147,False,2.1139808327991885,5.275886404131684,external_inputs/rescore/structures/esmfold2/cAbl/26.cif
cAbl,esmfold2,27,3.0360006684109084,2.5046966908251993,3.4458517805005147,False,1.5364023129035052,3.927747843547402,external_inputs/rescore/structures/esmfold2/cAbl/27.cif
cAbl,esmfold2,28,4.334147347586904,3.445367121653707,3.4458517805005147,False,2.4003938599117984,5.529845778300483,external_inputs/rescore/structures/esmfold2/cAbl/28.cif
cAbl,esmfold2,29,3.022551997312876,2.382266421931597,3.4458517805005147,False,1.5307483264878747,3.9099407953060306,external_inputs/rescore/structures/esmfold2/cAbl/29.cif
cAbl,bioemu_refine,0,4.792377493971659,4.103339855770645,3.4458517805005147,False,2.6952154464570808,6.09821237396192,external_inputs/rescore/structures/bioemu_refine/cAbl/0.cif.gz
cAbl,bioemu_refine,100,4.585955272760249,3.7139280278194216,3.4458517805005147,False,2.5105149636011976,5.8625782837031855,external_inputs/rescore/structures/bioemu_refine/cAbl/100.cif.gz
cAbl,bioemu_refine,200,4.750552099125902,3.7491761375858568,3.4458517805005147,False,2.7282829513138145,6.022055368273045,external_inputs/rescore/structures/bioemu_refine/cAbl/200.cif.gz
cAbl,bioemu_refine,300,4.494870921504743,3.5952594406675615,3.4458517805005147,False,2.3630672606223477,5.783114722893724,external_inputs/rescore/structures/bioemu_refine/cAbl/300.cif.gz
cAbl,bioemu_refine,400,6.1503232606436855,5.796272286610108,3.4458517805005147,False,3.2597407813751147,7.903224033205329,external_inputs/rescore/structures/bioemu_refine/cAbl/400.cif.gz
cAbl,bioemu_refine,500,4.831032294685687,4.033679321817991,3.4458517805005147,False,2.8338325866459932,6.0994231783607225,external_inputs/rescore/structures/bioemu_refine/cAbl/500.cif.gz
cAbl,bioemu_refine,600,4.612591732132131,3.8591995544960698,3.4458517805005147,False,2.7168104323161546,5.8189433973207985,external_inputs/rescore/structures/bioemu_refine/cAbl/600.cif.gz
cAbl,bioemu_refine,700,3.480764794982786,2.0839069212630483,3.4458517805005147,False,1.9616566120891779,4.424198534360682,external_inputs/rescore/structures/bioemu_refine/cAbl/700.cif.gz
cAbl,bioemu_refine,800,4.633243354966912,3.6938661840698024,3.4458517805005147,False,2.519904802905465,5.929404103145011,external_inputs/rescore/structures/bioemu_refine/cAbl/800.cif.gz
cAbl,bioemu_refine,900,4.699497454029434,3.874012492600368,3.4458517805005147,False,2.787980080647644,5.9200920919755236,external_inputs/rescore/structures/bioemu_refine/cAbl/900.cif.gz
cAbl,bioemu_refine,1000,4.584716109188055,3.998752129355161,3.4458517805005147,False,2.835630782979587,5.7364893821305,external_inputs/rescore/structures/bioemu_refine/cAbl/1000.cif.gz
cAbl,bioemu_refine,1100,3.7915402326033942,4.024264876633423,3.4458517805005147,False,2.339903155407529,4.765905176193492,external_inputs/rescore/structures/bioemu_refine/cAbl/1100.cif.gz
cAbl,bioemu_refine,1200,4.806829237246262,4.02679950442795,3.4458517805005147,False,2.7442889398607493,6.10006557500462,external_inputs/rescore/structures/bioemu_refine/cAbl/1200.cif.gz
cAbl,bioemu_refine,1300,4.484821561532966,3.6190347709788058,3.4458517805005147,False,2.528615695220157,5.704300101722404,external_inputs/rescore/structures/bioemu_refine/cAbl/1300.cif.gz
cAbl,bioemu_refine,1400,4.384361263956332,3.725102448573946,3.4458517805005147,False,2.3888938320600315,5.60922064746507,external_inputs/rescore/structures/bioemu_refine/cAbl/1400.cif.gz
cAbl,bioemu_refine,1500,4.429977784241025,4.004887684098664,3.4458517805005147,False,2.521375895167827,5.624982865091158,external_inputs/rescore/structures/bioemu_refine/cAbl/1500.cif.gz
cAbl,bioemu_refine,1600,4.72526644670337,3.8333896117472595,3.4458517805005147,False,2.6471886165856566,6.016921542152785,external_inputs/rescore/structures/bioemu_refine/cAbl/1600.cif.gz
cAbl,bioemu_refine,1700,4.16360366569723,3.4635584049865913,3.4458517805005147,False,2.1530636501095928,5.370046835182448,external_inputs/rescore/structures/bioemu_refine/cAbl/1700.cif.gz
cAbl,bioemu_refine,1800,4.089294123655529,3.2148511191773164,3.4458517805005147,False,2.4168739085685758,5.155274985918883,external_inputs/rescore/structures/bioemu_refine/cAbl/1800.cif.gz
cAbl,prody_rfd3,1,3.3978836610249434,1.2472958240186225,3.4458517805005147,False,2.1465282175378406,4.222453459211605,external_inputs/prody_rfd3/structures/cAbl/sample_1_protein.pdb
cAbl,prody_rfd3,10,3.4033736271761716,1.0254695174853343,3.4458517805005147,False,2.146572418998933,4.230850289184285,external_inputs/prody_rfd3/structures/cAbl/sample_10_protein.pdb
cAbl,prody_rfd3,16,3.363021696161317,1.122329002296271,3.4458517805005147,False,2.145466898599091,4.169421695460226,external_inputs/prody_rfd3/structures/cAbl/sample_16_protein.pdb
cAbl,prody_rfd3,23,3.4110165535396906,1.1668985173805573,3.4458517805005147,False,2.1488777628541293,4.241506460764987,external_inputs/prody_rfd3/structures/cAbl/sample_23_protein.pdb
cAbl,prody_rfd3,19,3.5268787605272998,1.2488387851456042,3.4458517805005147,False,2.1615051509581966,4.412814123184932,external_inputs/prody_rfd3/structures/cAbl/sample_19_protein.pdb
cAbl,prody_rfd3,14,3.381141626596277,1.0951985960878632,3.4458517805005147,False,2.1495882524398455,4.1953454865940465,external_inputs/prody_rfd3/structures/cAbl/sample_14_protein.pdb
cAbl,prody_rfd3,17,3.385804664088478,1.199995327369732,3.4458517805005147,False,2.1602033330604598,4.1975735224775095,external_inputs/prody_rfd3/structures/cAbl/sample_17_protein.pdb
cAbl,prody_rfd3,27,3.532209762784613,1.2711858825302909,3.4458517805005147,False,2.1483110673866888,4.426752979966354,external_inputs/prody_rfd3/structures/cAbl/sample_27_protein.pdb
cAbl,prody_rfd3,8,3.3602543041321997,1.13507524512638,3.4458517805005147,False,2.1424469404881807,4.1665750720832415,external_inputs/prody_rfd3/structures/cAbl/sample_8_protein.pdb
cAbl,prody_rfd3,5,3.3643387372903866,1.01355769507921,3.4458517805005147,False,2.147243727586883,4.170617811282455,external_inputs/prody_rfd3/structures/cAbl/sample_5_protein.pdb
cAbl,prody_rfd3,7,3.406473615903311,1.165546546145601,3.4458517805005147,False,2.1566858047021165,4.230946759344154,external_inputs/prody_rfd3/structures/cAbl/sample_7_protein.pdb
cAbl,prody_rfd3,4,3.465295792306616,1.0279137016058613,3.4458517805005147,False,2.141904519299482,4.327672007432654,external_inputs/prody_rfd3/structures/cAbl/sample_4_protein.pdb
cAbl,prody_rfd3,0,3.3795094287614145,1.1287318971015798,3.4458517805005147,False,2.150207515199935,4.192550975228373,external_inputs/prody_rfd3/structures/cAbl/sample_0_protein.pdb
cAbl,prody_rfd3,6,3.3709402129366937,1.1059459803704077,3.4458517805005147,False,2.1455006785238706,4.181573967094223,external_inputs/prody_rfd3/structures/cAbl/sample_6_protein.pdb
cAbl,prody_rfd3,12,3.476751404413922,1.0463973785418021,3.4458517805005147,False,2.1378047991173728,4.346974273122301,external_inputs/prody_rfd3/structures/cAbl/sample_12_protein.pdb
cAbl,prody_rfd3,26,3.4028584750410857,1.0935881003860488,3.4458517805005147,False,2.15298064473021,4.2271102125586735,external_inputs/prody_rfd3/structures/cAbl/sample_26_protein.pdb
cAbl,prody_rfd3,22,3.365669564004411,1.1134289900416037,3.4458517805005147,False,2.1434144885907105,4.174446211350488,external_inputs/prody_rfd3/structures/cAbl/sample_22_protein.pdb
cAbl,prody_rfd3,21,3.3562176550768785,1.0336611383230938,3.4458517805005147,False,2.1531342435388305,4.155370563971902,external_inputs/prody_rfd3/structures/cAbl/sample_21_protein.pdb
cAbl,prody_rfd3,25,3.4063692157793786,1.2648202370561916,3.4458517805005147,False,2.1523040991683065,4.232806871449326,external_inputs/prody_rfd3/structures/cAbl/sample_25_protein.pdb
cAbl,prody_rfd3,13,3.3466337308208103,1.073838096356842,3.4458517805005147,False,2.1541839666858613,4.14011960104297,external_inputs/prody_rfd3/structures/cAbl/sample_13_protein.pdb
cAbl,prody_rfd3,9,3.403021317009702,1.2349028613723314,3.4458517805005147,False,2.1489390371593187,4.229221967486036,external_inputs/prody_rfd3/structures/cAbl/sample_9_protein.pdb
cAbl,prody_rfd3,15,3.396266787788143,1.1549299303832208,3.4458517805005147,False,2.159259051643314,4.214087505924091,external_inputs/prody_rfd3/structures/cAbl/sample_15_protein.pdb
cAbl,prody_rfd3,20,3.4868269359771715,1.0163427488892443,3.4458517805005147,False,2.161699929963669,4.351648528255088,external_inputs/prody_rfd3/structures/cAbl/sample_20_protein.pdb
cAbl,prody_rfd3,18,3.3971713712480556,1.063281521180221,3.4458517805005147,False,2.1526617148775475,4.2185314859624174,external_inputs/prody_rfd3/structures/cAbl/sample_18_protein.pdb
cAbl,prody_rfd3,3,3.541274151595502,1.2809404952512398,3.4458517805005147,False,2.1560223327912778,4.437146231143604,external_inputs/prody_rfd3/structures/cAbl/sample_3_protein.pdb
cAbl,prody_rfd3,2,3.388807716643396,1.0805992023045432,3.4458517805005147,False,2.148375642059376,4.207676922988852,external_inputs/prody_rfd3/structures/cAbl/sample_2_protein.pdb
cAbl,prody_rfd3,28,3.484304659680133,1.0346266413543352,3.4458517805005147,False,2.147063371599739,4.3543601984302205,external_inputs/prody_rfd3/structures/cAbl/sample_28_protein.pdb
cAbl,prody_rfd3,24,3.3583893786594476,1.1245130188168972,3.4458517805005147,False,2.1453468037775565,4.162356216148304,external_inputs/prody_rfd3/structures/cAbl/sample_24_protein.pdb
cAbl,prody_rfd3,11,3.5242232679900094,1.2621171541455953,3.4458517805005147,False,2.1484210354723197,4.414557637387072,external_inputs/prody_rfd3/structures/cAbl/sample_11_protein.pdb
cAbl,prody_rfd3,29,3.3774073079479923,1.0269665354426136,3.4458517805005147,False,2.1572501010166056,4.186041338760233,external_inputs/prody_rfd3/structures/cAbl/sample_29_protein.pdb
cAbl,rosetta_repack,0,3.4185086787342946,0.7856037996525812,3.4458517805005147,False,2.14798089117003,4.253395793751882,external_inputs/controls/outputs/repack/6XR6_A/sample_000.pdb
cAbl,rosetta_repack,1,3.4185086787342946,0.7856037996525812,3.4458517805005147,False,2.14798089117003,4.253395793751882,external_inputs/controls/outputs/repack/6XR6_A/sample_001.pdb
cAbl,rosetta_repack,2,3.418670761424972,0.7763805251197261,3.4458517805005147,False,2.14798089117003,4.2536440404202756,external_inputs/controls/outputs/repack/6XR6_A/sample_002.pdb
cAbl,rosetta_repack,3,3.418670761424972,0.7763805251197261,3.4458517805005147,False,2.14798089117003,4.2536440404202756,external_inputs/controls/outputs/repack/6XR6_A/sample_003.pdb
cAbl,rosetta_repack,4,3.40546134435029,0.7597955062239103,3.4458517805005147,False,2.14798089117003,4.233403599404629,external_inputs/controls/outputs/repack/6XR6_A/sample_004.pdb
cAbl,rosetta_repack,5,3.4185086787342946,0.7856037996525812,3.4458517805005147,False,2.14798089117003,4.253395793751882,external_inputs/controls/outputs/repack/6XR6_A/sample_005.pdb
cAbl,rosetta_repack,6,3.4185086787342946,0.7856037996525812,3.4458517805005147,False,2.14798089117003,4.253395793751882,external_inputs/controls/outputs/repack/6XR6_A/sample_006.pdb
cAbl,rosetta_repack,7,3.40546134435029,0.7597955062239103,3.4458517805005147,False,2.14798089117003,4.233403599404629,external_inputs/controls/outputs/repack/6XR6_A/sample_007.pdb
cAbl,rosetta_repack,8,3.4185086787342946,0.7856037996525812,3.4458517805005147,False,2.14798089117003,4.253395793751882,external_inputs/controls/outputs/repack/6XR6_A/sample_008.pdb
cAbl,rosetta_repack,9,3.4185086787342946,0.7856037996525812,3.4458517805005147,False,2.14798089117003,4.253395793751882,external_inputs/controls/outputs/repack/6XR6_A/sample_009.pdb
cAbl,rosetta_repack,10,3.418670761424972,0.7763805251197261,3.4458517805005147,False,2.14798089117003,4.2536440404202756,external_inputs/controls/outputs/repack/6XR6_A/sample_010.pdb
cAbl,rosetta_repack,11,3.4673046707378825,0.9033901629596492,3.4458517805005147,False,2.14798089117003,4.328010838072688,external_inputs/controls/outputs/repack/6XR6_A/sample_011.pdb
cAbl,rosetta_repack,12,3.418670761424972,0.7763805251197261,3.4458517805005147,False,2.14798089117003,4.2536440404202756,external_inputs/controls/outputs/repack/6XR6_A/sample_012.pdb
cAbl,rosetta_repack,13,3.4185086787342946,0.7856037996525812,3.4458517805005147,False,2.14798089117003,4.253395793751882,external_inputs/controls/outputs/repack/6XR6_A/sample_013.pdb
cAbl,rosetta_repack,14,3.409058845820181,0.726491700941804,3.4458517805005147,False,2.14798089117003,4.238917690606023,external_inputs/controls/outputs/repack/6XR6_A/sample_014.pdb
cAbl,rosetta_repack,15,3.4185086787342946,0.7856037996525812,3.4458517805005147,False,2.14798089117003,4.253395793751882,external_inputs/controls/outputs/repack/6XR6_A/sample_015.pdb
cAbl,rosetta_repack,16,3.4185086787342946,0.7856037996525812,3.4458517805005147,False,2.14798089117003,4.253395793751882,external_inputs/controls/outputs/repack/6XR6_A/sample_016.pdb
cAbl,rosetta_repack,17,3.4302299499159394,0.6054236703208905,3.4458517805005147,False,2.14798089117003,4.271341007035394,external_inputs/controls/outputs/repack/6XR6_A/sample_017.pdb
cAbl,rosetta_repack,18,3.410203522793261,0.7371312404332314,3.4458517805005147,False,2.14798089117003,4.240671955681989,external_inputs/controls/outputs/repack/6XR6_A/sample_018.pdb
cAbl,rosetta_repack,19,3.4302299499159394,0.6054236703208905,3.4458517805005147,False,2.14798089117003,4.271341007035394,external_inputs/controls/outputs/repack/6XR6_A/sample_019.pdb
cAbl,rosetta_repack,20,3.4174624359785795,0.7765665638029212,3.4458517805005147,False,2.14798089117003,4.251793332068373,external_inputs/controls/outputs/repack/6XR6_A/sample_020.pdb
cAbl,rosetta_repack,21,3.4185086787342946,0.7856037996525812,3.4458517805005147,False,2.14798089117003,4.253395793751882,external_inputs/controls/outputs/repack/6XR6_A/sample_021.pdb
cAbl,rosetta_repack,22,3.40546134435029,0.7597955062239103,3.4458517805005147,False,2.14798089117003,4.233403599404629,external_inputs/controls/outputs/repack/6XR6_A/sample_022.pdb
cAbl,rosetta_repack,23,3.4185086787342946,0.7856037996525812,3.4458517805005147,False,2.14798089117003,4.253395793751882,external_inputs/controls/outputs/repack/6XR6_A/sample_023.pdb
cAbl,rosetta_repack,24,3.418670761424972,0.7763805251197261,3.4458517805005147,False,2.14798089117003,4.2536440404202756,external_inputs/controls/outputs/repack/6XR6_A/sample_024.pdb
cAbl,rosetta_repack,25,3.4185086787342946,0.7856037996525812,3.4458517805005147,False,2.14798089117003,4.253395793751882,external_inputs/controls/outputs/repack/6XR6_A/sample_025.pdb
cAbl,rosetta_repack,26,3.4226038894769637,0.788482853860703,3.4458517805005147,False,2.14798089117003,4.25966718802082,external_inputs/controls/outputs/repack/6XR6_A/sample_026.pdb
cAbl,rosetta_repack,27,3.418670761424972,0.7763805251197261,3.4458517805005147,False,2.14798089117003,4.2536440404202756,external_inputs/controls/outputs/repack/6XR6_A/sample_027.pdb
cAbl,rosetta_repack,28,3.430391478787896,0.593406446157629,3.4458517805005147,False,2.14798089117003,4.2715882108039,external_inputs/controls/outputs/repack/6XR6_A/sample_028.pdb
cAbl,rosetta_repack,29,3.40546134435029,0.7597955062239103,3.4458517805005147,False,2.14798089117003,4.233403599404629,external_inputs/controls/outputs/repack/6XR6_A/sample_029.pdb
cAbl,rosetta_fastrelax,0,3.4838846575789466,1.1342654843617508,3.4458517805005147,False,2.2535709426992856,4.304694002063173,external_inputs/controls/outputs/fastrelax/6XR6_A/sample_000.pdb
cAbl,rosetta_fastrelax,1,3.5004541690545614,1.0442497824773902,3.4458517805005147,False,2.189583354528616,4.359863999327483,external_inputs/controls/outputs/fastrelax/6XR6_A/sample_001.pdb
cAbl,rosetta_fastrelax,2,3.4815242029337257,1.1189434295748841,3.4458517805005147,False,2.258384364325453,4.298766206104738,external_inputs/controls/outputs/fastrelax/6XR6_A/sample_002.pdb
cAbl,rosetta_fastrelax,3,3.5294633598982235,1.0728685993532137,3.4458517805005147,False,2.293401364852973,4.356091335361875,external_inputs/controls/outputs/fastrelax/6XR6_A/sample_003.pdb
cAbl,rosetta_fastrelax,4,3.478977925214022,1.110050223873248,3.4458517805005147,False,2.1298795003630575,4.353886579875275,external_inputs/controls/outputs/fastrelax/6XR6_A/sample_004.pdb
cAbl,rosetta_fastrelax,5,3.63042218561998,1.2525532207089334,3.4458517805005147,False,2.352667195520424,4.483711514410054,external_inputs/controls/outputs/fastrelax/6XR6_A/sample_005.pdb
cAbl,rosetta_fastrelax,6,3.494221593290903,1.0185221664358648,3.4458517805005147,False,2.197859803288305,4.3465444746544195,external_inputs/controls/outputs/fastrelax/6XR6_A/sample_006.pdb
cAbl,rosetta_fastrelax,7,3.4149096353854125,1.0931003621469044,3.4458517805005147,False,2.118506857448522,4.261266987735695,external_inputs/controls/outputs/fastrelax/6XR6_A/sample_007.pdb
cAbl,rosetta_fastrelax,8,3.488729429633327,1.0793551306241376,3.4458517805005147,False,2.229485181345481,4.323489016572133,external_inputs/controls/outputs/fastrelax/6XR6_A/sample_008.pdb
cAbl,rosetta_fastrelax,9,3.5309196403871317,1.0739945243074323,3.4458517805005147,False,2.2167820197572543,4.394097286221899,external_inputs/controls/outputs/fastrelax/6XR6_A/sample_009.pdb
cAbl,rosetta_fastrelax,10,3.559686565957861,1.144315245023261,3.4458517805005147,False,2.2992143654919217,4.39996073035097,external_inputs/controls/outputs/fastrelax/6XR6_A/sample_010.pdb
cAbl,rosetta_fastrelax,11,3.527971157130146,1.1192684558357804,3.4458517805005147,False,2.2429849217911544,4.377510096001191,external_inputs/controls/outputs/fastrelax/6XR6_A/sample_011.pdb
cAbl,rosetta_fastrelax,12,3.5615971454701496,1.1468769950395499,3.4458517805005147,False,2.292309592652556,4.40616556077698,external_inputs/controls/outputs/fastrelax/6XR6_A/sample_012.pdb
cAbl,rosetta_fastrelax,13,3.656652532510874,1.2830889677063237,3.4458517805005147,False,2.3511328133015286,4.524871007312867,external_inputs/controls/outputs/fastrelax/6XR6_A/sample_013.pdb
cAbl,rosetta_fastrelax,14,3.5252888091017387,1.1087404590019767,3.4458517805005147,False,2.266339867816426,4.3624718634675785,external_inputs/controls/outputs/fastrelax/6XR6_A/sample_014.pdb
cAbl,rosetta_fastrelax,15,3.425904021646169,1.1167604570102914,3.4458517805005147,False,2.1358920086809294,4.270214928695052,external_inputs/controls/outputs/fastrelax/6XR6_A/sample_015.pdb
cAbl,rosetta_fastrelax,16,3.5097064742362494,1.0979636010578218,3.4458517805005147,False,2.1163359098877903,4.406547119479586,external_inputs/controls/outputs/fastrelax/6XR6_A/sample_016.pdb
cAbl,rosetta_fastrelax,17,3.535739239416098,1.1092550510496326,3.4458517805005147,False,2.249529764036657,4.386403165335007,external_inputs/controls/outputs/fastrelax/6XR6_A/sample_017.pdb
cAbl,rosetta_fastrelax,18,3.5231069679570597,1.122837352215533,3.4458517805005147,False,2.186877304810291,4.395717880656558,external_inputs/controls/outputs/fastrelax/6XR6_A/sample_018.pdb
cAbl,rosetta_fastrelax,19,3.471284413595596,1.2061363874836066,3.4458517805005147,False,2.1055822147235768,4.3528877295090505,external_inputs/controls/outputs/fastrelax/6XR6_A/sample_019.pdb
cAbl,rosetta_fastrelax,20,3.5404504024685988,1.120001742562354,3.4458517805005147,False,2.2627961629235567,4.387464611260577,external_inputs/controls/outputs/fastrelax/6XR6_A/sample_020.pdb
cAbl,rosetta_fastrelax,21,3.5531960273806056,1.1792258336713695,3.4458517805005147,False,2.2609316148485816,4.4079226286610265,external_inputs/controls/outputs/fastrelax/6XR6_A/sample_021.pdb
cAbl,rosetta_fastrelax,22,3.434722845713779,1.0649729351139936,3.4458517805005147,False,2.0613380817430453,4.316645903192754,external_inputs/controls/outputs/fastrelax/6XR6_A/sample_022.pdb
cAbl,rosetta_fastrelax,23,3.562816078406534,1.1321232431986956,3.4458517805005147,False,2.2717137342570317,4.417688874673424,external_inputs/controls/outputs/fastrelax/6XR6_A/sample_023.pdb
cAbl,rosetta_fastrelax,24,3.4789414114561255,1.047216938784778,3.4458517805005147,False,2.13333849132524,4.352297056985122,external_inputs/controls/outputs/fastrelax/6XR6_A/sample_024.pdb
cAbl,rosetta_fastrelax,25,3.5220688654032455,1.1919809761635127,3.4458517805005147,False,2.229166418963861,4.3748446578340365,external_inputs/controls/outputs/fastrelax/6XR6_A/sample_025.pdb
cAbl,rosetta_fastrelax,26,3.5354183736077203,1.1558934387481428,3.4458517805005147,False,2.274143835994159,4.374399095587326,external_inputs/controls/outputs/fastrelax/6XR6_A/sample_026.pdb
cAbl,rosetta_fastrelax,27,3.6354785702418257,1.1826024295062485,3.4458517805005147,False,2.401618478328827,4.467987024731967,external_inputs/controls/outputs/fastrelax/6XR6_A/sample_027.pdb
cAbl,rosetta_fastrelax,28,3.481909234550213,1.234159531357253,3.4458517805005147,False,2.123552961019743,4.36114489300488,external_inputs/controls/outputs/fastrelax/6XR6_A/sample_028.pdb
cAbl,rosetta_fastrelax,29,3.4893621437079902,1.2584875451405089,3.4458517805005147,False,2.170747808074672,4.351441853373878,external_inputs/controls/outputs/fastrelax/6XR6_A/sample_029.pdb
HIV_RT__3V81,boltz2,0,8.360040553233421,8.768721939217917,3.0896312117090363,False,6.018715750615644,9.593038771196063,external_inputs/rescore/structures/boltz2/HIV_RT__3V81/0.pdb
HIV_RT__3V81,boltz2,1,8.444426639543737,8.240908390173868,3.0896312117090363,False,7.127942485025212,9.208056604884636,external_inputs/rescore/structures/boltz2/HIV_RT__3V81/1.pdb
HIV_RT__3V81,boltz2,2,8.501830215991431,8.946398395978568,3.0896312117090363,False,6.184854115127942,9.729139509789121,external_inputs/rescore/structures/boltz2/HIV_RT__3V81/2.pdb
HIV_RT__3V81,boltz2,3,7.103395647646011,7.639646174528701,3.0896312117090363,False,5.40166035832856,8.028122540792523,external_inputs/rescore/structures/boltz2/HIV_RT__3V81/3.pdb
HIV_RT__3V81,boltz2,4,7.206998336953672,7.482071125596788,3.0896312117090363,False,5.362255445189525,8.19677363244662,external_inputs/rescore/structures/boltz2/HIV_RT__3V81/4.pdb
HIV_RT__3V81,boltz2,5,7.204825409815086,7.445969443312341,3.0896312117090363,False,5.412920540123644,8.171672153985288,external_inputs/rescore/structures/boltz2/HIV_RT__3V81/5.pdb
HIV_RT__3V81,boltz2,6,9.258091080208743,9.141215264237822,3.0896312117090363,False,6.791901744292457,10.570666174441723,external_inputs/rescore/structures/boltz2/HIV_RT__3V81/6.pdb
HIV_RT__3V81,boltz2,7,7.823559974826336,8.030002060207158,3.0896312117090363,False,5.260244529727803,9.12471477225081,external_inputs/rescore/structures/boltz2/HIV_RT__3V81/7.pdb
HIV_RT__3V81,boltz2,8,6.4228308241482255,6.846606285857867,3.0896312117090363,False,5.068381159643104,7.175429945960436,external_inputs/rescore/structures/boltz2/HIV_RT__3V81/8.pdb
HIV_RT__3V81,boltz2,9,7.639541759365136,8.369691330609399,3.0896312117090363,False,6.157679312807185,8.473858007145086,external_inputs/rescore/structures/boltz2/HIV_RT__3V81/9.pdb
HIV_RT__3V81,boltz2,10,7.2312818981089935,7.488890199573073,3.0896312117090363,False,5.084534552905142,8.347212106197,external_inputs/rescore/structures/boltz2/HIV_RT__3V81/10.pdb
HIV_RT__3V81,boltz2,11,2.8517194761940363,3.5166526952734465,3.0896312117090363,True,1.8769440180993886,3.341127379402465,external_inputs/rescore/structures/boltz2/HIV_RT__3V81/11.pdb
HIV_RT__3V81,boltz2,12,7.292100792894437,7.579226167485967,3.0896312117090363,False,5.500929851165486,8.260859843812193,external_inputs/rescore/structures/boltz2/HIV_RT__3V81/12.pdb
HIV_RT__3V81,boltz2,13,7.511928912200902,7.648182920439345,3.0896312117090363,False,5.519549666524958,8.573275990915317,external_inputs/rescore/structures/boltz2/HIV_RT__3V81/13.pdb
HIV_RT__3V81,boltz2,14,7.359828891001349,7.869650396753014,3.0896312117090363,False,5.551066117266537,8.338004102373446,external_inputs/rescore/structures/boltz2/HIV_RT__3V81/14.pdb
HIV_RT__3V81,boltz2,15,7.600607512220765,8.152173320511176,3.0896312117090363,False,5.7716838701068705,8.593630357814462,external_inputs/rescore/structures/boltz2/HIV_RT__3V81/15.pdb
HIV_RT__3V81,boltz2,16,8.108686990627058,8.688387207148253,3.0896312117090363,False,5.903460575579847,9.277315591671764,external_inputs/rescore/structures/boltz2/HIV_RT__3V81/16.pdb
HIV_RT__3V81,boltz2,17,8.11546244518889,8.373853910670624,3.0896312117090363,False,6.054174400656325,9.22311233528909,external_inputs/rescore/structures/boltz2/HIV_RT__3V81/17.pdb
HIV_RT__3V81,boltz2,18,8.18225058848303,8.397295514294834,3.0896312117090363,False,5.419170074100568,9.573952044359931,external_inputs/rescore/structures/boltz2/HIV_RT__3V81/18.pdb
HIV_RT__3V81,boltz2,19,8.177513959394247,8.81625656858912,3.0896312117090363,False,5.506298763049844,9.53447402354803,external_inputs/rescore/structures/boltz2/HIV_RT__3V81/19.pdb
HIV_RT__3V81,boltz2,20,5.686802841527176,6.156984367599705,3.0896312117090363,False,4.891303344204223,6.154087737915719,external_inputs/rescore/structures/boltz2/HIV_RT__3V81/20.pdb
HIV_RT__3V81,boltz2,21,6.355501951907276,7.074757914788819,3.0896312117090363,False,5.432807001087887,6.895245589362638,external_inputs/rescore/structures/boltz2/HIV_RT__3V81/21.pdb
HIV_RT__3V81,boltz2,22,7.166732058158632,7.599070596593433,3.0896312117090363,False,5.203193383917806,8.20565573665654,external_inputs/rescore/structures/boltz2/HIV_RT__3V81/22.pdb
HIV_RT__3V81,boltz2,23,6.968258497314733,7.497701794050892,3.0896312117090363,False,5.062422884738376,7.9770233268693875,external_inputs/rescore/structures/boltz2/HIV_RT__3V81/23.pdb
HIV_RT__3V81,boltz2,24,7.663180014759916,7.899945267364894,3.0896312117090363,False,5.339603668895531,8.86512173194884,external_inputs/rescore/structures/boltz2/HIV_RT__3V81/24.pdb
HIV_RT__3V81,boltz2,25,6.54725105925466,7.072457438459108,3.0896312117090363,False,5.456359337227913,7.174723972319108,external_inputs/rescore/structures/boltz2/HIV_RT__3V81/25.pdb
HIV_RT__3V81,boltz2,26,6.6611664650535305,7.519002782928468,3.0896312117090363,False,4.7558421610495225,7.659931429704066,external_inputs/rescore/structures/boltz2/HIV_RT__3V81/26.pdb
HIV_RT__3V81,boltz2,27,5.406108402589602,5.918066147077519,3.0896312117090363,False,4.185466400372064,6.076540149568648,external_inputs/rescore/structures/boltz2/HIV_RT__3V81/27.pdb
HIV_RT__3V81,boltz2,28,6.383615628835999,6.918752701053589,3.0896312117090363,False,4.5937925269738304,7.3259492951790985,external_inputs/rescore/structures/boltz2/HIV_RT__3V81/28.pdb
HIV_RT__3V81,boltz2,29,10.469715688680596,11.334722581823897,3.0896312117090363,False,8.063225854560724,11.787303833311487,external_inputs/rescore/structures/boltz2/HIV_RT__3V81/29.pdb
HIV_RT__3V81,esmfold2,0,1.8535019151740206,2.3675635431170483,3.0896312117090363,True,0.6598989142198208,2.3255265855037535,external_inputs/rescore/structures/esmfold2/HIV_RT__3V81/0.cif
HIV_RT__3V81,esmfold2,1,2.0250923464082087,2.5712049556665098,3.0896312117090363,True,0.8873375253613818,2.5059579853606375,external_inputs/rescore/structures/esmfold2/HIV_RT__3V81/1.cif
HIV_RT__3V81,esmfold2,2,1.0794604192671617,2.9846132285778677,3.0896312117090363,True,0.8175765439935748,1.2214336191415096,external_inputs/rescore/structures/esmfold2/HIV_RT__3V81/2.cif
HIV_RT__3V81,esmfold2,3,2.697625032783764,1.3867284263581396,3.0896312117090363,False,1.243900729076367,3.3233688646250026,external_inputs/rescore/structures/esmfold2/HIV_RT__3V81/3.cif
HIV_RT__3V81,esmfold2,4,2.808753302320647,1.584707931411985,3.0896312117090363,False,1.3324742107388758,3.4509421050572526,external_inputs/rescore/structures/esmfold2/HIV_RT__3V81/4.cif
HIV_RT__3V81,esmfold2,5,8.213797807515022,8.710855946895812,3.0896312117090363,False,6.03170226349946,9.37581757433782,external_inputs/rescore/structures/esmfold2/HIV_RT__3V81/5.cif
HIV_RT__3V81,esmfold2,6,1.0578744705093686,2.9445676329377415,3.0896312117090363,True,0.7698986657687997,1.2104521858151016,external_inputs/rescore/structures/esmfold2/HIV_RT__3V81/6.cif
HIV_RT__3V81,esmfold2,7,2.3723787508181613,1.6440448138546804,3.0896312117090363,False,0.7534395590997556,2.99259742028177,external_inputs/rescore/structures/esmfold2/HIV_RT__3V81/7.cif
HIV_RT__3V81,esmfold2,8,7.9581478255127855,8.291076029080964,3.0896312117090363,False,6.256587775020433,8.901462905762775,external_inputs/rescore/structures/esmfold2/HIV_RT__3V81/8.cif
HIV_RT__3V81,esmfold2,9,1.8722842884129844,2.397870706642392,3.0896312117090363,True,0.7240851473315717,2.3378742769605974,external_inputs/rescore/structures/esmfold2/HIV_RT__3V81/9.cif
HIV_RT__3V81,esmfold2,10,1.8022047973004942,2.4484881161620167,3.0896312117090363,True,0.6055066881291802,2.2677077112258974,external_inputs/rescore/structures/esmfold2/HIV_RT__3V81/10.cif
HIV_RT__3V81,esmfold2,11,9.225742508745665,9.22053860883704,3.0896312117090363,False,6.961493096404436,10.450561064648582,external_inputs/rescore/structures/esmfold2/HIV_RT__3V81/11.cif
HIV_RT__3V81,esmfold2,12,2.4470161834761823,1.764080274982832,3.0896312117090363,False,0.8428979651258532,3.0753807265837723,external_inputs/rescore/structures/esmfold2/HIV_RT__3V81/12.cif
HIV_RT__3V81,esmfold2,13,2.254324341863561,1.8995484432363,3.0896312117090363,False,0.9093023723426613,2.8071129618414483,external_inputs/rescore/structures/esmfold2/HIV_RT__3V81/13.cif
HIV_RT__3V81,esmfold2,14,1.9300049873443283,2.502703075492881,3.0896312117090363,True,0.7022222982774645,2.4186650724486043,external_inputs/rescore/structures/esmfold2/HIV_RT__3V81/14.cif
HIV_RT__3V81,esmfold2,15,0.8338157496181493,2.874464625995126,3.0896312117090363,True,0.47386200363893477,1.0023733474104015,external_inputs/rescore/structures/esmfold2/HIV_RT__3V81/15.cif
HIV_RT__3V81,esmfold2,16,0.9917390109730733,2.878295184749455,3.0896312117090363,True,0.6750954381384936,1.1535111095008341,external_inputs/rescore/structures/esmfold2/HIV_RT__3V81/16.cif
HIV_RT__3V81,esmfold2,17,2.3907605457674457,1.8537937212777549,3.0896312117090363,False,0.7666475326782523,3.014558526640508,external_inputs/rescore/structures/esmfold2/HIV_RT__3V81/17.cif
HIV_RT__3V81,esmfold2,18,7.567371574975438,8.013402132253992,3.0896312117090363,False,5.1044916600933234,8.819653209748509,external_inputs/rescore/structures/esmfold2/HIV_RT__3V81/18.cif
HIV_RT__3V81,esmfold2,19,1.7515399782105823,2.301283656756905,3.0896312117090363,True,0.7541087739987102,2.170532108020056,external_inputs/rescore/structures/esmfold2/HIV_RT__3V81/19.cif
HIV_RT__3V81,esmfold2,20,2.387567401073408,1.7911478613982659,3.0896312117090363,False,0.7651144859071642,3.0106173464313226,external_inputs/rescore/structures/esmfold2/HIV_RT__3V81/20.cif
HIV_RT__3V81,esmfold2,21,2.3461819896393714,1.662497985246969,3.0896312117090363,False,0.701189227761671,2.9666017634024215,external_inputs/rescore/structures/esmfold2/HIV_RT__3V81/21.cif
HIV_RT__3V81,esmfold2,22,1.7942386923217095,2.4577587765590434,3.0896312117090363,True,0.7042972746386164,2.2382868294061655,external_inputs/rescore/structures/esmfold2/HIV_RT__3V81/22.cif
HIV_RT__3V81,esmfold2,23,2.728050726403803,1.5370243091474016,3.0896312117090363,False,1.2221175018388568,3.369529341205393,external_inputs/rescore/structures/esmfold2/HIV_RT__3V81/23.cif
HIV_RT__3V81,esmfold2,24,1.944914686004734,2.478772640718437,3.0896312117090363,True,0.7840665127521153,2.4219243557882453,external_inputs/rescore/structures/esmfold2/HIV_RT__3V81/24.cif
HIV_RT__3V81,esmfold2,25,2.416990049969315,1.8333735317100284,3.0896312117090363,False,0.8520185302343639,3.03409350167709,external_inputs/rescore/structures/esmfold2/HIV_RT__3V81/25.cif
HIV_RT__3V81,esmfold2,26,1.8313527783087664,2.4913988912690668,3.0896312117090363,True,0.7119646270282883,2.2860066328771733,external_inputs/rescore/structures/esmfold2/HIV_RT__3V81/26.cif
HIV_RT__3V81,esmfold2,27,2.0825886969313285,2.1311041978582885,3.0896312117090363,True,0.9949907188800359,2.556961967690349,external_inputs/rescore/structures/esmfold2/HIV_RT__3V81/27.cif
HIV_RT__3V81,esmfold2,28,2.3970307772978408,1.7362616420532322,3.0896312117090363,False,0.9867181340505369,2.9805377196189218,external_inputs/rescore/structures/esmfold2/HIV_RT__3V81/28.cif
HIV_RT__3V81,esmfold2,29,0.9269211997174847,2.867710791567281,3.0896312117090363,True,0.5749784278213584,1.09851907423536,external_inputs/rescore/structures/esmfold2/HIV_RT__3V81/29.cif
HIV_RT__3V81,bioemu_refine,0,2.4020688685600975,1.7416184096754685,3.0896312117090363,False,1.3680574169975963,2.8867344951735885,external_inputs/rescore/structures/bioemu_refine/HIV_RT__3V81/0.cif.gz
HIV_RT__3V81,bioemu_refine,100,2.6559940131333244,1.710847501929647,3.0896312117090363,False,1.4220903420431603,3.2191601798947613,external_inputs/rescore/structures/bioemu_refine/HIV_RT__3V81/100.cif.gz
HIV_RT__3V81,bioemu_refine,200,2.5084682679801547,1.739650525730899,3.0896312117090363,False,1.468841757850326,3.001876518546399,external_inputs/rescore/structures/bioemu_refine/HIV_RT__3V81/200.cif.gz
HIV_RT__3V81,bioemu_refine,300,3.022879418085648,1.3362754124139866,3.0896312117090363,False,1.4326862924417034,3.714373235112304,external_inputs/rescore/structures/bioemu_refine/HIV_RT__3V81/300.cif.gz
HIV_RT__3V81,bioemu_refine,400,2.507471637498946,1.8205967219411383,3.0896312117090363,False,1.300033610319042,3.0512806427605295,external_inputs/rescore/structures/bioemu_refine/HIV_RT__3V81/400.cif.gz
HIV_RT__3V81,bioemu_refine,500,2.47071124439901,1.5709375718664471,3.0896312117090363,False,1.442416902456511,2.9580789433265076,external_inputs/rescore/structures/bioemu_refine/HIV_RT__3V81/500.cif.gz
HIV_RT__3V81,bioemu_refine,600,2.542622035270834,1.746000297819193,3.0896312117090363,False,1.482264480645335,3.044858630041568,external_inputs/rescore/structures/bioemu_refine/HIV_RT__3V81/600.cif.gz
HIV_RT__3V81,bioemu_refine,700,2.5367534931665,2.022067941550765,3.0896312117090363,False,1.449688191482583,3.047057203158347,external_inputs/rescore/structures/bioemu_refine/HIV_RT__3V81/700.cif.gz
HIV_RT__3V81,bioemu_refine,800,2.981785510972139,2.4618686396200844,3.0896312117090363,False,2.0437978602316536,3.4627472312777883,external_inputs/rescore/structures/bioemu_refine/HIV_RT__3V81/800.cif.gz
HIV_RT__3V81,bioemu_refine,900,2.9893300457602026,1.2688921787202925,3.0896312117090363,False,1.4175927650646643,3.6729445503157283,external_inputs/rescore/structures/bioemu_refine/HIV_RT__3V81/900.cif.gz
HIV_RT__3V81,bioemu_refine,1000,2.5414973833428003,1.6424536016276456,3.0896312117090363,False,1.465562972357211,3.048615840484287,external_inputs/rescore/structures/bioemu_refine/HIV_RT__3V81/1000.cif.gz
HIV_RT__3V81,bioemu_refine,1100,2.5376774032967893,1.742873005191056,3.0896312117090363,False,1.4399882714600507,3.051353686955413,external_inputs/rescore/structures/bioemu_refine/HIV_RT__3V81/1100.cif.gz
HIV_RT__3V81,bioemu_refine,1200,2.5430166054017422,1.7406938836803005,3.0896312117090363,False,1.456290159708611,3.0536334254894886,external_inputs/rescore/structures/bioemu_refine/HIV_RT__3V81/1200.cif.gz
HIV_RT__3V81,bioemu_refine,1300,2.5755387408747685,1.761783343731724,3.0896312117090363,False,1.3207240450809135,3.1381749873402875,external_inputs/rescore/structures/bioemu_refine/HIV_RT__3V81/1300.cif.gz
HIV_RT__3V81,bioemu_refine,1400,2.4788121394880562,1.6959130298311014,3.0896312117090363,False,1.4430680026032452,2.969083321561586,external_inputs/rescore/structures/bioemu_refine/HIV_RT__3V81/1400.cif.gz
HIV_RT__3V81,bioemu_refine,1500,2.547817369405037,1.7342551505736155,3.0896312117090363,False,1.490276295666843,3.0494819946173015,external_inputs/rescore/structures/bioemu_refine/HIV_RT__3V81/1500.cif.gz
HIV_RT__3V81,bioemu_refine,1600,2.4768884359153276,1.6990325498130496,3.0896312117090363,False,1.4838725101166845,2.9531548218888215,external_inputs/rescore/structures/bioemu_refine/HIV_RT__3V81/1600.cif.gz
HIV_RT__3V81,bioemu_refine,1700,2.4412272613236476,1.91659362586174,3.0896312117090363,False,1.264812773014381,2.9709145637935372,external_inputs/rescore/structures/bioemu_refine/HIV_RT__3V81/1700.cif.gz
HIV_RT__3V81,bioemu_refine,1800,2.46769347750901,1.76818371039635,3.0896312117090363,False,1.4890585564897694,2.938643497657756,external_inputs/rescore/structures/bioemu_refine/HIV_RT__3V81/1800.cif.gz
HIV_RT__3V81,bioemu_refine,1900,2.4496042466936983,1.724814301288142,3.0896312117090363,False,1.4446031801646806,2.9281292630149234,external_inputs/rescore/structures/bioemu_refine/HIV_RT__3V81/1900.cif.gz
HIV_RT__3V81,bioemu_refine,2000,2.64722102159267,1.7481814560163735,3.0896312117090363,False,1.5339110281065074,3.173095197812193,external_inputs/rescore/structures/bioemu_refine/HIV_RT__3V81/2000.cif.gz
HIV_RT__3V81,bioemu_refine,2100,2.472672028102934,1.6976440247023712,3.0896312117090363,False,1.3111161404110412,3.0006705307440726,external_inputs/rescore/structures/bioemu_refine/HIV_RT__3V81/2100.cif.gz
HIV_RT__3V81,bioemu_refine,2200,2.5517945870300323,1.7067920736498627,3.0896312117090363,False,1.3422842995964788,3.0997733847635986,external_inputs/rescore/structures/bioemu_refine/HIV_RT__3V81/2200.cif.gz
HIV_RT__3V81,bioemu_refine,2300,2.909792333945058,1.079608651643111,3.0896312117090363,False,1.4148659364367495,3.5662138347737984,external_inputs/rescore/structures/bioemu_refine/HIV_RT__3V81/2300.cif.gz
HIV_RT__3V81,bioemu_refine,2400,2.5662229460433683,1.7630607746089255,3.0896312117090363,False,1.5047617002712976,3.0703146178682914,external_inputs/rescore/structures/bioemu_refine/HIV_RT__3V81/2400.cif.gz
HIV_RT__3V81,bioemu_refine,2500,2.61408214612306,1.7447192126725104,3.0896312117090363,False,1.4098252130678106,3.165393642090173,external_inputs/rescore/structures/bioemu_refine/HIV_RT__3V81/2500.cif.gz
HIV_RT__3V81,prody_rfd3,1,2.9699420740813887,0.6233496784388204,3.0896312117090363,False,1.733132358241473,3.5560239942441876,external_inputs/prody_rfd3/structures/HIV_RT__3V81/sample_1_protein.pdb
HIV_RT__3V81,prody_rfd3,10,2.983403961543492,0.5844794140855304,3.0896312117090363,False,1.7312278417346723,3.57526014011252,external_inputs/prody_rfd3/structures/HIV_RT__3V81/sample_10_protein.pdb
HIV_RT__3V81,prody_rfd3,16,2.732450680669931,1.2796800140384241,3.0896312117090363,False,1.701691633870147,3.2359803171557933,external_inputs/prody_rfd3/structures/HIV_RT__3V81/sample_16_protein.pdb
HIV_RT__3V81,prody_rfd3,23,3.009255160851928,0.5858708077299489,3.0896312117090363,False,1.7758433915563023,3.596718173342753,external_inputs/prody_rfd3/structures/HIV_RT__3V81/sample_23_protein.pdb
HIV_RT__3V81,prody_rfd3,19,3.0198906634460077,0.722886370397762,3.0896312117090363,False,1.715516424072845,3.6305867328276507,external_inputs/prody_rfd3/structures/HIV_RT__3V81/sample_19_protein.pdb
HIV_RT__3V81,prody_rfd3,14,2.7022888321946774,1.1922891052635871,3.0896312117090363,False,1.758677830515645,3.1733579900743965,external_inputs/prody_rfd3/structures/HIV_RT__3V81/sample_14_protein.pdb
HIV_RT__3V81,prody_rfd3,17,3.0283322754782587,0.7018799776613112,3.0896312117090363,False,1.708011197522464,3.6445415339688663,external_inputs/prody_rfd3/structures/HIV_RT__3V81/sample_17_protein.pdb
HIV_RT__3V81,prody_rfd3,27,2.9778872126486786,0.6127764834492355,3.0896312117090363,False,1.7097097692036969,3.5744452042040202,external_inputs/prody_rfd3/structures/HIV_RT__3V81/sample_27_protein.pdb
HIV_RT__3V81,prody_rfd3,8,2.748115326505473,1.013951034204276,3.0896312117090363,False,1.7434561234545198,3.243340859937403,external_inputs/prody_rfd3/structures/HIV_RT__3V81/sample_8_protein.pdb
HIV_RT__3V81,prody_rfd3,5,2.665139724827863,1.278903351807445,3.0896312117090363,False,1.7281001135774254,3.1320602387704244,external_inputs/prody_rfd3/structures/HIV_RT__3V81/sample_5_protein.pdb
HIV_RT__3V81,prody_rfd3,7,2.655136668803673,1.264572077855711,3.0896312117090363,False,1.7148032563800828,3.1227696937840292,external_inputs/prody_rfd3/structures/HIV_RT__3V81/sample_7_protein.pdb
HIV_RT__3V81,prody_rfd3,4,3.0086877335377937,0.5862951724459381,3.0896312117090363,False,1.7176714663214867,3.6144637403345845,external_inputs/prody_rfd3/structures/HIV_RT__3V81/sample_4_protein.pdb
HIV_RT__3V81,prody_rfd3,0,2.9889752604289277,0.5638674222347599,3.0896312117090363,False,1.7424958445154206,3.5793715024817554,external_inputs/prody_rfd3/structures/HIV_RT__3V81/sample_0_protein.pdb
HIV_RT__3V81,prody_rfd3,6,2.9889171493494464,0.6447393219549913,3.0896312117090363,False,1.6865503558978086,3.59686884420028,external_inputs/prody_rfd3/structures/HIV_RT__3V81/sample_6_protein.pdb
HIV_RT__3V81,prody_rfd3,12,2.9855040912996476,0.6919427141399753,3.0896312117090363,False,1.7122148437066482,3.5841752124842197,external_inputs/prody_rfd3/structures/HIV_RT__3V81/sample_12_protein.pdb
HIV_RT__3V81,prody_rfd3,26,3.0439581384376133,0.7954948446048286,3.0896312117090363,False,1.7558458827727017,3.651165381311446,external_inputs/prody_rfd3/structures/HIV_RT__3V81/sample_26_protein.pdb
HIV_RT__3V81,prody_rfd3,22,2.98882965032494,0.6103280666400211,3.0896312117090363,False,1.7033141392783793,3.59155031627706,external_inputs/prody_rfd3/structures/HIV_RT__3V81/sample_22_protein.pdb
HIV_RT__3V81,prody_rfd3,21,2.9757492898447695,0.6106322159094701,3.0896312117090363,False,1.7145939314071645,3.5699530275574145,external_inputs/prody_rfd3/structures/HIV_RT__3V81/sample_21_protein.pdb
HIV_RT__3V81,prody_rfd3,25,2.624196860092519,1.219356157862374,3.0896312117090363,False,1.7519548034092898,3.0653318321702816,external_inputs/prody_rfd3/structures/HIV_RT__3V81/sample_25_protein.pdb
HIV_RT__3V81,prody_rfd3,13,3.128805343665393,0.8434463610843064,3.0896312117090363,False,1.7031770779874766,3.784034929838527,external_inputs/prody_rfd3/structures/HIV_RT__3V81/sample_13_protein.pdb
HIV_RT__3V81,prody_rfd3,9,2.9834057883590677,0.5914553722459246,3.0896312117090363,False,1.7418205333767518,3.571878106371658,external_inputs/prody_rfd3/structures/HIV_RT__3V81/sample_9_protein.pdb
HIV_RT__3V81,prody_rfd3,15,3.008986910222711,0.7342535193126263,3.0896312117090363,False,1.677135492386449,3.6273706973727524,external_inputs/prody_rfd3/structures/HIV_RT__3V81/sample_15_protein.pdb
HIV_RT__3V81,prody_rfd3,20,2.9828630705840293,0.6054543819161708,3.0896312117090363,False,1.7469146912239126,3.5694901772119327,external_inputs/prody_rfd3/structures/HIV_RT__3V81/sample_20_protein.pdb
HIV_RT__3V81,prody_rfd3,18,3.012796262075816,0.5740097604085641,3.0896312117090363,False,1.7345222963327058,3.6148450105978096,external_inputs/prody_rfd3/structures/HIV_RT__3V81/sample_18_protein.pdb
HIV_RT__3V81,prody_rfd3,3,3.0854771077195613,0.8894003001151239,3.0896312117090363,False,1.7094722494651342,3.7227001982948256,external_inputs/prody_rfd3/structures/HIV_RT__3V81/sample_3_protein.pdb
HIV_RT__3V81,prody_rfd3,2,2.6969832269668843,1.198915432168982,3.0896312117090363,False,1.7471490312372682,3.1700622140131016,external_inputs/prody_rfd3/structures/HIV_RT__3V81/sample_2_protein.pdb
HIV_RT__3V81,prody_rfd3,28,2.9885394466019717,0.5749705716906248,3.0896312117090363,False,1.7172751586842867,3.58677534277736,external_inputs/prody_rfd3/structures/HIV_RT__3V81/sample_28_protein.pdb
HIV_RT__3V81,prody_rfd3,24,3.0070321327200755,0.6971317908766979,3.0896312117090363,False,1.7141291346619159,3.6132856708091405,external_inputs/prody_rfd3/structures/HIV_RT__3V81/sample_24_protein.pdb
HIV_RT__3V81,prody_rfd3,11,2.6875294088601795,1.2266160274865532,3.0896312117090363,False,1.7209087412070425,3.1661896427269034,external_inputs/prody_rfd3/structures/HIV_RT__3V81/sample_11_protein.pdb
HIV_RT__3V81,prody_rfd3,29,3.0105337226201856,0.7405079308883388,3.0896312117090363,False,1.7059003130152193,3.620671827940233,external_inputs/prody_rfd3/structures/HIV_RT__3V81/sample_29_protein.pdb
HIV_RT__3V81,rosetta_repack,0,3.0723848845205466,0.4731710020339367,3.0896312117090363,False,1.7231098062373258,3.7005521193843345,external_inputs/controls/outputs/repack/1HMV_A/sample_000.pdb
HIV_RT__3V81,rosetta_repack,1,3.1049432264352332,0.5202652791135634,3.0896312117090363,False,1.7231098062373258,3.7453244415284157,external_inputs/controls/outputs/repack/1HMV_A/sample_001.pdb
HIV_RT__3V81,rosetta_repack,2,3.0723848845205466,0.4731710020339367,3.0896312117090363,False,1.7231098062373258,3.7005521193843345,external_inputs/controls/outputs/repack/1HMV_A/sample_002.pdb
HIV_RT__3V81,rosetta_repack,3,3.0723848845205466,0.4731710020339367,3.0896312117090363,False,1.7231098062373258,3.7005521193843345,external_inputs/controls/outputs/repack/1HMV_A/sample_003.pdb
HIV_RT__3V81,rosetta_repack,4,3.1049432264352332,0.5202652791135634,3.0896312117090363,False,1.7231098062373258,3.7453244415284157,external_inputs/controls/outputs/repack/1HMV_A/sample_004.pdb
HIV_RT__3V81,rosetta_repack,5,3.1049432264352332,0.5202652791135634,3.0896312117090363,False,1.7231098062373258,3.7453244415284157,external_inputs/controls/outputs/repack/1HMV_A/sample_005.pdb
HIV_RT__3V81,rosetta_repack,6,3.1049432264352332,0.5202652791135634,3.0896312117090363,False,1.7231098062373258,3.7453244415284157,external_inputs/controls/outputs/repack/1HMV_A/sample_006.pdb
HIV_RT__3V81,rosetta_repack,7,3.1049432264352332,0.5202652791135634,3.0896312117090363,False,1.7231098062373258,3.7453244415284157,external_inputs/controls/outputs/repack/1HMV_A/sample_007.pdb
HIV_RT__3V81,rosetta_repack,8,3.1049432264352332,0.5202652791135634,3.0896312117090363,False,1.7231098062373258,3.7453244415284157,external_inputs/controls/outputs/repack/1HMV_A/sample_008.pdb
HIV_RT__3V81,rosetta_repack,9,3.1049432264352332,0.5202652791135634,3.0896312117090363,False,1.7231098062373258,3.7453244415284157,external_inputs/controls/outputs/repack/1HMV_A/sample_009.pdb
HIV_RT__3V81,rosetta_repack,10,3.1049432264352332,0.5202652791135634,3.0896312117090363,False,1.7231098062373258,3.7453244415284157,external_inputs/controls/outputs/repack/1HMV_A/sample_010.pdb
HIV_RT__3V81,rosetta_repack,11,3.1049432264352332,0.5202652791135634,3.0896312117090363,False,1.7231098062373258,3.7453244415284157,external_inputs/controls/outputs/repack/1HMV_A/sample_011.pdb
HIV_RT__3V81,rosetta_repack,12,3.1049432264352332,0.5202652791135634,3.0896312117090363,False,1.7231098062373258,3.7453244415284157,external_inputs/controls/outputs/repack/1HMV_A/sample_012.pdb
HIV_RT__3V81,rosetta_repack,13,3.1049432264352332,0.5202652791135634,3.0896312117090363,False,1.7231098062373258,3.7453244415284157,external_inputs/controls/outputs/repack/1HMV_A/sample_013.pdb
HIV_RT__3V81,rosetta_repack,14,3.1049432264352332,0.5202652791135634,3.0896312117090363,False,1.7231098062373258,3.7453244415284157,external_inputs/controls/outputs/repack/1HMV_A/sample_014.pdb
HIV_RT__3V81,rosetta_repack,15,3.1049432264352332,0.5202652791135634,3.0896312117090363,False,1.7231098062373258,3.7453244415284157,external_inputs/controls/outputs/repack/1HMV_A/sample_015.pdb
HIV_RT__3V81,rosetta_repack,16,3.1049432264352332,0.5202652791135634,3.0896312117090363,False,1.7231098062373258,3.7453244415284157,external_inputs/controls/outputs/repack/1HMV_A/sample_016.pdb
HIV_RT__3V81,rosetta_repack,17,3.1049432264352332,0.5202652791135634,3.0896312117090363,False,1.7231098062373258,3.7453244415284157,external_inputs/controls/outputs/repack/1HMV_A/sample_017.pdb
HIV_RT__3V81,rosetta_repack,18,3.1219015350500396,0.5333877616572226,3.0896312117090363,False,1.7231098062373258,3.7686185186783363,external_inputs/controls/outputs/repack/1HMV_A/sample_018.pdb
HIV_RT__3V81,rosetta_repack,19,3.1049432264352332,0.5202652791135634,3.0896312117090363,False,1.7231098062373258,3.7453244415284157,external_inputs/controls/outputs/repack/1HMV_A/sample_019.pdb
HIV_RT__3V81,rosetta_repack,20,3.1049432264352332,0.5202652791135634,3.0896312117090363,False,1.7231098062373258,3.7453244415284157,external_inputs/controls/outputs/repack/1HMV_A/sample_020.pdb
HIV_RT__3V81,rosetta_repack,21,3.1049432264352332,0.5202652791135634,3.0896312117090363,False,1.7231098062373258,3.7453244415284157,external_inputs/controls/outputs/repack/1HMV_A/sample_021.pdb
HIV_RT__3V81,rosetta_repack,22,3.1049432264352332,0.5202652791135634,3.0896312117090363,False,1.7231098062373258,3.7453244415284157,external_inputs/controls/outputs/repack/1HMV_A/sample_022.pdb
HIV_RT__3V81,rosetta_repack,23,3.1049432264352332,0.5202652791135634,3.0896312117090363,False,1.7231098062373258,3.7453244415284157,external_inputs/controls/outputs/repack/1HMV_A/sample_023.pdb
HIV_RT__3V81,rosetta_repack,24,3.1049432264352332,0.5202652791135634,3.0896312117090363,False,1.7231098062373258,3.7453244415284157,external_inputs/controls/outputs/repack/1HMV_A/sample_024.pdb
HIV_RT__3V81,rosetta_repack,25,3.1049432264352332,0.5202652791135634,3.0896312117090363,False,1.7231098062373258,3.7453244415284157,external_inputs/controls/outputs/repack/1HMV_A/sample_025.pdb
HIV_RT__3V81,rosetta_repack,26,3.1049432264352332,0.5202652791135634,3.0896312117090363,False,1.7231098062373258,3.7453244415284157,external_inputs/controls/outputs/repack/1HMV_A/sample_026.pdb
HIV_RT__3V81,rosetta_repack,27,3.1049432264352332,0.5202652791135634,3.0896312117090363,False,1.7231098062373258,3.7453244415284157,external_inputs/controls/outputs/repack/1HMV_A/sample_027.pdb
HIV_RT__3V81,rosetta_repack,28,3.1049432264352332,0.5202652791135634,3.0896312117090363,False,1.7231098062373258,3.7453244415284157,external_inputs/controls/outputs/repack/1HMV_A/sample_028.pdb
HIV_RT__3V81,rosetta_repack,29,3.1049432264352332,0.5202652791135634,3.0896312117090363,False,1.7231098062373258,3.7453244415284157,external_inputs/controls/outputs/repack/1HMV_A/sample_029.pdb
HIV_RT__3V81,rosetta_fastrelax,0,3.0871734279990157,1.1552612118986105,3.0896312117090363,False,1.7428796096217236,3.7148373442196054,external_inputs/controls/outputs/fastrelax/1HMV_A/sample_000.pdb
HIV_RT__3V81,rosetta_fastrelax,1,3.0954834943952285,1.207299698763914,3.0896312117090363,False,1.668360201889687,3.748643043580617,external_inputs/controls/outputs/fastrelax/1HMV_A/sample_001.pdb
HIV_RT__3V81,rosetta_fastrelax,2,3.158104671493936,1.1301878372431615,3.0896312117090363,False,1.8202225822539242,3.7885453775499753,external_inputs/controls/outputs/fastrelax/1HMV_A/sample_002.pdb
HIV_RT__3V81,rosetta_fastrelax,3,3.0873440669323973,1.20287859208103,3.0896312117090363,False,1.703390580506617,3.7270962165971606,external_inputs/controls/outputs/fastrelax/1HMV_A/sample_003.pdb
HIV_RT__3V81,rosetta_fastrelax,4,3.0525333931816165,1.0493277189671726,3.0896312117090363,False,1.617318969640897,3.7047148244120134,external_inputs/controls/outputs/fastrelax/1HMV_A/sample_004.pdb
HIV_RT__3V81,rosetta_fastrelax,5,3.265206105526128,1.4694540906240205,3.0896312117090363,False,1.8289782945407127,3.9334921700426726,external_inputs/controls/outputs/fastrelax/1HMV_A/sample_005.pdb
HIV_RT__3V81,rosetta_fastrelax,6,3.0392908069192592,1.0830656917615913,3.0896312117090363,False,1.6349610607223273,3.6815035395738014,external_inputs/controls/outputs/fastrelax/1HMV_A/sample_006.pdb
HIV_RT__3V81,rosetta_fastrelax,7,3.068223676813417,1.1129573355777207,3.0896312117090363,False,1.6661465322471776,3.711964127518884,external_inputs/controls/outputs/fastrelax/1HMV_A/sample_007.pdb
HIV_RT__3V81,rosetta_fastrelax,8,3.116201966949997,1.159142618844826,3.0896312117090363,False,1.7532668048991213,3.751615403155448,external_inputs/controls/outputs/fastrelax/1HMV_A/sample_008.pdb
HIV_RT__3V81,rosetta_fastrelax,9,3.090248656348458,1.1211244543389374,3.0896312117090363,False,1.6993977339155613,3.7322811243922476,external_inputs/controls/outputs/fastrelax/1HMV_A/sample_009.pdb
HIV_RT__3V81,rosetta_fastrelax,10,3.0088894804139237,1.2195624545316872,3.0896312117090363,False,1.7141473760284,3.6158419694504986,external_inputs/controls/outputs/fastrelax/1HMV_A/sample_010.pdb
HIV_RT__3V81,rosetta_fastrelax,11,3.064242196361764,1.134342905090822,3.0896312117090363,False,1.6791722719885394,3.702641562530765,external_inputs/controls/outputs/fastrelax/1HMV_A/sample_011.pdb
HIV_RT__3V81,rosetta_fastrelax,12,2.9626866556094917,1.1570012640784337,3.0896312117090363,False,1.5813563418220022,3.592316626446543,external_inputs/controls/outputs/fastrelax/1HMV_A/sample_012.pdb
HIV_RT__3V81,rosetta_fastrelax,13,3.158009576385072,1.1480236812381373,3.0896312117090363,False,1.7521327269377114,3.809464463237089,external_inputs/controls/outputs/fastrelax/1HMV_A/sample_013.pdb
HIV_RT__3V81,rosetta_fastrelax,14,3.0516336829094124,1.0824693353554564,3.0896312117090363,False,1.6681693073394663,3.6886251733301245,external_inputs/controls/outputs/fastrelax/1HMV_A/sample_014.pdb
HIV_RT__3V81,rosetta_fastrelax,15,3.083541814962677,1.039695553064074,3.0896312117090363,False,1.7236151524144254,3.71574780772807,external_inputs/controls/outputs/fastrelax/1HMV_A/sample_015.pdb
HIV_RT__3V81,rosetta_fastrelax,16,3.1131250104591017,1.1333543648520081,3.0896312117090363,False,1.759780755297288,3.74537049919519,external_inputs/controls/outputs/fastrelax/1HMV_A/sample_016.pdb
HIV_RT__3V81,rosetta_fastrelax,17,3.1256495533687065,1.2122708665333077,3.0896312117090363,False,1.7089908955767532,3.777983669354363,external_inputs/controls/outputs/fastrelax/1HMV_A/sample_017.pdb
HIV_RT__3V81,rosetta_fastrelax,18,3.1068351026701997,1.174639826543016,3.0896312117090363,False,1.7139218527253246,3.7506930613318836,external_inputs/controls/outputs/fastrelax/1HMV_A/sample_018.pdb
HIV_RT__3V81,rosetta_fastrelax,19,3.1098699108899703,1.108355348735363,3.0896312117090363,False,1.7253406669138345,3.751419517506065,external_inputs/controls/outputs/fastrelax/1HMV_A/sample_019.pdb
HIV_RT__3V81,rosetta_fastrelax,20,3.053091923007006,1.0980034156860694,3.0896312117090363,False,1.680806573784181,3.6868526904313326,external_inputs/controls/outputs/fastrelax/1HMV_A/sample_020.pdb
HIV_RT__3V81,rosetta_fastrelax,21,3.0472464504596735,1.0882495192081576,3.0896312117090363,False,1.7190602434362299,3.667186818344143,external_inputs/controls/outputs/fastrelax/1HMV_A/sample_021.pdb
HIV_RT__3V81,rosetta_fastrelax,22,3.116419132746524,1.1535026044302594,3.0896312117090363,False,1.6812652607583245,3.773521464491875,external_inputs/controls/outputs/fastrelax/1HMV_A/sample_022.pdb
HIV_RT__3V81,rosetta_fastrelax,23,3.0389107583188792,1.0655596181454805,3.0896312117090363,False,1.6701726687947103,3.670574430682125,external_inputs/controls/outputs/fastrelax/1HMV_A/sample_023.pdb
HIV_RT__3V81,rosetta_fastrelax,24,3.135713346511924,1.1961453316685284,3.0896312117090363,False,1.774854018696067,3.7718339349295857,external_inputs/controls/outputs/fastrelax/1HMV_A/sample_024.pdb
HIV_RT__3V81,rosetta_fastrelax,25,3.030905566928319,1.0592199210891229,3.0896312117090363,False,1.633503252907217,3.6704540430563366,external_inputs/controls/outputs/fastrelax/1HMV_A/sample_025.pdb
HIV_RT__3V81,rosetta_fastrelax,26,3.079093329182968,1.2627202006228808,3.0896312117090363,False,1.7044903287137623,3.715434206046062,external_inputs/controls/outputs/fastrelax/1HMV_A/sample_026.pdb
HIV_RT__3V81,rosetta_fastrelax,27,3.120291566712824,1.20782697175715,3.0896312117090363,False,1.6993391334158674,3.7735023758025497,external_inputs/controls/outputs/fastrelax/1HMV_A/sample_027.pdb
HIV_RT__3V81,rosetta_fastrelax,28,3.0231409637207647,1.0513331114320612,3.0896312117090363,False,1.6335181881787508,3.6598203790660877,external_inputs/controls/outputs/fastrelax/1HMV_A/sample_028.pdb
HIV_RT__3V81,rosetta_fastrelax,29,3.0563668616924957,1.2624197848967789,3.0896312117090363,False,1.7018151532389856,3.685013013537431,external_inputs/controls/outputs/fastrelax/1HMV_A/sample_029.pdb
GLTP,boltz2,0,2.3058301259156275,2.7671869449850455,2.1410975586861074,False,1.95102092068612,2.6390393089040494,external_inputs/rescore/structures/boltz2/GLTP/0.pdb
GLTP,boltz2,1,2.7002359824630977,3.08679879177437,2.1410975586861074,False,2.286593793072975,3.088941783759148,external_inputs/rescore/structures/boltz2/GLTP/1.pdb
GLTP,boltz2,2,2.2628052328969304,2.6609523039721577,2.1410975586861074,False,1.8872795456233418,2.6115953014747673,external_inputs/rescore/structures/boltz2/GLTP/2.pdb
GLTP,boltz2,3,2.0855101007915975,2.5339445800323652,2.1410975586861074,True,1.7716848308365356,2.381151396362614,external_inputs/rescore/structures/boltz2/GLTP/3.pdb
GLTP,boltz2,4,2.381457038297092,2.8285419817386797,2.1410975586861074,False,1.9838379461083184,2.750428127034081,external_inputs/rescore/structures/boltz2/GLTP/4.pdb
GLTP,boltz2,5,2.3492128435410526,2.7247092969541646,2.1410975586861074,False,1.930604189283794,2.733722698137022,external_inputs/rescore/structures/boltz2/GLTP/5.pdb
GLTP,boltz2,6,1.8420994003741324,1.8204810307769224,2.1410975586861074,False,1.5822851534573992,2.088998929425581,external_inputs/rescore/structures/boltz2/GLTP/6.pdb
GLTP,boltz2,7,2.332099098450408,2.7691237550525862,2.1410975586861074,False,1.9468529052460324,2.690166368486869,external_inputs/rescore/structures/boltz2/GLTP/7.pdb
GLTP,boltz2,8,2.344037431423991,2.730471726397115,2.1410975586861074,False,1.9434551068469548,2.714431889131699,external_inputs/rescore/structures/boltz2/GLTP/8.pdb
GLTP,boltz2,9,2.2208045468646977,2.6874768262891973,2.1410975586861074,False,1.8241595436306817,2.5850035487727996,external_inputs/rescore/structures/boltz2/GLTP/9.pdb
GLTP,boltz2,10,2.26835812908019,2.8796167640661925,2.1410975586861074,False,1.8694394629104898,2.635555315317078,external_inputs/rescore/structures/boltz2/GLTP/10.pdb
GLTP,boltz2,11,2.2443090144637377,2.639179325682378,2.1410975586861074,False,1.8641909678408122,2.596268867053121,external_inputs/rescore/structures/boltz2/GLTP/11.pdb
GLTP,boltz2,12,2.4616636480438476,2.844359149019689,2.1410975586861074,False,2.075808005447062,2.823076732678232,external_inputs/rescore/structures/boltz2/GLTP/12.pdb
GLTP,boltz2,13,2.4877600532467246,2.82663637963619,2.1410975586861074,False,2.131754779421256,2.82542535060922,external_inputs/rescore/structures/boltz2/GLTP/13.pdb
GLTP,boltz2,14,2.140016770217703,2.5585422473969293,2.1410975586861074,True,1.805129202201444,2.453764327984417,external_inputs/rescore/structures/boltz2/GLTP/14.pdb
GLTP,boltz2,15,2.5016297708668707,3.042129560141894,2.1410975586861074,False,2.0910696646823435,2.8835996768727306,external_inputs/rescore/structures/boltz2/GLTP/15.pdb
GLTP,boltz2,16,2.166129408177965,2.504682583941038,2.1410975586861074,False,1.8621790923088668,2.455164350486779,external_inputs/rescore/structures/boltz2/GLTP/16.pdb
GLTP,boltz2,17,1.5248150061424783,1.5101229090800365,2.1410975586861074,False,1.286811172757644,1.747876665731844,external_inputs/rescore/structures/boltz2/GLTP/17.pdb
GLTP,boltz2,18,2.3296272767283557,2.9306387297455054,2.1410975586861074,False,1.9246944845603136,2.703051475370901,external_inputs/rescore/structures/boltz2/GLTP/18.pdb
GLTP,boltz2,19,2.082611856893588,2.4028734655363464,2.1410975586861074,True,1.7831332641153337,2.366479689436464,external_inputs/rescore/structures/boltz2/GLTP/19.pdb
GLTP,boltz2,20,2.228588820400379,2.627007832134006,2.1410975586861074,False,1.8167744799944932,2.6046105144145377,external_inputs/rescore/structures/boltz2/GLTP/20.pdb
GLTP,boltz2,21,2.5072591791994925,2.76735498775901,2.1410975586861074,False,2.1668355276867723,2.832344161298629,external_inputs/rescore/structures/boltz2/GLTP/21.pdb
GLTP,boltz2,22,2.267092479732891,2.7477105905280985,2.1410975586861074,False,1.8757316857139186,2.628391502491545,external_inputs/rescore/structures/boltz2/GLTP/22.pdb
GLTP,boltz2,23,2.002443769409135,1.762438127182732,2.1410975586861074,False,1.721914199318289,2.2692630605184916,external_inputs/rescore/structures/boltz2/GLTP/23.pdb
GLTP,boltz2,24,2.0227151131631875,2.166367005088872,2.1410975586861074,True,1.718719412791575,2.309145990617899,external_inputs/rescore/structures/boltz2/GLTP/24.pdb
GLTP,boltz2,25,2.452720724982704,2.1246244484057755,2.1410975586861074,False,2.1818349052219363,2.7176100474585807,external_inputs/rescore/structures/boltz2/GLTP/25.pdb
GLTP,boltz2,26,2.4401546384134662,2.7659888331563134,2.1410975586861074,False,2.0595083406740526,2.7969344613732483,external_inputs/rescore/structures/boltz2/GLTP/26.pdb
GLTP,boltz2,27,1.9763898654457603,1.7345616576016372,2.1410975586861074,False,1.7619630090249112,2.1864567386794804,external_inputs/rescore/structures/boltz2/GLTP/27.pdb
GLTP,boltz2,28,2.6986960390577934,2.9662330555303,2.1410975586861074,False,2.303246481877819,3.0725877332065736,external_inputs/rescore/structures/boltz2/GLTP/28.pdb
GLTP,boltz2,29,1.937181358297968,2.1384381231449314,2.1410975586861074,True,1.685989315920728,2.1784216323935097,external_inputs/rescore/structures/boltz2/GLTP/29.pdb
GLTP,esmfold2,0,1.37143745967093,1.8792942463379299,2.1410975586861074,True,0.9291332366443469,1.7294211493716771,external_inputs/rescore/structures/esmfold2/GLTP/0.cif
GLTP,esmfold2,1,0.9569875008197192,1.9417972072599599,2.1410975586861074,True,0.7661007551308274,1.129000041577788,external_inputs/rescore/structures/esmfold2/GLTP/1.cif
GLTP,esmfold2,2,1.499409849754412,1.9354677389577424,2.1410975586861074,True,1.2750972860282739,1.7108958323572312,external_inputs/rescore/structures/esmfold2/GLTP/2.cif
GLTP,esmfold2,3,0.9758620641097664,1.8645051339514327,2.1410975586861074,True,0.7849515455117078,1.1484878861621874,external_inputs/rescore/structures/esmfold2/GLTP/3.cif
GLTP,esmfold2,4,1.0273974936363663,1.8294267332838194,2.1410975586861074,True,0.8492477407364566,1.1917477341481297,external_inputs/rescore/structures/esmfold2/GLTP/4.cif
GLTP,esmfold2,5,1.3769122611400952,2.0500907060735742,2.1410975586861074,True,1.1395919424053778,1.596056861503784,external_inputs/rescore/structures/esmfold2/GLTP/5.cif
GLTP,esmfold2,6,1.3358596092347317,2.0141091453314823,2.1410975586861074,True,1.1062710100897952,1.5479591623227418,external_inputs/rescore/structures/esmfold2/GLTP/6.cif
GLTP,esmfold2,7,0.8404526342198667,1.8219174760408372,2.1410975586861074,True,0.6516284942747916,1.0068338587720715,external_inputs/rescore/structures/esmfold2/GLTP/7.cif
GLTP,esmfold2,8,1.7255247345572071,1.9474771644329527,2.1410975586861074,True,1.477589850299779,1.9605602812081089,external_inputs/rescore/structures/esmfold2/GLTP/8.cif
GLTP,esmfold2,9,0.7994431254920517,1.9317024131522427,2.1410975586861074,True,0.6343342728844221,0.9472906236290523,external_inputs/rescore/structures/esmfold2/GLTP/9.cif
GLTP,esmfold2,10,1.5758850254256689,2.1398439232318287,2.1410975586861074,True,1.3417902561785215,1.7968077696032776,external_inputs/rescore/structures/esmfold2/GLTP/10.cif
GLTP,esmfold2,11,1.5855614270816605,1.9083098785347663,2.1410975586861074,True,1.3428375043901695,1.8136744714989144,external_inputs/rescore/structures/esmfold2/GLTP/11.cif
GLTP,esmfold2,12,1.4308932515774846,1.9229040589990611,2.1410975586861074,True,1.202038046889,1.6446257423860413,external_inputs/rescore/structures/esmfold2/GLTP/12.cif
GLTP,esmfold2,13,1.5240088370673257,1.9532384477921336,2.1410975586861074,True,1.1023386752604092,1.8790243649167508,external_inputs/rescore/structures/esmfold2/GLTP/13.cif
GLTP,esmfold2,14,1.2409179976531568,1.8807191176004765,2.1410975586861074,True,1.0206786187674557,1.443347241499314,external_inputs/rescore/structures/esmfold2/GLTP/14.cif
GLTP,esmfold2,15,1.0138716039546785,1.667488876652803,2.1410975586861074,True,0.8251131336591933,1.1860085708572217,external_inputs/rescore/structures/esmfold2/GLTP/15.cif
GLTP,esmfold2,16,1.2331954829521168,1.7968453244389082,2.1410975586861074,True,1.0261452746806865,1.4251649020801984,external_inputs/rescore/structures/esmfold2/GLTP/16.cif
GLTP,esmfold2,17,1.210609672010778,1.831124149497679,2.1410975586861074,True,1.0079429946121712,1.3985983599611223,external_inputs/rescore/structures/esmfold2/GLTP/17.cif
GLTP,esmfold2,18,1.538288340180626,2.14289149539178,2.1410975586861074,True,1.2893987660167752,1.7703369988612865,external_inputs/rescore/structures/esmfold2/GLTP/18.cif
GLTP,esmfold2,19,1.5056156689848725,2.1447380354730785,2.1410975586861074,True,1.2685740770165443,1.7275006449602468,external_inputs/rescore/structures/esmfold2/GLTP/19.cif
GLTP,esmfold2,20,1.0187735397374718,1.878027597322008,2.1410975586861074,True,0.8380724302868949,1.1848783826479812,external_inputs/rescore/structures/esmfold2/GLTP/20.cif
GLTP,esmfold2,21,1.368536462082007,2.085427708178125,2.1410975586861074,True,1.1411296128908148,1.5797122060515802,external_inputs/rescore/structures/esmfold2/GLTP/21.cif
GLTP,esmfold2,22,1.4871786007969994,2.1083783090893062,2.1410975586861074,True,1.2562608329343832,1.7037607220287088,external_inputs/rescore/structures/esmfold2/GLTP/22.cif
GLTP,esmfold2,23,0.9038647398194453,1.8825242484111535,2.1410975586861074,True,0.7251338311792885,1.0651723968862263,external_inputs/rescore/structures/esmfold2/GLTP/23.cif
GLTP,esmfold2,24,0.9692365967825002,1.791541461279043,2.1410975586861074,True,0.7933560132009132,1.1303130836963742,external_inputs/rescore/structures/esmfold2/GLTP/24.cif
GLTP,esmfold2,25,1.7617615146902132,2.170421162669401,2.1410975586861074,True,1.5022342784167064,2.006964872656985,external_inputs/rescore/structures/esmfold2/GLTP/25.cif
GLTP,esmfold2,26,0.9899701785947471,1.9550913377955017,2.1410975586861074,True,0.7982079633222819,1.1636662742766106,external_inputs/rescore/structures/esmfold2/GLTP/26.cif
GLTP,esmfold2,27,1.7685762452208371,1.9023660148146622,2.1410975586861074,True,1.3577004126321188,2.1281793150248784,external_inputs/rescore/structures/esmfold2/GLTP/27.cif
GLTP,esmfold2,28,0.7603918794398012,1.8911999545437828,2.1410975586861074,True,0.5729128678513786,0.9224351906031775,external_inputs/rescore/structures/esmfold2/GLTP/28.cif
GLTP,esmfold2,29,1.005567982027947,1.9790782870906973,2.1410975586861074,True,0.8058568858584215,1.1856711018178894,external_inputs/rescore/structures/esmfold2/GLTP/29.cif
GLTP,bioemu_refine,0,1.6926142522040537,1.5927084066326775,2.1410975586861074,False,1.2241023472680783,2.087028584336337,external_inputs/rescore/structures/bioemu_refine/GLTP/0.cif.gz
GLTP,bioemu_refine,100,3.3171916279234592,3.3011456130698544,2.1410975586861074,False,2.983996888286069,3.6461141985093146,external_inputs/rescore/structures/bioemu_refine/GLTP/100.cif.gz
GLTP,bioemu_refine,200,2.0730234298788526,2.153304667031918,2.1410975586861074,True,1.9015069331229055,2.24523852565477,external_inputs/rescore/structures/bioemu_refine/GLTP/200.cif.gz
GLTP,bioemu_refine,300,2.225408212684663,1.6179152968098036,2.1410975586861074,False,1.9593618884299415,2.483343943175033,external_inputs/rescore/structures/bioemu_refine/GLTP/300.cif.gz
GLTP,bioemu_refine,400,2.1223233431469444,1.5134143583541837,2.1410975586861074,False,1.7232867043801114,2.4856185919525826,external_inputs/rescore/structures/bioemu_refine/GLTP/400.cif.gz
GLTP,bioemu_refine,500,2.0459552956098634,1.7303169012392274,2.1410975586861074,False,1.788933717404227,2.293727652871065,external_inputs/rescore/structures/bioemu_refine/GLTP/500.cif.gz
GLTP,bioemu_refine,600,2.1818927810566033,2.650183514694295,2.1410975586861074,False,1.8739919283790423,2.4744685986214727,external_inputs/rescore/structures/bioemu_refine/GLTP/600.cif.gz
GLTP,bioemu_refine,700,0.9457175305156537,1.4606493461941565,2.1410975586861074,True,0.7657927828822358,1.1091977220798588,external_inputs/rescore/structures/bioemu_refine/GLTP/700.cif.gz
GLTP,bioemu_refine,800,2.766777396313386,2.6547730068822557,2.1410975586861074,False,2.2225031562556774,3.258444678786921,external_inputs/rescore/structures/bioemu_refine/GLTP/800.cif.gz
GLTP,bioemu_refine,900,2.290888605732834,2.6329753708714034,2.1410975586861074,False,1.9206418575693662,2.636139571674352,external_inputs/rescore/structures/bioemu_refine/GLTP/900.cif.gz
GLTP,bioemu_refine,1000,2.379665392796098,1.6164705465590972,2.1410975586861074,False,2.216445298960775,2.5458168090925786,external_inputs/rescore/structures/bioemu_refine/GLTP/1000.cif.gz
GLTP,bioemu_refine,1100,1.7711161772139346,1.3239048557296567,2.1410975586861074,False,1.337766759480039,2.1462900334252675,external_inputs/rescore/structures/bioemu_refine/GLTP/1100.cif.gz
GLTP,bioemu_refine,1200,2.0101906469699915,2.1039975826812696,2.1410975586861074,True,1.6540808838798569,2.337600362029791,external_inputs/rescore/structures/bioemu_refine/GLTP/1200.cif.gz
GLTP,bioemu_refine,1300,1.9692704991581684,1.826558440216657,2.1410975586861074,False,1.6358693300245462,2.277993092236522,external_inputs/rescore/structures/bioemu_refine/GLTP/1300.cif.gz
GLTP,bioemu_refine,1400,2.9333900403458286,1.2432736328601361,2.1410975586861074,False,2.5211830894860148,3.325295744002948,external_inputs/rescore/structures/bioemu_refine/GLTP/1400.cif.gz
GLTP,bioemu_refine,1500,2.2678350235871565,1.641878067321584,2.1410975586861074,False,2.040528638744529,2.492272693811824,external_inputs/rescore/structures/bioemu_refine/GLTP/1500.cif.gz
GLTP,bioemu_refine,1600,1.4582438360517338,1.6678107136003453,2.1410975586861074,True,0.9557990932955728,1.8573271487759442,external_inputs/rescore/structures/bioemu_refine/GLTP/1600.cif.gz
GLTP,bioemu_refine,1700,1.4853309608328167,1.9975379633935082,2.1410975586861074,True,1.570687231897186,1.3862337776102327,external_inputs/rescore/structures/bioemu_refine/GLTP/1700.cif.gz
GLTP,bioemu_refine,1800,0.8497301800280618,1.7702797989635837,2.1410975586861074,True,0.7917684481259943,0.9087545859204564,external_inputs/rescore/structures/bioemu_refine/GLTP/1800.cif.gz
GLTP,bioemu_refine,1900,2.4536555563461397,3.2246056974260098,2.1410975586861074,False,1.965494117766184,2.8937515708189543,external_inputs/rescore/structures/bioemu_refine/GLTP/1900.cif.gz
GLTP,bioemu_refine,2000,1.4909727074021197,1.2253911931307457,2.1410975586861074,False,1.3267980940733315,1.6515632522435624,external_inputs/rescore/structures/bioemu_refine/GLTP/2000.cif.gz
GLTP,bioemu_refine,2100,2.374506988683023,1.6811068532947606,2.1410975586861074,False,2.1963241798235997,2.554753955679827,external_inputs/rescore/structures/bioemu_refine/GLTP/2100.cif.gz
GLTP,bioemu_refine,2200,1.0423775621635876,1.6123514697791215,2.1410975586861074,True,0.7922491055924212,1.2598257339471244,external_inputs/rescore/structures/bioemu_refine/GLTP/2200.cif.gz
GLTP,bioemu_refine,2300,1.030260095956013,1.4702656536502958,2.1410975586861074,True,0.6894191989350343,1.3041695348974178,external_inputs/rescore/structures/bioemu_refine/GLTP/2300.cif.gz
GLTP,bioemu_refine,2400,1.447641291805449,2.539216508053991,2.1410975586861074,True,1.1896108137565335,1.6846422793730704,external_inputs/rescore/structures/bioemu_refine/GLTP/2400.cif.gz
GLTP,bioemu_refine,2500,1.3167331266591835,2.2285339891964737,2.1410975586861074,True,1.2719421500210546,1.3639193941934116,external_inputs/rescore/structures/bioemu_refine/GLTP/2500.cif.gz
GLTP,bioemu_refine,2600,2.639344372250309,2.301154251933775,2.1410975586861074,False,2.2381133703948586,3.0167921227203776,external_inputs/rescore/structures/bioemu_refine/GLTP/2600.cif.gz
GLTP,bioemu_refine,2700,1.5849062863109915,2.0668675313909364,2.1410975586861074,True,1.0025208211498091,2.038577174484112,external_inputs/rescore/structures/bioemu_refine/GLTP/2700.cif.gz
GLTP,bioemu_refine,2800,1.0174329403105065,1.8768262289989106,2.1410975586861074,True,0.76411674140558,1.2359174654211147,external_inputs/rescore/structures/bioemu_refine/GLTP/2800.cif.gz
GLTP,bioemu_refine,2900,2.198463969720964,2.6916303995663706,2.1410975586861074,False,1.8557102621740995,2.5197525712190836,external_inputs/rescore/structures/bioemu_refine/GLTP/2900.cif.gz
GLTP,prody_rfd3,1,2.198992358203419,0.48824039122421503,2.1410975586861074,False,1.9813106836437977,2.414180589993417,external_inputs/prody_rfd3/structures/GLTP/sample_1_protein.pdb
GLTP,prody_rfd3,10,2.246445561855451,0.6159954284283472,2.1410975586861074,False,2.069697364254875,2.4246114088786013,external_inputs/prody_rfd3/structures/GLTP/sample_10_protein.pdb
GLTP,prody_rfd3,16,2.172491067967333,0.512124981255109,2.1410975586861074,False,1.9888167643774217,2.3565922057434743,external_inputs/prody_rfd3/structures/GLTP/sample_16_protein.pdb
GLTP,prody_rfd3,23,2.0577399569339665,0.29016575805507766,2.1410975586861074,False,1.9482156418702434,2.17092823726809,external_inputs/prody_rfd3/structures/GLTP/sample_23_protein.pdb
GLTP,prody_rfd3,19,2.0938659675460496,0.3521999311639163,2.1410975586861074,False,1.9156899520541217,2.272361553200826,external_inputs/prody_rfd3/structures/GLTP/sample_19_protein.pdb
GLTP,prody_rfd3,14,2.321809027234187,0.8368773557571156,2.1410975586861074,False,2.056998680273191,2.5798768893118695,external_inputs/prody_rfd3/structures/GLTP/sample_14_protein.pdb
GLTP,prody_rfd3,17,2.2958344407280737,0.6407465207648155,2.1410975586861074,False,2.0923508291424104,2.4989907134739524,external_inputs/prody_rfd3/structures/GLTP/sample_17_protein.pdb
GLTP,prody_rfd3,27,2.0911681776308964,0.47044840525128684,2.1410975586861074,False,1.9348712130623553,2.2493214330572897,external_inputs/prody_rfd3/structures/GLTP/sample_27_protein.pdb
GLTP,prody_rfd3,8,2.2928693447628716,0.5520640680979774,2.1410975586861074,False,2.050354569870842,2.5310668429504353,external_inputs/prody_rfd3/structures/GLTP/sample_8_protein.pdb
GLTP,prody_rfd3,5,2.2274643527174467,0.2207466455389085,2.1410975586861074,False,2.0511467017665175,2.4051139811634825,external_inputs/prody_rfd3/structures/GLTP/sample_5_protein.pdb
GLTP,prody_rfd3,7,1.9761300145643357,0.5862651472786234,2.1410975586861074,False,1.7973188432600846,2.1543361453045047,external_inputs/prody_rfd3/structures/GLTP/sample_7_protein.pdb
GLTP,prody_rfd3,4,2.39651112382533,0.6274137802895908,2.1410975586861074,False,2.16204815519156,2.628543942673007,external_inputs/prody_rfd3/structures/GLTP/sample_4_protein.pdb
GLTP,prody_rfd3,0,2.1665662999546504,0.5115345719353236,2.1410975586861074,False,1.9444008443879088,2.385445939758076,external_inputs/prody_rfd3/structures/GLTP/sample_0_protein.pdb
GLTP,prody_rfd3,6,2.0815084896300373,0.5831650487258428,2.1410975586861074,False,1.8721027560499717,2.2881982339376323,external_inputs/prody_rfd3/structures/GLTP/sample_6_protein.pdb
GLTP,prody_rfd3,12,2.319448643929177,0.5511571899184267,2.1410975586861074,False,2.0913914828752285,2.5450370207340773,external_inputs/prody_rfd3/structures/GLTP/sample_12_protein.pdb
GLTP,prody_rfd3,26,2.1864703485839736,0.2756827131997367,2.1410975586861074,False,2.02732328234308,2.347814032717286,external_inputs/prody_rfd3/structures/GLTP/sample_26_protein.pdb
GLTP,prody_rfd3,22,2.2806187131673408,0.8843480237772273,2.1410975586861074,False,1.9467150165756697,2.596355875691292,external_inputs/prody_rfd3/structures/GLTP/sample_22_protein.pdb
GLTP,prody_rfd3,21,2.22394196773891,0.5379318128549737,2.1410975586861074,False,2.0188462296453507,2.4280038557251955,external_inputs/prody_rfd3/structures/GLTP/sample_21_protein.pdb
GLTP,prody_rfd3,25,2.2685601982382906,0.4770822294393988,2.1410975586861074,False,2.051697037898394,2.4836350501007,external_inputs/prody_rfd3/structures/GLTP/sample_25_protein.pdb
GLTP,prody_rfd3,13,2.2676218638115855,0.5101612112412486,2.1410975586861074,False,2.0394735299603113,2.492809377871769,external_inputs/prody_rfd3/structures/GLTP/sample_13_protein.pdb
GLTP,prody_rfd3,9,2.0081361946286695,0.28989321739079976,2.1410975586861074,False,1.8016013858918292,2.2115573057176188,external_inputs/prody_rfd3/structures/GLTP/sample_9_protein.pdb
GLTP,prody_rfd3,15,2.107617418466287,0.3042842510006636,2.1410975586861074,False,1.951454628334453,2.2657343823088656,external_inputs/prody_rfd3/structures/GLTP/sample_15_protein.pdb
GLTP,prody_rfd3,20,2.083215370708562,0.4146046035310404,2.1410975586861074,False,1.9322915672720364,2.2362726911130864,external_inputs/prody_rfd3/structures/GLTP/sample_20_protein.pdb
GLTP,prody_rfd3,18,2.003278181083188,0.31374253707023964,2.1410975586861074,False,1.863169316862379,2.1457154209885756,external_inputs/prody_rfd3/structures/GLTP/sample_18_protein.pdb
GLTP,prody_rfd3,3,2.167583216429904,0.5053562161315491,2.1410975586861074,False,1.9761600914034707,2.358757007006074,external_inputs/prody_rfd3/structures/GLTP/sample_3_protein.pdb
GLTP,prody_rfd3,2,2.35980428079484,0.5645139938873783,2.1410975586861074,False,2.148646452019305,2.570450571678174,external_inputs/prody_rfd3/structures/GLTP/sample_2_protein.pdb
GLTP,prody_rfd3,28,1.967400688040881,0.25201932000899413,2.1410975586861074,False,1.8054967059627693,2.130033857135108,external_inputs/prody_rfd3/structures/GLTP/sample_28_protein.pdb
GLTP,prody_rfd3,24,2.285122899294443,0.9061224102699008,2.1410975586861074,False,1.973703591073122,2.5823706586260826,external_inputs/prody_rfd3/structures/GLTP/sample_24_protein.pdb
GLTP,prody_rfd3,11,2.305835250861927,0.6359734170439291,2.1410975586861074,False,2.0106984337987903,2.589721831644412,external_inputs/prody_rfd3/structures/GLTP/sample_11_protein.pdb
GLTP,prody_rfd3,29,2.022798153836103,0.34063252842803704,2.1410975586861074,False,1.8542467021455926,2.1919400126552357,external_inputs/prody_rfd3/structures/GLTP/sample_29_protein.pdb
GLTP,rosetta_repack,0,2.106552816077801,0.13556028581033758,2.1410975586861074,False,1.9514021331892741,2.263712675645648,external_inputs/controls/outputs/repack/1SWX_A/sample_000.pdb
GLTP,rosetta_repack,1,2.106552816077801,0.13556028581033758,2.1410975586861074,False,1.9514021331892741,2.263712675645648,external_inputs/controls/outputs/repack/1SWX_A/sample_001.pdb
GLTP,rosetta_repack,2,2.106552816077801,0.13556028581033758,2.1410975586861074,False,1.9514021331892741,2.263712675645648,external_inputs/controls/outputs/repack/1SWX_A/sample_002.pdb
GLTP,rosetta_repack,3,2.106552816077801,0.13556028581033758,2.1410975586861074,False,1.9514021331892741,2.263712675645648,external_inputs/controls/outputs/repack/1SWX_A/sample_003.pdb
GLTP,rosetta_repack,4,2.106552816077801,0.13556028581033758,2.1410975586861074,False,1.9514021331892741,2.263712675645648,external_inputs/controls/outputs/repack/1SWX_A/sample_004.pdb
GLTP,rosetta_repack,5,2.106552816077801,0.13556028581033758,2.1410975586861074,False,1.9514021331892741,2.263712675645648,external_inputs/controls/outputs/repack/1SWX_A/sample_005.pdb
GLTP,rosetta_repack,6,2.106552816077801,0.13556028581033758,2.1410975586861074,False,1.9514021331892741,2.263712675645648,external_inputs/controls/outputs/repack/1SWX_A/sample_006.pdb
GLTP,rosetta_repack,7,2.106552816077801,0.13556028581033758,2.1410975586861074,False,1.9514021331892741,2.263712675645648,external_inputs/controls/outputs/repack/1SWX_A/sample_007.pdb
GLTP,rosetta_repack,8,2.106552816077801,0.13556028581033758,2.1410975586861074,False,1.9514021331892741,2.263712675645648,external_inputs/controls/outputs/repack/1SWX_A/sample_008.pdb
GLTP,rosetta_repack,9,2.106552816077801,0.13556028581033758,2.1410975586861074,False,1.9514021331892741,2.263712675645648,external_inputs/controls/outputs/repack/1SWX_A/sample_009.pdb
GLTP,rosetta_repack,10,2.106552816077801,0.13556028581033758,2.1410975586861074,False,1.9514021331892741,2.263712675645648,external_inputs/controls/outputs/repack/1SWX_A/sample_010.pdb
GLTP,rosetta_repack,11,2.106552816077801,0.13556028581033758,2.1410975586861074,False,1.9514021331892741,2.263712675645648,external_inputs/controls/outputs/repack/1SWX_A/sample_011.pdb
GLTP,rosetta_repack,12,2.106552816077801,0.13556028581033758,2.1410975586861074,False,1.9514021331892741,2.263712675645648,external_inputs/controls/outputs/repack/1SWX_A/sample_012.pdb
GLTP,rosetta_repack,13,2.106552816077801,0.13556028581033758,2.1410975586861074,False,1.9514021331892741,2.263712675645648,external_inputs/controls/outputs/repack/1SWX_A/sample_013.pdb
GLTP,rosetta_repack,14,2.106552816077801,0.13556028581033758,2.1410975586861074,False,1.9514021331892741,2.263712675645648,external_inputs/controls/outputs/repack/1SWX_A/sample_014.pdb
GLTP,rosetta_repack,15,2.106552816077801,0.13556028581033758,2.1410975586861074,False,1.9514021331892741,2.263712675645648,external_inputs/controls/outputs/repack/1SWX_A/sample_015.pdb
GLTP,rosetta_repack,16,2.106552816077801,0.13556028581033758,2.1410975586861074,False,1.9514021331892741,2.263712675645648,external_inputs/controls/outputs/repack/1SWX_A/sample_016.pdb
GLTP,rosetta_repack,17,2.106552816077801,0.13556028581033758,2.1410975586861074,False,1.9514021331892741,2.263712675645648,external_inputs/controls/outputs/repack/1SWX_A/sample_017.pdb
GLTP,rosetta_repack,18,2.106552816077801,0.13556028581033758,2.1410975586861074,False,1.9514021331892741,2.263712675645648,external_inputs/controls/outputs/repack/1SWX_A/sample_018.pdb
GLTP,rosetta_repack,19,2.106552816077801,0.13556028581033758,2.1410975586861074,False,1.9514021331892741,2.263712675645648,external_inputs/controls/outputs/repack/1SWX_A/sample_019.pdb
GLTP,rosetta_repack,20,2.106552816077801,0.13556028581033758,2.1410975586861074,False,1.9514021331892741,2.263712675645648,external_inputs/controls/outputs/repack/1SWX_A/sample_020.pdb
GLTP,rosetta_repack,21,2.106552816077801,0.13556028581033758,2.1410975586861074,False,1.9514021331892741,2.263712675645648,external_inputs/controls/outputs/repack/1SWX_A/sample_021.pdb
GLTP,rosetta_repack,22,2.106552816077801,0.13556028581033758,2.1410975586861074,False,1.9514021331892741,2.263712675645648,external_inputs/controls/outputs/repack/1SWX_A/sample_022.pdb
GLTP,rosetta_repack,23,2.106552816077801,0.13556028581033758,2.1410975586861074,False,1.9514021331892741,2.263712675645648,external_inputs/controls/outputs/repack/1SWX_A/sample_023.pdb
GLTP,rosetta_repack,24,2.106552816077801,0.13556028581033758,2.1410975586861074,False,1.9514021331892741,2.263712675645648,external_inputs/controls/outputs/repack/1SWX_A/sample_024.pdb
GLTP,rosetta_repack,25,2.106552816077801,0.13556028581033758,2.1410975586861074,False,1.9514021331892741,2.263712675645648,external_inputs/controls/outputs/repack/1SWX_A/sample_025.pdb
GLTP,rosetta_repack,26,2.106552816077801,0.13556028581033758,2.1410975586861074,False,1.9514021331892741,2.263712675645648,external_inputs/controls/outputs/repack/1SWX_A/sample_026.pdb
GLTP,rosetta_repack,27,2.106552816077801,0.13556028581033758,2.1410975586861074,False,1.9514021331892741,2.263712675645648,external_inputs/controls/outputs/repack/1SWX_A/sample_027.pdb
GLTP,rosetta_repack,28,2.106552816077801,0.13556028581033758,2.1410975586861074,False,1.9514021331892741,2.263712675645648,external_inputs/controls/outputs/repack/1SWX_A/sample_028.pdb
GLTP,rosetta_repack,29,2.106552816077801,0.13556028581033758,2.1410975586861074,False,1.9514021331892741,2.263712675645648,external_inputs/controls/outputs/repack/1SWX_A/sample_029.pdb
GLTP,rosetta_fastrelax,0,2.084799934201416,0.3972261491495513,2.1410975586861074,False,1.90456527513906,2.265122133610345,external_inputs/controls/outputs/fastrelax/1SWX_A/sample_000.pdb
GLTP,rosetta_fastrelax,1,2.057425064075751,0.35440622051046416,2.1410975586861074,False,1.9134210355055397,2.2038147816164897,external_inputs/controls/outputs/fastrelax/1SWX_A/sample_001.pdb
GLTP,rosetta_fastrelax,2,2.1339643429742674,0.32226035977009004,2.1410975586861074,False,1.9636333825288645,2.305472082008325,external_inputs/controls/outputs/fastrelax/1SWX_A/sample_002.pdb
GLTP,rosetta_fastrelax,3,2.0917423234828516,0.38397966309698145,2.1410975586861074,False,1.8890916160020377,2.2924751978213562,external_inputs/controls/outputs/fastrelax/1SWX_A/sample_003.pdb
GLTP,rosetta_fastrelax,4,2.0925816488681765,0.38474477872698565,2.1410975586861074,False,1.94868601601193,2.239036479852728,external_inputs/controls/outputs/fastrelax/1SWX_A/sample_004.pdb
GLTP,rosetta_fastrelax,5,2.0996777036404484,0.427595584444342,2.1410975586861074,False,1.9282461799119825,2.271988883580171,external_inputs/controls/outputs/fastrelax/1SWX_A/sample_005.pdb
GLTP,rosetta_fastrelax,6,2.07359379138424,0.29034204061457985,2.1410975586861074,False,1.9240968881177212,2.22525601058787,external_inputs/controls/outputs/fastrelax/1SWX_A/sample_006.pdb
GLTP,rosetta_fastrelax,7,2.123017579094701,0.34967770116128916,2.1410975586861074,False,1.9555789027963704,2.2917682375611843,external_inputs/controls/outputs/fastrelax/1SWX_A/sample_007.pdb
GLTP,rosetta_fastrelax,8,2.1576331737459564,0.3287303328437017,2.1410975586861074,False,1.9728072810505584,2.3426895285587093,external_inputs/controls/outputs/fastrelax/1SWX_A/sample_008.pdb
GLTP,rosetta_fastrelax,9,2.1187378696487276,0.3842943344882592,2.1410975586861074,False,1.9424407474705843,2.295672432741527,external_inputs/controls/outputs/fastrelax/1SWX_A/sample_009.pdb
GLTP,rosetta_fastrelax,10,2.1420584878514903,0.4405014419467114,2.1410975586861074,False,1.9830938393651079,2.302994292726215,external_inputs/controls/outputs/fastrelax/1SWX_A/sample_010.pdb
GLTP,rosetta_fastrelax,11,2.102438236645392,0.3501657335688133,2.1410975586861074,False,1.9442816355831218,2.2623980558104746,external_inputs/controls/outputs/fastrelax/1SWX_A/sample_011.pdb
GLTP,rosetta_fastrelax,12,2.0533860673312936,0.4557025154487355,2.1410975586861074,False,1.8695455475943414,2.236772486572018,external_inputs/controls/outputs/fastrelax/1SWX_A/sample_012.pdb
GLTP,rosetta_fastrelax,13,2.067946147990993,0.41496357809415163,2.1410975586861074,False,1.8875867322653381,2.248260389082555,external_inputs/controls/outputs/fastrelax/1SWX_A/sample_013.pdb
GLTP,rosetta_fastrelax,14,2.087962911695532,0.30012126178809356,2.1410975586861074,False,1.9380044998127202,2.2401341874473593,external_inputs/controls/outputs/fastrelax/1SWX_A/sample_014.pdb
GLTP,rosetta_fastrelax,15,2.0025864855915207,0.3938527375342972,2.1410975586861074,False,1.863204229377111,2.1443318733711454,external_inputs/controls/outputs/fastrelax/1SWX_A/sample_015.pdb
GLTP,rosetta_fastrelax,16,2.127088900556392,0.37443434166395534,2.1410975586861074,False,1.9463157364873582,2.3082052131847273,external_inputs/controls/outputs/fastrelax/1SWX_A/sample_016.pdb
GLTP,rosetta_fastrelax,17,2.1117639647571127,0.3819029528765415,2.1410975586861074,False,1.9662092253379229,2.259884013892393,external_inputs/controls/outputs/fastrelax/1SWX_A/sample_017.pdb
GLTP,rosetta_fastrelax,18,2.0966139804517803,0.36253149018778463,2.1410975586861074,False,1.9194176426660354,2.2742272113428093,external_inputs/controls/outputs/fastrelax/1SWX_A/sample_018.pdb
GLTP,rosetta_fastrelax,19,2.0700003009131698,0.3676116744743095,2.1410975586861074,False,1.8997983620544423,2.240980447517282,external_inputs/controls/outputs/fastrelax/1SWX_A/sample_019.pdb
GLTP,rosetta_fastrelax,20,2.036939022061081,0.33905289674006256,2.1410975586861074,False,1.8770163767223331,2.19817059617054,external_inputs/controls/outputs/fastrelax/1SWX_A/sample_020.pdb
GLTP,rosetta_fastrelax,21,2.118129384234513,0.49154447985971583,2.1410975586861074,False,1.9919973943423908,2.2476698967074613,external_inputs/controls/outputs/fastrelax/1SWX_A/sample_021.pdb
GLTP,rosetta_fastrelax,22,2.118836833783631,0.3982854766129528,2.1410975586861074,False,1.9745372704969597,2.2657976808183053,external_inputs/controls/outputs/fastrelax/1SWX_A/sample_022.pdb
GLTP,rosetta_fastrelax,23,1.9367801671976412,0.49650469994033525,2.1410975586861074,False,1.8339949158300262,2.043020299814466,external_inputs/controls/outputs/fastrelax/1SWX_A/sample_023.pdb
GLTP,rosetta_fastrelax,24,2.0871578759519274,0.3183797370379943,2.1410975586861074,False,1.9329978872466247,2.243282342021471,external_inputs/controls/outputs/fastrelax/1SWX_A/sample_024.pdb
GLTP,rosetta_fastrelax,25,2.1225518566194115,0.3515265497079926,2.1410975586861074,False,1.9725092464853993,2.27497647460984,external_inputs/controls/outputs/fastrelax/1SWX_A/sample_025.pdb
GLTP,rosetta_fastrelax,26,2.1050424405001156,0.3730105880223231,2.1410975586861074,False,1.946830984141561,2.2650681699300437,external_inputs/controls/outputs/fastrelax/1SWX_A/sample_026.pdb
GLTP,rosetta_fastrelax,27,2.084956979937187,0.3574507854113835,2.1410975586861074,False,1.9409049734644226,2.2315242864908713,external_inputs/controls/outputs/fastrelax/1SWX_A/sample_027.pdb
GLTP,rosetta_fastrelax,28,2.0973154513414447,0.3697135451103551,2.1410975586861074,False,1.8987093653630431,2.2944532778547475,external_inputs/controls/outputs/fastrelax/1SWX_A/sample_028.pdb
GLTP,rosetta_fastrelax,29,2.1201301638330032,0.37775974033293575,2.1410975586861074,False,1.936983644733824,2.303377408644104,external_inputs/controls/outputs/fastrelax/1SWX_A/sample_029.pdb
