method,target,n_samples,residue_clash_percent,clash_percent
apo,Bcl-xL,1,0.0,0.0
apo,CB1,1,0.0,0.0
apo,FUT8,1,0.0,0.0
apo,GCGR,1,0.0,0.0
apo,GLTP,1,0.0,0.0
apo,HIF2alpha,1,0.0,0.0
apo,HIF2alpha__6D0B,1,0.0,0.0
apo,HIV1_CA,1,0.0,0.0
apo,HIV_RT,1,0.0,0.0
apo,HIV_RT__3V81,1,0.0,0.0
apo,KRAS,1,0.0,0.0
apo,METTL14,1,0.0,0.0
apo,Menin,1,0.0,0.0
apo,NDPK-A,1,0.0,0.0
apo,SHP2,1,0.0,0.0
apo,THSR,1,0.0,0.0
apo,THSR__7UTZ,1,0.0,0.0
apo,betaLG,1,0.0,0.0
apo,cAbl,1,0.0,0.0
apo,p53_Y220C,1,0.0,0.0
apo,p53_Y220C__4AGQ,1,0.0,0.0
apo2mol_1000,Bcl-xL,30,41.58730158730159,9.419475655430713
apo2mol_1000,CB1,30,41.07142857142857,10.811965811965813
apo2mol_1000,FUT8,30,46.51515151515152,13.167587476979742
apo2mol_1000,GCGR,30,28.4,6.181818181818183
apo2mol_1000,GLTP,30,7.5,1.0628019323671498
apo2mol_1000,HIF2alpha,30,31.42857142857143,6.356589147286822
apo2mol_1000,HIF2alpha__6D0B,30,30.53333333333333,7.892156862745098
apo2mol_1000,HIV1_CA,30,32.916666666666664,6.397849462365591
apo2mol_1000,HIV_RT,30,49.12280701754386,14.250936329588017
apo2mol_1000,HIV_RT__3V81,30,41.5686274509804,12.229437229437227
apo2mol_1000,KRAS,30,32.85714285714286,7.594936708860759
apo2mol_1000,METTL14,30,31.06060606060606,7.453183520599251
apo2mol_1000,Menin,30,45.238095238095234,13.801652892561984
apo2mol_1000,NDPK-A,30,16.47058823529412,2.818791946308725
apo2mol_1000,SHP2,30,29.12280701754386,5.953878406708595
apo2mol_1000,THSR,30,42.43589743589744,10.048543689320388
apo2mol_1000,THSR__7UTZ,30,29.444444444444446,6.344086021505376
apo2mol_1000,betaLG,30,18.95833333333333,3.8057742782152233
apo2mol_1000,cAbl,30,27.536231884057973,6.945996275605214
apo2mol_1000,p53_Y220C,30,20.701754385964914,5.679012345679013
apo2mol_1000,p53_Y220C__4AGQ,30,26.274509803921568,6.613333333333333
apo2mol_250,Bcl-xL,20,23.09523809523809,3.6235955056179776
apo2mol_250,CB1,15,15.0,2.792022792022792
apo2mol_250,FUT8,15,25.15151515151515,5.267034990791897
apo2mol_250,GLTP,30,3.333333333333333,0.5797101449275363
apo2mol_250,HIF2alpha,30,19.365079365079364,3.255813953488372
apo2mol_250,HIF2alpha__6D0B,15,14.4,2.483660130718954
apo2mol_250,HIV1_CA,25,18.0,2.7096774193548385
apo2mol_250,HIV_RT,25,28.421052631578945,4.719101123595506
apo2mol_250,HIV_RT__3V81,30,17.64705882352941,2.705627705627706
apo2mol_250,KRAS,30,18.41269841269841,3.4177215189873418
apo2mol_250,METTL14,15,16.969696969696972,3.370786516853933
apo2mol_250,Menin,15,5.714285714285714,0.7713498622589532
apo2mol_250,NDPK-A,30,8.627450980392158,1.185682326621924
apo2mol_250,SHP2,15,16.49122807017544,2.7253668763102725
apo2mol_250,THSR,20,19.615384615384617,4.150485436893204
apo2mol_250,THSR__7UTZ,20,12.083333333333334,2.4731182795698925
apo2mol_250,betaLG,20,4.375,0.5511811023622047
apo2mol_250,cAbl,20,26.52173913043478,6.005586592178771
apo2mol_250,p53_Y220C,30,12.280701754385966,2.814814814814815
apo2mol_250,p53_Y220C__4AGQ,30,18.23529411764706,3.9733333333333336
bbflow_refine,Bcl-xL,30,0.6349206349206349,0.0749063670411985
bbflow_refine,CB1,30,4.285714285714287,0.5013550135501356
bbflow_refine,FUT8,30,2.121212121212121,0.2946593001841621
bbflow_refine,GCGR,30,7.866666666666666,1.1111111111111112
bbflow_refine,GLTP,30,2.9166666666666665,0.5314009661835749
bbflow_refine,HIF2alpha,30,2.222222222222222,0.2713178294573643
bbflow_refine,HIF2alpha__6D0B,30,1.3333333333333333,0.1797385620915032
bbflow_refine,HIV1_CA,30,0.0,0.0
bbflow_refine,HIV_RT,30,4.912280701754386,0.6179775280898877
bbflow_refine,HIV_RT__3V81,30,2.7450980392156863,0.3896103896103896
bbflow_refine,KRAS,30,2.8571428571428568,0.5063291139240507
bbflow_refine,METTL14,30,5.757575757575759,0.7927927927927929
bbflow_refine,Menin,30,2.380952380952381,0.4407713498622589
bbflow_refine,NDPK-A,30,1.5686274509803924,0.1789709172259508
bbflow_refine,SHP2,30,4.561403508771931,0.7756813417190777
bbflow_refine,THSR,30,1.282051282051282,0.1618122977346278
bbflow_refine,THSR__7UTZ,30,2.5,0.3225806451612902
bbflow_refine,betaLG,30,1.6666666666666667,0.2887139107611549
bbflow_refine,cAbl,30,2.898550724637681,0.4096834264432029
bbflow_refine,p53_Y220C,30,0.0,0.0
bbflow_refine,p53_Y220C__4AGQ,30,0.0,0.0
bioemu_refine,Bcl-xL,24,4.924242424242425,0.7017543859649122
bioemu_refine,CB1,30,2.857142857142857,0.6368563685636857
bioemu_refine,FUT8,26,5.594405594405595,0.7012324691882703
bioemu_refine,GCGR,24,13.666666666666666,1.7028985507246377
bioemu_refine,GLTP,30,1.6666666666666667,0.3381642512077294
bioemu_refine,HIF2alpha,29,4.761904761904762,0.6214915797914997
bioemu_refine,HIF2alpha__6D0B,29,0.8275862068965517,0.101419878296146
bioemu_refine,HIV1_CA,28,0.0,0.0
bioemu_refine,HIV_RT,26,1.619433198380567,0.1944684528954192
bioemu_refine,HIV_RT__3V81,26,0.904977375565611,0.1248751248751248
bioemu_refine,KRAS,30,5.555555555555556,0.875
bioemu_refine,METTL14,7,0.0,0.0
bioemu_refine,Menin,22,3.2467532467532467,0.4132231404958678
bioemu_refine,NDPK-A,25,7.764705882352941,1.1006711409395973
bioemu_refine,SHP2,22,6.45933014354067,1.0291595197255574
bioemu_refine,THSR,22,1.7482517482517486,0.2206531332744924
bioemu_refine,THSR__7UTZ,22,3.409090909090909,0.4643206256109481
bioemu_refine,betaLG,29,2.586206896551724,0.3529731197393429
bioemu_refine,cAbl,19,0.4576659038901601,0.2058218171126139
bioemu_refine,p53_Y220C,27,1.5594541910331383,0.2683843263553409
bioemu_refine,p53_Y220C__4AGQ,27,3.0501089324618738,0.4050925925925926
boltz2,Bcl-xL,30,4.545454545454546,0.6140350877192982
boltz2,CB1,30,0.2380952380952381,0.02710027100271
boltz2,FUT8,30,0.0,0.0
boltz2,GCGR,30,8.933333333333334,1.0144927536231885
boltz2,GLTP,30,0.0,0.0
boltz2,HIF2alpha,30,0.6349206349206349,0.0775193798449612
boltz2,HIF2alpha__6D0B,30,0.8,0.0980392156862745
boltz2,HIV1_CA,30,0.8333333333333334,0.1049868766404199
boltz2,HIV_RT,30,0.3508771929824562,0.0749063670411985
boltz2,HIV_RT__3V81,30,1.9607843137254903,0.238095238095238
boltz2,KRAS,30,0.0,0.0
boltz2,METTL14,30,0.9090909090909092,0.1081081081081081
boltz2,Menin,30,0.0,0.0
boltz2,NDPK-A,30,0.7843137254901962,0.0894854586129754
boltz2,SHP2,30,2.105263157894737,0.2515723270440251
boltz2,THSR,30,0.0,0.0
boltz2,THSR__7UTZ,30,0.2777777777777778,0.03584229390681
boltz2,betaLG,30,0.0,0.0
boltz2,cAbl,30,2.608695652173913,0.3538175046554934
boltz2,p53_Y220C,30,0.0,0.0
boltz2,p53_Y220C__4AGQ,30,0.0,0.0
confornet_nomsa,Bcl-xL,10,0.0,0.0
confornet_nomsa,CB1,30,0.2380952380952381,0.02710027100271
confornet_nomsa,FUT8,10,0.0,0.0
confornet_nomsa,GCGR,30,0.0,0.0
confornet_nomsa,GLTP,10,0.0,0.0
confornet_nomsa,HIF2alpha,30,0.0,0.0
confornet_nomsa,HIF2alpha__6D0B,30,0.0,0.0
confornet_nomsa,HIV1_CA,30,0.0,0.0
confornet_nomsa,HIV_RT,10,1.0526315789473686,0.1123595505617977
confornet_nomsa,HIV_RT__3V81,10,0.0,0.0
confornet_nomsa,KRAS,30,0.0,0.0
confornet_nomsa,METTL14,10,0.0,0.0
confornet_nomsa,Menin,10,0.0,0.0
confornet_nomsa,NDPK-A,10,0.0,0.0
confornet_nomsa,SHP2,10,0.0,0.0
confornet_nomsa,THSR,10,0.7692307692307693,0.0970873786407767
confornet_nomsa,THSR__7UTZ,10,0.8333333333333334,0.1075268817204301
confornet_nomsa,betaLG,10,0.0,0.0
confornet_nomsa,cAbl,30,0.0,0.0
confornet_nomsa,p53_Y220C,30,0.0,0.0
confornet_nomsa,p53_Y220C__4AGQ,30,0.0,0.0
esmfold2,Bcl-xL,30,0.6060606060606061,0.0701754385964912
esmfold2,CB1,30,0.2380952380952381,0.040650406504065
esmfold2,FUT8,30,0.0,0.0
esmfold2,GCGR,30,8.0,0.8695652173913043
esmfold2,GLTP,30,0.0,0.0
esmfold2,HIF2alpha,30,0.0,0.0
esmfold2,HIF2alpha__6D0B,30,0.0,0.0
esmfold2,HIV1_CA,30,0.0,0.0
esmfold2,HIV_RT,30,3.5087719298245617,0.3932584269662921
esmfold2,HIV_RT__3V81,30,0.7843137254901962,0.1298701298701298
esmfold2,KRAS,30,0.6349206349206349,0.0833333333333333
esmfold2,METTL14,30,0.0,0.0
esmfold2,Menin,30,0.0,0.0
esmfold2,NDPK-A,30,0.0,0.0
esmfold2,SHP2,30,0.0,0.0
esmfold2,THSR,30,0.0,0.0
esmfold2,THSR__7UTZ,30,0.2777777777777778,0.03584229390681
esmfold2,betaLG,30,0.0,0.0
esmfold2,cAbl,30,0.2898550724637681,0.0372439478584729
esmfold2,p53_Y220C,30,0.0,0.0
esmfold2,p53_Y220C__4AGQ,30,0.0,0.0
holo,Bcl-xL,1,0.0,0.0
holo,CB1,1,7.142857142857143,0.8130081300813008
holo,FUT8,1,0.0,0.0
holo,GCGR,1,0.0,0.0
holo,GLTP,1,0.0,0.0
holo,HIF2alpha,1,0.0,0.0
holo,HIF2alpha__6D0B,1,0.0,0.0
holo,HIV1_CA,1,0.0,0.0
holo,HIV_RT,1,0.0,0.0
holo,HIV_RT__3V81,1,0.0,0.0
holo,KRAS,1,0.0,0.0
holo,METTL14,1,0.0,0.0
holo,Menin,1,0.0,0.0
holo,NDPK-A,1,0.0,0.0
holo,SHP2,1,0.0,0.0
holo,THSR,1,0.0,0.0
holo,THSR__7UTZ,1,0.0,0.0
holo,betaLG,1,0.0,0.0
holo,cAbl,1,0.0,0.0
holo,p53_Y220C,1,0.0,0.0
holo,p53_Y220C__4AGQ,1,0.0,0.0
molgen_ns1.0,Bcl-xL,27,0.0,0.0
molgen_ns1.0,CB1,30,0.0,0.0
molgen_ns1.0,FUT8,27,0.0,0.0
molgen_ns1.0,GCGR,30,0.0,0.0
molgen_ns1.0,GLTP,30,0.0,0.0
molgen_ns1.0,HIF2alpha,30,0.0,0.0
molgen_ns1.0,HIF2alpha__6D0B,29,0.0,0.0
molgen_ns1.0,HIV1_CA,25,0.0,0.0
molgen_ns1.0,HIV_RT,30,0.0,0.0
molgen_ns1.0,HIV_RT__3V81,30,0.0,0.0
molgen_ns1.0,KRAS,29,0.0,0.0
molgen_ns1.0,METTL14,30,0.0,0.0
molgen_ns1.0,Menin,29,0.4926108374384236,0.0569962952408093
molgen_ns1.0,NDPK-A,28,0.0,0.0
molgen_ns1.0,SHP2,30,0.0,0.0
molgen_ns1.0,THSR,30,0.0,0.0
molgen_ns1.0,THSR__7UTZ,30,0.0,0.0
molgen_ns1.0,betaLG,28,0.0,0.0
molgen_ns1.0,cAbl,30,0.0,0.0
molgen_ns1.0,p53_Y220C,28,1.3157894736842106,0.2070393374741201
molgen_ns1.0,p53_Y220C__4AGQ,29,0.6085192697768763,0.1346982758620689
prody_rfd3,Bcl-xL,30,0.0,0.0
prody_rfd3,CB1,30,3.333333333333333,0.4065040650406504
prody_rfd3,FUT8,30,12.272727272727275,1.5101289134438305
prody_rfd3,GCGR,30,8.8,1.9444444444444444
prody_rfd3,GLTP,30,0.8333333333333334,0.0966183574879227
prody_rfd3,HIF2alpha,30,3.809523809523809,0.4651162790697674
prody_rfd3,HIF2alpha__6D0B,30,3.2,0.392156862745098
prody_rfd3,HIV1_CA,30,0.4166666666666667,0.0529100529100529
prody_rfd3,HIV_RT,30,18.42105263157895,3.5580524344569286
prody_rfd3,HIV_RT__3V81,30,0.0,0.0
prody_rfd3,KRAS,30,0.6349206349206349,0.1265822784810126
prody_rfd3,METTL14,30,0.0,0.0
prody_rfd3,Menin,30,0.0,0.0
prody_rfd3,NDPK-A,30,1.9607843137254903,0.2237136465324384
prody_rfd3,SHP2,30,10.701754385964913,2.2641509433962264
prody_rfd3,THSR,30,0.0,0.0
prody_rfd3,THSR__7UTZ,30,0.5555555555555556,0.07168458781362
prody_rfd3,betaLG,30,5.0,0.9448818897637796
prody_rfd3,cAbl,30,1.7391304347826086,0.2234636871508379
prody_rfd3,p53_Y220C,30,0.0,0.0
prody_rfd3,p53_Y220C__4AGQ,30,0.0,0.0
rfd3_fix7,Bcl-xL,30,1.2698412698412698,0.149812734082397
rfd3_fix7,CB1,30,0.2380952380952381,0.0284900284900284
rfd3_fix7,FUT8,30,5.454545454545455,0.6629834254143646
rfd3_fix7,GCGR,30,2.1333333333333333,0.2391629297458894
rfd3_fix7,GLTP,30,0.0,0.0
rfd3_fix7,HIF2alpha,30,2.5396825396825395,0.3100775193798449
rfd3_fix7,HIF2alpha__6D0B,30,2.1333333333333333,0.261437908496732
rfd3_fix7,HIV1_CA,30,0.0,0.0
rfd3_fix7,HIV_RT,30,5.964912280701755,0.7303370786516854
rfd3_fix7,HIV_RT__3V81,30,0.0,0.0
rfd3_fix7,KRAS,30,1.2698412698412698,0.1687763713080169
rfd3_fix7,METTL14,30,2.7272727272727275,0.3423423423423423
rfd3_fix7,Menin,30,1.4285714285714286,0.1652892561983471
rfd3_fix7,NDPK-A,30,3.5294117647058827,0.4474272930648769
rfd3_fix7,SHP2,30,3.1578947368421053,0.3773584905660377
rfd3_fix7,THSR,30,0.0,0.0
rfd3_fix7,THSR__7UTZ,30,0.0,0.0
rfd3_fix7,betaLG,30,1.6666666666666667,0.2624671916010498
rfd3_fix7,cAbl,30,1.1594202898550725,0.223463687150838
rfd3_fix7,p53_Y220C,30,0.0,0.0
rfd3_fix7,p53_Y220C__4AGQ,30,0.0,0.0
rosetta_fastrelax,Bcl-xL,30,0.0,0.0
rosetta_fastrelax,CB1,30,0.0,0.0
rosetta_fastrelax,FUT8,30,0.0,0.0
rosetta_fastrelax,GCGR,30,0.0,0.0
rosetta_fastrelax,GLTP,30,0.0,0.0
rosetta_fastrelax,HIF2alpha,30,0.0,0.0
rosetta_fastrelax,HIF2alpha__6D0B,30,0.0,0.0
rosetta_fastrelax,HIV1_CA,30,0.0,0.0
rosetta_fastrelax,HIV_RT,30,0.0,0.0
rosetta_fastrelax,HIV_RT__3V81,30,0.0,0.0
rosetta_fastrelax,KRAS,30,0.0,0.0
rosetta_fastrelax,METTL14,30,0.0,0.0
rosetta_fastrelax,Menin,30,0.0,0.0
rosetta_fastrelax,NDPK-A,30,0.0,0.0
rosetta_fastrelax,SHP2,30,0.0,0.0
rosetta_fastrelax,THSR,30,0.0,0.0
rosetta_fastrelax,THSR__7UTZ,30,0.0,0.0
rosetta_fastrelax,betaLG,30,0.0,0.0
rosetta_fastrelax,cAbl,30,0.0,0.0
rosetta_fastrelax,p53_Y220C,30,0.0,0.0
rosetta_fastrelax,p53_Y220C__4AGQ,30,0.0,0.0
rosetta_repack,Bcl-xL,30,0.0,0.0
rosetta_repack,CB1,30,0.0,0.0
rosetta_repack,FUT8,30,0.0,0.0
rosetta_repack,GCGR,30,0.0,0.0
rosetta_repack,GLTP,30,0.0,0.0
rosetta_repack,HIF2alpha,30,0.0,0.0
rosetta_repack,HIF2alpha__6D0B,30,0.0,0.0
rosetta_repack,HIV1_CA,30,0.0,0.0
rosetta_repack,HIV_RT,30,0.0,0.0
rosetta_repack,HIV_RT__3V81,30,0.0,0.0
rosetta_repack,KRAS,30,0.0,0.0
rosetta_repack,METTL14,30,0.0,0.0
rosetta_repack,Menin,30,0.0,0.0
rosetta_repack,NDPK-A,30,0.0,0.0
rosetta_repack,SHP2,30,0.0,0.0
rosetta_repack,THSR,30,0.0,0.0
rosetta_repack,THSR__7UTZ,30,0.0,0.0
rosetta_repack,betaLG,30,0.0,0.0
rosetta_repack,cAbl,30,0.0,0.0
rosetta_repack,p53_Y220C,30,0.0,0.0
rosetta_repack,p53_Y220C__4AGQ,30,0.0,0.0
