position,target,apo_pdb,holo_pdb,D_ah,n_mov
1,p53_Y220C__4AGQ,6SHZ,4AGQ,1.1180275303614244,1
2,p53_Y220C,6SHZ,3ZME,1.1600563699903448,1
3,Menin,3U84,7O9Z,1.2468617606125678,3
4,HIV1_CA,3MGE,7RJ4,1.3207135415934947,2
5,betaLG,1BSQ,1GX8,1.3972391993938094,7
6,THSR,7T9I,7XW5,1.616455574028625,5
7,HIF2alpha__6D0B,7W80,6D0B,1.6729991744940291,4
8,SHP2,2SHP,8S0H,1.8482636253491054,6
9,HIF2alpha,7W80,3H7W,1.86542516135414,2
10,CB1,6N4B,9B54,2.023384393567615,6
11,GLTP,1SWX,2EUM,2.1410013181020275,3
12,THSR__7UTZ,7T9I,7UTZ,2.4345552542057787,2
13,Bcl-xL,3FDL,2YXJ,2.505562006849456,7
14,METTL14,5K7M,9RS3,2.571628452131643,6
15,HIV_RT,1HMV,1FK9,3.055562157269878,11
16,HIV_RT__3V81,1HMV,3V81,3.0896312117090363,12
17,FUT8,6TKV,9L62,3.419934534191317,3
18,cAbl,6XR6,2FO0,3.4458517805005147,12
19,NDPK-A,3L7U,2HVD,3.4697602388704447,4
20,KRAS,4OBE,6OIM,3.742426159251105,8
21,GCGR,4L6R,5EE7,5.701045356786475,22
