target,apo_pdb,holo_pdb,apo_release,holo_release,pair_release,n_mov,D
HIV_RT,1HMV,1FK9,1995-03-31,2000-11-03,2000-11-03,11,3.055562157269878
betaLG,1BSQ,1GX8,1998-09-02,2002-06-13,2002-06-13,7,1.3972391993938094
GLTP,1SWX,2EUM,2004-08-31,2006-11-14,2006-11-14,3,2.1410013181020275
Bcl-xL,3FDL,2YXJ,2009-03-10,2007-05-22,2009-03-10,7,2.505562006849456
NDPK-A,3L7U,2HVD,2010-11-10,2006-09-19,2010-11-10,4,3.4697602388704447
HIV_RT__3V81,1HMV,3V81,1995-03-31,2012-01-18,2012-01-18,12,3.0896312117090363
GCGR,4L6R,5EE7,2013-07-24,2016-04-20,2016-04-20,22,5.701045356786475
KRAS,4OBE,6OIM,2014-06-04,2019-11-06,2019-11-06,8,3.742426159251105
p53_Y220C,6SHZ,3ZME,2020-02-19,2013-05-08,2020-02-19,1,1.1600563699903448
p53_Y220C__4AGQ,6SHZ,4AGQ,2020-02-19,2012-03-21,2020-02-19,1,1.1180275303614244
cAbl,6XR6,2FO0,2020-10-07,2006-03-21,2020-10-07,12,3.4458517805005147
HIV1_CA,3MGE,7RJ4,2010-07-21,2022-07-27,2022-07-27,2,1.3207135415934947
Menin,3U84,7O9Z,2012-02-15,2022-07-27,2022-07-27,3,1.2468617606125678
THSR__7UTZ,7T9I,7UTZ,2022-08-03,2022-08-03,2022-08-03,2,2.4345552542057787
THSR,7T9I,7XW5,2022-08-03,2022-08-24,2022-08-24,5,1.616455574028625
HIF2alpha,7W80,3H7W,2022-09-21,2010-01-12,2022-09-21,2,1.86542516135414
HIF2alpha__6D0B,7W80,6D0B,2022-09-21,2018-10-31,2022-09-21,4,1.6729991744940291
SHP2,2SHP,8S0H,1999-02-16,2024-03-20,2024-03-20,6,1.8482636253491054
CB1,6N4B,9B54,2019-01-30,2025-03-05,2025-03-05,6,2.023384393567615
FUT8,6TKV,9L62,2020-01-29,2026-01-07,2026-01-07,3,3.419934534191317
METTL14,5K7M,9RS3,2016-07-06,2026-03-18,2026-03-18,6,2.571628452131643
