method,tier,subset,n_evaluable,n_missing,n_recovered,recovery_fraction
boltz2,1,all,21,0,8,0.38095238095238093
boltz2,1,n_mov_gt_1,19,0,7,0.3684210526315789
boltz2,2,all,21,0,4,0.19047619047619047
boltz2,2,n_mov_gt_1,19,0,3,0.15789473684210525
boltz2,3,all,21,0,3,0.14285714285714285
boltz2,3,n_mov_gt_1,19,0,2,0.10526315789473684
esmfold2,1,all,21,0,14,0.6666666666666666
esmfold2,1,n_mov_gt_1,19,0,13,0.6842105263157895
esmfold2,2,all,21,0,10,0.47619047619047616
esmfold2,2,n_mov_gt_1,19,0,9,0.47368421052631576
esmfold2,3,all,21,0,7,0.3333333333333333
esmfold2,3,n_mov_gt_1,19,0,6,0.3157894736842105
bioemu_refine,1,all,21,0,13,0.6190476190476191
bioemu_refine,1,n_mov_gt_1,19,0,11,0.5789473684210527
bioemu_refine,2,all,21,0,11,0.5238095238095238
bioemu_refine,2,n_mov_gt_1,19,0,9,0.47368421052631576
bioemu_refine,3,all,21,0,5,0.23809523809523808
bioemu_refine,3,n_mov_gt_1,19,0,3,0.15789473684210525
bbflow_refine,1,all,21,0,13,0.6190476190476191
bbflow_refine,1,n_mov_gt_1,19,0,11,0.5789473684210527
bbflow_refine,2,all,21,0,11,0.5238095238095238
bbflow_refine,2,n_mov_gt_1,19,0,9,0.47368421052631576
bbflow_refine,3,all,21,0,4,0.19047619047619047
bbflow_refine,3,n_mov_gt_1,19,0,2,0.10526315789473684
confornet_nomsa,1,all,21,0,7,0.3333333333333333
confornet_nomsa,1,n_mov_gt_1,19,0,6,0.3157894736842105
confornet_nomsa,2,all,21,0,5,0.23809523809523808
confornet_nomsa,2,n_mov_gt_1,19,0,4,0.21052631578947367
confornet_nomsa,3,all,21,0,4,0.19047619047619047
confornet_nomsa,3,n_mov_gt_1,19,0,3,0.15789473684210525
rfd3_fix7,1,all,21,0,12,0.5714285714285714
rfd3_fix7,1,n_mov_gt_1,19,0,10,0.5263157894736842
rfd3_fix7,2,all,21,0,8,0.38095238095238093
rfd3_fix7,2,n_mov_gt_1,19,0,6,0.3157894736842105
rfd3_fix7,3,all,21,0,4,0.19047619047619047
rfd3_fix7,3,n_mov_gt_1,19,0,2,0.10526315789473684
apo2mol,1,all,21,0,2,0.09523809523809523
apo2mol,1,n_mov_gt_1,19,0,1,0.05263157894736842
apo2mol,2,all,21,0,1,0.047619047619047616
apo2mol,2,n_mov_gt_1,19,0,0,0.0
apo2mol,3,all,21,0,0,0.0
apo2mol,3,n_mov_gt_1,19,0,0,0.0
molgen_ns1.0,1,all,21,0,13,0.6190476190476191
molgen_ns1.0,1,n_mov_gt_1,19,0,11,0.5789473684210527
molgen_ns1.0,2,all,21,0,5,0.23809523809523808
molgen_ns1.0,2,n_mov_gt_1,19,0,3,0.15789473684210525
molgen_ns1.0,3,all,21,0,2,0.09523809523809523
molgen_ns1.0,3,n_mov_gt_1,19,0,0,0.0
prody_rfd3,1,all,21,0,6,0.2857142857142857
prody_rfd3,1,n_mov_gt_1,19,0,5,0.2631578947368421
prody_rfd3,2,all,21,0,5,0.23809523809523808
prody_rfd3,2,n_mov_gt_1,19,0,4,0.21052631578947367
prody_rfd3,3,all,21,0,2,0.09523809523809523
prody_rfd3,3,n_mov_gt_1,19,0,1,0.05263157894736842
rosetta_repack,1,all,21,0,5,0.23809523809523808
rosetta_repack,1,n_mov_gt_1,19,0,4,0.21052631578947367
rosetta_repack,2,all,21,0,5,0.23809523809523808
rosetta_repack,2,n_mov_gt_1,19,0,4,0.21052631578947367
rosetta_repack,3,all,21,0,3,0.14285714285714285
rosetta_repack,3,n_mov_gt_1,19,0,2,0.10526315789473684
rosetta_fastrelax,1,all,21,0,8,0.38095238095238093
rosetta_fastrelax,1,n_mov_gt_1,19,0,8,0.42105263157894735
rosetta_fastrelax,2,all,21,0,6,0.2857142857142857
rosetta_fastrelax,2,n_mov_gt_1,19,0,6,0.3157894736842105
rosetta_fastrelax,3,all,21,0,1,0.047619047619047616
rosetta_fastrelax,3,n_mov_gt_1,19,0,1,0.05263157894736842
