method,tier,n_recovered,n_evaluable,n_missing,n_proteins,recovery_fraction,cluster_bootstrap_ci_low,cluster_bootstrap_ci_high
boltz2,1,8,21,0,17,0.38095238095238093,0.19047619047619047,0.5909090909090909
esmfold2,1,14,21,0,17,0.6666666666666666,0.47368421052631576,0.85
bioemu_refine,1,13,21,0,17,0.6190476190476191,0.3684210526315789,0.8461538461538461
bbflow_refine,1,13,21,0,17,0.6190476190476191,0.3684210526315789,0.85
confornet_nomsa,1,7,21,0,17,0.3333333333333333,0.13043478260869565,0.5454545454545454
rfd3_fix7,1,12,21,0,17,0.5714285714285714,0.3157894736842105,0.800192307692291
apo2mol,1,2,21,0,17,0.09523809523809523,0.0,0.22727272727272727
molgen_ns1.0,1,13,21,0,17,0.6190476190476191,0.38095238095238093,0.8181818181818182
prody_rfd3,1,6,21,0,17,0.2857142857142857,0.1,0.48
rosetta_repack,1,5,21,0,17,0.23809523809523808,0.09523809523809523,0.4
rosetta_fastrelax,1,8,21,0,17,0.38095238095238093,0.14285714285714285,0.6251157407407306
boltz2,2,4,21,0,17,0.19047619047619047,0.045454545454545456,0.3684210526315789
esmfold2,2,10,21,0,17,0.47619047619047616,0.2777777777777778,0.6666666666666666
bioemu_refine,2,11,21,0,17,0.5238095238095238,0.2631578947368421,0.76
bbflow_refine,2,11,21,0,17,0.5238095238095238,0.2631578947368421,0.7619047619047619
confornet_nomsa,2,5,21,0,17,0.23809523809523808,0.05,0.45454545454545453
rfd3_fix7,2,8,21,0,17,0.38095238095238093,0.15,0.6086956521739131
apo2mol,2,1,21,0,17,0.047619047619047616,0.0,0.14285714285714285
molgen_ns1.0,2,5,21,0,17,0.23809523809523808,0.05263157894736842,0.43478260869565216
prody_rfd3,2,5,21,0,17,0.23809523809523808,0.09523809523809523,0.4
rosetta_repack,2,5,21,0,17,0.23809523809523808,0.09523809523809523,0.4
rosetta_fastrelax,2,6,21,0,17,0.2857142857142857,0.09090909090909091,0.5
boltz2,3,3,21,0,17,0.14285714285714285,0.0,0.30434782608695654
esmfold2,3,7,21,0,17,0.3333333333333333,0.15789473684210525,0.5
bioemu_refine,3,5,21,0,17,0.23809523809523808,0.05,0.45454545454545453
bbflow_refine,3,4,21,0,17,0.19047619047619047,0.0,0.391304347826087
confornet_nomsa,3,4,21,0,17,0.19047619047619047,0.047619047619047616,0.35
rfd3_fix7,3,4,21,0,17,0.19047619047619047,0.0,0.391304347826087
apo2mol,3,0,21,0,17,0.0,0.0,0.0
molgen_ns1.0,3,2,21,0,17,0.09523809523809523,0.0,0.2857142857142857
prody_rfd3,3,2,21,0,17,0.09523809523809523,0.0,0.21739130434782608
rosetta_repack,3,3,21,0,17,0.14285714285714285,0.0,0.2857142857142857
rosetta_fastrelax,3,1,21,0,17,0.047619047619047616,0.0,0.15789473684210525
