method,target,D,n_saved,n_selected,n_valid,tier1,tier2,tier3,n_tier1,map_rg,sigma_x,sigma_y,holo_pdb,holo_release,holo_deposition,source,cutoff,date_field,basis,earlier_operator,group,holo_after_threshold,threshold_date,interpretation
boltz2,p53_Y220C,1.1600563699903448,30,30,30,0,0,0,0,0.0853862159161297,0.0556254513602154,0.0666934938982896,3ZME,2013-05-08,2013-02-07,https://data.rcsb.org/rest/v1/core/entry/3ZME,2023-06-01,holo_release,PDB release cutoff,lt,Earlier,False,2023-06-01,PDB release cutoff
boltz2,CB1,2.023384393567615,30,30,30,0,0,0,0,0.2105169633786691,0.1299105108862816,0.1702023412236124,9B54,2025-03-05,2024-03-22,https://data.rcsb.org/rest/v1/core/entry/9B54,2023-06-01,holo_release,PDB release cutoff,lt,Later,True,2023-06-01,PDB release cutoff
boltz2,KRAS,3.742426159251105,30,30,30,0,0,0,0,0.4977942486451194,0.4587343903722594,0.2142584189895161,6OIM,2019-11-06,2019-04-09,https://data.rcsb.org/rest/v1/core/entry/6OIM,2023-06-01,holo_release,PDB release cutoff,lt,Earlier,False,2023-06-01,PDB release cutoff
boltz2,cAbl,3.4458517805005147,30,30,30,1,1,0,18,1.1362483715880698,0.8264665188116868,0.8077950099160245,2FO0,2006-03-21,2006-01-12,https://data.rcsb.org/rest/v1/core/entry/2FO0,2023-06-01,holo_release,PDB release cutoff,lt,Earlier,False,2023-06-01,PDB release cutoff
boltz2,HIF2alpha,1.86542516135414,30,30,30,0,0,0,0,2.4604771119352056,2.0121088829884908,1.4879927001776323,3H7W,2010-01-12,2009-04-28,https://data.rcsb.org/rest/v1/core/entry/3H7W,2023-06-01,holo_release,PDB release cutoff,lt,Earlier,False,2023-06-01,PDB release cutoff
boltz2,HIV_RT,3.055562157269878,30,30,30,0,0,0,0,1.2820974942079597,0.479161754003942,1.2127901136198296,1FK9,2000-11-03,2000-08-09,https://data.rcsb.org/rest/v1/core/entry/1FK9,2023-06-01,holo_release,PDB release cutoff,lt,Earlier,False,2023-06-01,PDB release cutoff
boltz2,HIV1_CA,1.3207135415934947,30,30,30,1,1,1,1,2.0519387742729256,0.9447205670903144,1.8609523929347755,7RJ4,2022-07-27,2021-07-20,https://data.rcsb.org/rest/v1/core/entry/7RJ4,2023-06-01,holo_release,PDB release cutoff,lt,Earlier,False,2023-06-01,PDB release cutoff
boltz2,Menin,1.2468617606125678,30,30,30,1,1,1,25,0.120164471313928,0.0811332836234991,0.0914046183376838,7O9Z,2022-07-27,2021-04-18,https://data.rcsb.org/rest/v1/core/entry/7O9Z,2023-06-01,holo_release,PDB release cutoff,lt,Earlier,False,2023-06-01,PDB release cutoff
boltz2,GCGR,5.701045356786475,30,30,30,1,0,0,21,0.60085504841971,0.6044973154923893,0.0897718463769569,5EE7,2016-04-20,2015-10-22,https://data.rcsb.org/rest/v1/core/entry/5EE7,2023-06-01,holo_release,PDB release cutoff,lt,Earlier,False,2023-06-01,PDB release cutoff
boltz2,THSR,1.616455574028625,30,30,30,0,0,0,0,2.516867911141196,1.369041466670892,2.1630498972156955,7XW5,2022-08-24,2022-05-26,https://data.rcsb.org/rest/v1/core/entry/7XW5,2023-06-01,holo_release,PDB release cutoff,lt,Earlier,False,2023-06-01,PDB release cutoff
boltz2,p53_Y220C__4AGQ,1.1180275303614244,30,30,30,1,1,1,30,0.1072474158261923,0.0271939244549737,0.1056367343616572,4AGQ,2012-03-21,2012-01-30,https://data.rcsb.org/rest/v1/core/entry/4AGQ,2023-06-01,holo_release,PDB release cutoff,lt,Earlier,False,2023-06-01,PDB release cutoff
boltz2,HIF2alpha__6D0B,1.6729991744940291,30,30,30,0,0,0,0,1.4231824228976822,0.8006759296928083,1.205906010491606,6D0B,2018-10-31,2018-04-10,https://data.rcsb.org/rest/v1/core/entry/6D0B,2023-06-01,holo_release,PDB release cutoff,lt,Earlier,False,2023-06-01,PDB release cutoff
boltz2,HIV_RT__3V81,3.0896312117090363,30,30,30,1,0,0,1,1.4592159196812446,0.6859470145586894,1.3161353707607428,3V81,2012-01-18,2011-12-22,https://data.rcsb.org/rest/v1/core/entry/3V81,2023-06-01,holo_release,PDB release cutoff,lt,Earlier,False,2023-06-01,PDB release cutoff
boltz2,THSR__7UTZ,2.4345552542057787,30,30,30,0,0,0,0,3.2324689696390543,1.6539311103134895,2.841420927793355,7UTZ,2022-08-03,2022-04-28,https://data.rcsb.org/rest/v1/core/entry/7UTZ,2023-06-01,holo_release,PDB release cutoff,lt,Earlier,False,2023-06-01,PDB release cutoff
boltz2,Bcl-xL,2.505562006849456,30,30,30,0,0,0,0,1.0458799994496877,0.6557501981836457,0.8376014163473913,2YXJ,2007-05-22,2007-04-26,https://data.rcsb.org/rest/v1/core/entry/2YXJ,2023-06-01,holo_release,PDB release cutoff,lt,Earlier,False,2023-06-01,PDB release cutoff
boltz2,betaLG,1.3972391993938094,30,30,30,0,0,0,0,0.2063806182508436,0.0838741248211991,0.1924235264190617,1GX8,2002-06-13,2002-03-29,https://data.rcsb.org/rest/v1/core/entry/1GX8,2023-06-01,holo_release,PDB release cutoff,lt,Earlier,False,2023-06-01,PDB release cutoff
boltz2,NDPK-A,3.4697602388704447,30,30,30,0,0,0,0,2.8953388364656627,1.8516241070146024,2.289878525326097,2HVD,2006-09-19,2006-07-28,https://data.rcsb.org/rest/v1/core/entry/2HVD,2023-06-01,holo_release,PDB release cutoff,lt,Earlier,False,2023-06-01,PDB release cutoff
boltz2,GLTP,2.1410013181020275,30,30,30,1,0,0,5,0.4402511403010444,0.2749771841558422,0.3534007636990506,2EUM,2006-11-14,2005-10-28,https://data.rcsb.org/rest/v1/core/entry/2EUM,2023-06-01,holo_release,PDB release cutoff,lt,Earlier,False,2023-06-01,PDB release cutoff
boltz2,SHP2,1.8482636253491047,30,30,30,1,0,0,1,5.778291111067722,1.768288622417239,5.604742296251699,8S0H,2024-03-20,2024-02-14,https://data.rcsb.org/rest/v1/core/entry/8S0H,2023-06-01,holo_release,PDB release cutoff,lt,Later,True,2023-06-01,PDB release cutoff
boltz2,METTL14,2.571628452131643,30,30,30,0,0,0,0,1.494379069738701,1.0092152583242868,1.1365118509143033,9RS3,2026-03-18,2025-06-30,https://data.rcsb.org/rest/v1/core/entry/9RS3,2023-06-01,holo_release,PDB release cutoff,lt,Later,True,2023-06-01,PDB release cutoff
boltz2,FUT8,3.419934534191317,30,30,30,0,0,0,0,0.1235160390384964,0.076858477605543,0.0993733495074162,9L62,2026-01-07,2024-12-23,https://data.rcsb.org/rest/v1/core/entry/9L62,2023-06-01,holo_release,PDB release cutoff,lt,Later,True,2023-06-01,PDB release cutoff
esmfold2,p53_Y220C,1.1600563699903448,30,30,30,0,0,0,0,0.0366937267941925,0.0265880969636136,0.0261902900387859,3ZME,2013-05-08,2013-02-07,https://data.rcsb.org/rest/v1/core/entry/3ZME,2021-09-30,holo_release,2021 checkpoint; September end boundary,le,Earlier,False,2021-09-30,2021 checkpoint; September end boundary
esmfold2,CB1,2.023384393567615,30,30,30,0,0,0,0,0.3711550125292498,0.2102306564235422,0.3135431753616264,9B54,2025-03-05,2024-03-22,https://data.rcsb.org/rest/v1/core/entry/9B54,2021-09-30,holo_release,2021 checkpoint; September end boundary,le,Later,True,2021-09-30,2021 checkpoint; September end boundary
esmfold2,KRAS,3.742426159251105,30,30,30,1,0,0,9,0.9564456718596122,0.786415009775561,0.5726117188438207,6OIM,2019-11-06,2019-04-09,https://data.rcsb.org/rest/v1/core/entry/6OIM,2021-09-30,holo_release,2021 checkpoint; September end boundary,le,Earlier,False,2021-09-30,2021 checkpoint; September end boundary
esmfold2,cAbl,3.4458517805005147,30,30,30,1,0,0,1,0.9260531820357027,0.5025895534391741,0.796586323681029,2FO0,2006-03-21,2006-01-12,https://data.rcsb.org/rest/v1/core/entry/2FO0,2021-09-30,holo_release,2021 checkpoint; September end boundary,le,Earlier,False,2021-09-30,2021 checkpoint; September end boundary
esmfold2,HIF2alpha,1.86542516135414,30,30,30,1,1,0,30,0.0314123478312186,0.024324463307424,0.0207142812200629,3H7W,2010-01-12,2009-04-28,https://data.rcsb.org/rest/v1/core/entry/3H7W,2021-09-30,holo_release,2021 checkpoint; September end boundary,le,Earlier,False,2021-09-30,2021 checkpoint; September end boundary
esmfold2,HIV_RT,3.055562157269878,30,30,30,0,0,0,0,0.5983274379496145,0.3024945191688389,0.5280506310759666,1FK9,2000-11-03,2000-08-09,https://data.rcsb.org/rest/v1/core/entry/1FK9,2021-09-30,holo_release,2021 checkpoint; September end boundary,le,Earlier,False,2021-09-30,2021 checkpoint; September end boundary
esmfold2,HIV1_CA,1.3207135415934947,30,30,30,1,1,0,5,0.242698306488693,0.204028489420113,0.1389458997692422,7RJ4,2022-07-27,2021-07-20,https://data.rcsb.org/rest/v1/core/entry/7RJ4,2021-09-30,holo_release,2021 checkpoint; September end boundary,le,Later,True,2021-09-30,2021 checkpoint; September end boundary
esmfold2,Menin,1.2468617606125678,30,30,30,1,1,1,30,0.1963064756689062,0.1428419650146139,0.1395035519976113,7O9Z,2022-07-27,2021-04-18,https://data.rcsb.org/rest/v1/core/entry/7O9Z,2021-09-30,holo_release,2021 checkpoint; September end boundary,le,Later,True,2021-09-30,2021 checkpoint; September end boundary
esmfold2,GCGR,5.701045356786475,30,30,30,0,0,0,0,0.2312856557294952,0.1074595427458289,0.2092608164632851,5EE7,2016-04-20,2015-10-22,https://data.rcsb.org/rest/v1/core/entry/5EE7,2021-09-30,holo_release,2021 checkpoint; September end boundary,le,Earlier,False,2021-09-30,2021 checkpoint; September end boundary
esmfold2,THSR,1.616455574028625,30,30,30,1,1,0,19,0.5929503599885851,0.0848009235711322,0.5970952439418341,7XW5,2022-08-24,2022-05-26,https://data.rcsb.org/rest/v1/core/entry/7XW5,2021-09-30,holo_release,2021 checkpoint; September end boundary,le,Later,True,2021-09-30,2021 checkpoint; September end boundary
esmfold2,p53_Y220C__4AGQ,1.1180275303614244,30,30,30,1,1,1,30,0.0336662143442041,0.0069771895032826,0.0335233658196787,4AGQ,2012-03-21,2012-01-30,https://data.rcsb.org/rest/v1/core/entry/4AGQ,2021-09-30,holo_release,2021 checkpoint; September end boundary,le,Earlier,False,2021-09-30,2021 checkpoint; September end boundary
esmfold2,HIF2alpha__6D0B,1.6729991744940291,30,30,30,1,1,1,29,0.3348848639148444,0.2946888496500629,0.1708025818713514,6D0B,2018-10-31,2018-04-10,https://data.rcsb.org/rest/v1/core/entry/6D0B,2021-09-30,holo_release,2021 checkpoint; September end boundary,le,Earlier,False,2021-09-30,2021 checkpoint; September end boundary
esmfold2,HIV_RT__3V81,3.0896312117090363,30,30,30,1,1,1,15,2.458336693814432,0.7073576316241755,2.3982198085472373,3V81,2012-01-18,2011-12-22,https://data.rcsb.org/rest/v1/core/entry/3V81,2021-09-30,holo_release,2021 checkpoint; September end boundary,le,Earlier,False,2021-09-30,2021 checkpoint; September end boundary
esmfold2,THSR__7UTZ,2.4345552542057787,30,30,30,1,0,0,4,2.091200702974436,1.4621796893142,1.5446514787371062,7UTZ,2022-08-03,2022-04-28,https://data.rcsb.org/rest/v1/core/entry/7UTZ,2021-09-30,holo_release,2021 checkpoint; September end boundary,le,Later,True,2021-09-30,2021 checkpoint; September end boundary
esmfold2,Bcl-xL,2.505562006849456,30,30,30,1,0,0,25,0.32025391306071,0.2430315261704642,0.2168752784954028,2YXJ,2007-05-22,2007-04-26,https://data.rcsb.org/rest/v1/core/entry/2YXJ,2021-09-30,holo_release,2021 checkpoint; September end boundary,le,Earlier,False,2021-09-30,2021 checkpoint; September end boundary
esmfold2,betaLG,1.3972391993938094,30,30,30,0,0,0,0,0.0358327690063215,0.0307483169418184,0.0195653715844855,1GX8,2002-06-13,2002-03-29,https://data.rcsb.org/rest/v1/core/entry/1GX8,2021-09-30,holo_release,2021 checkpoint; September end boundary,le,Earlier,False,2021-09-30,2021 checkpoint; September end boundary
esmfold2,NDPK-A,3.4697602388704447,30,30,30,1,1,1,30,0.2345585540382486,0.1280852989751922,0.2012685620124354,2HVD,2006-09-19,2006-07-28,https://data.rcsb.org/rest/v1/core/entry/2HVD,2021-09-30,holo_release,2021 checkpoint; September end boundary,le,Earlier,False,2021-09-30,2021 checkpoint; September end boundary
esmfold2,GLTP,2.1410013181020275,30,30,30,1,1,1,30,0.315195001029925,0.1490219295121317,0.2838417560250167,2EUM,2006-11-14,2005-10-28,https://data.rcsb.org/rest/v1/core/entry/2EUM,2021-09-30,holo_release,2021 checkpoint; September end boundary,le,Earlier,False,2021-09-30,2021 checkpoint; September end boundary
esmfold2,SHP2,1.8482636253491047,30,30,30,1,1,1,29,0.2100201150194921,0.1599152999348569,0.1416210667578875,8S0H,2024-03-20,2024-02-14,https://data.rcsb.org/rest/v1/core/entry/8S0H,2021-09-30,holo_release,2021 checkpoint; September end boundary,le,Later,True,2021-09-30,2021 checkpoint; September end boundary
esmfold2,METTL14,2.571628452131643,30,30,30,0,0,0,0,1.7213436355127718,0.4600840947256785,1.6892364475197266,9RS3,2026-03-18,2025-06-30,https://data.rcsb.org/rest/v1/core/entry/9RS3,2021-09-30,holo_release,2021 checkpoint; September end boundary,le,Later,True,2021-09-30,2021 checkpoint; September end boundary
esmfold2,FUT8,3.419934534191317,30,30,30,0,0,0,0,0.1067184493342876,0.0536448212098648,0.0943598366512989,9L62,2026-01-07,2024-12-23,https://data.rcsb.org/rest/v1/core/entry/9L62,2021-09-30,holo_release,2021 checkpoint; September end boundary,le,Later,True,2021-09-30,2021 checkpoint; September end boundary
bioemu_refine,p53_Y220C,1.1600563699903448,27,27,27,1,1,1,9,0.6131758006776621,0.5327238299268295,0.326574383988904,3ZME,2013-05-08,2013-02-07,https://data.rcsb.org/rest/v1/core/entry/3ZME,2023-11-23,holo_release,Documented PDB snapshot; not full training cutoff,le,Earlier,False,2023-11-23,Documented PDB snapshot; not full training cutoff
bioemu_refine,CB1,2.023384393567615,30,30,30,1,0,0,1,0.4825911234414869,0.4269789045713706,0.2421033698590004,9B54,2025-03-05,2024-03-22,https://data.rcsb.org/rest/v1/core/entry/9B54,2023-11-23,holo_release,Documented PDB snapshot; not full training cutoff,le,Later,True,2023-11-23,Documented PDB snapshot; not full training cutoff
bioemu_refine,KRAS,3.742426159251105,30,30,30,1,0,0,2,1.2228399757378048,0.8025885279689806,0.9501329521536483,6OIM,2019-11-06,2019-04-09,https://data.rcsb.org/rest/v1/core/entry/6OIM,2023-11-23,holo_release,Documented PDB snapshot; not full training cutoff,le,Earlier,False,2023-11-23,Documented PDB snapshot; not full training cutoff
bioemu_refine,cAbl,3.4458517805005147,19,19,19,0,0,0,0,0.716423168844075,0.3331823227023173,0.6563278608783,2FO0,2006-03-21,2006-01-12,https://data.rcsb.org/rest/v1/core/entry/2FO0,2023-11-23,holo_release,Documented PDB snapshot; not full training cutoff,le,Earlier,False,2023-11-23,Documented PDB snapshot; not full training cutoff
bioemu_refine,HIF2alpha,1.86542516135414,29,29,29,1,1,1,17,0.829853464033807,0.2575111713884676,0.8043255889781704,3H7W,2010-01-12,2009-04-28,https://data.rcsb.org/rest/v1/core/entry/3H7W,2023-11-23,holo_release,Documented PDB snapshot; not full training cutoff,le,Earlier,False,2023-11-23,Documented PDB snapshot; not full training cutoff
bioemu_refine,HIV_RT,3.055562157269878,26,26,26,0,0,0,0,2.530035377121537,0.3041180770302198,2.5621542430324955,1FK9,2000-11-03,2000-08-09,https://data.rcsb.org/rest/v1/core/entry/1FK9,2023-11-23,holo_release,Documented PDB snapshot; not full training cutoff,le,Earlier,False,2023-11-23,Documented PDB snapshot; not full training cutoff
bioemu_refine,HIV1_CA,1.3207135415934947,28,28,28,1,1,1,7,0.721116016319807,0.4659838213049525,0.5675622910965115,7RJ4,2022-07-27,2021-07-20,https://data.rcsb.org/rest/v1/core/entry/7RJ4,2023-11-23,holo_release,Documented PDB snapshot; not full training cutoff,le,Earlier,False,2023-11-23,Documented PDB snapshot; not full training cutoff
bioemu_refine,Menin,1.2468617606125678,22,22,22,1,1,0,1,1.0011265800592744,0.4463402008786609,0.9223672022443498,7O9Z,2022-07-27,2021-04-18,https://data.rcsb.org/rest/v1/core/entry/7O9Z,2023-11-23,holo_release,Documented PDB snapshot; not full training cutoff,le,Earlier,False,2023-11-23,Documented PDB snapshot; not full training cutoff
bioemu_refine,GCGR,5.701045356786475,24,24,24,0,0,0,0,0.3382601761175396,0.2399525952569829,0.2486312109729152,5EE7,2016-04-20,2015-10-22,https://data.rcsb.org/rest/v1/core/entry/5EE7,2023-11-23,holo_release,Documented PDB snapshot; not full training cutoff,le,Earlier,False,2023-11-23,Documented PDB snapshot; not full training cutoff
bioemu_refine,THSR,1.616455574028625,22,22,22,1,1,0,4,1.3128427516754833,0.7540944730429382,1.1121923016756623,7XW5,2022-08-24,2022-05-26,https://data.rcsb.org/rest/v1/core/entry/7XW5,2023-11-23,holo_release,Documented PDB snapshot; not full training cutoff,le,Earlier,False,2023-11-23,Documented PDB snapshot; not full training cutoff
bioemu_refine,p53_Y220C__4AGQ,1.1180275303614244,27,27,27,1,1,1,10,0.7048865021719279,0.4714177479728455,0.5419783016091713,4AGQ,2012-03-21,2012-01-30,https://data.rcsb.org/rest/v1/core/entry/4AGQ,2023-11-23,holo_release,Documented PDB snapshot; not full training cutoff,le,Earlier,False,2023-11-23,Documented PDB snapshot; not full training cutoff
bioemu_refine,HIF2alpha__6D0B,1.6729991744940291,29,29,29,1,1,0,12,1.3912537010482142,0.4227501845318556,1.3512946548868574,6D0B,2018-10-31,2018-04-10,https://data.rcsb.org/rest/v1/core/entry/6D0B,2023-11-23,holo_release,Documented PDB snapshot; not full training cutoff,le,Earlier,False,2023-11-23,Documented PDB snapshot; not full training cutoff
bioemu_refine,HIV_RT__3V81,3.0896312117090363,26,26,26,0,0,0,0,0.2930662989411179,0.2238596894937681,0.1980156792221268,3V81,2012-01-18,2011-12-22,https://data.rcsb.org/rest/v1/core/entry/3V81,2023-11-23,holo_release,Documented PDB snapshot; not full training cutoff,le,Earlier,False,2023-11-23,Documented PDB snapshot; not full training cutoff
bioemu_refine,THSR__7UTZ,2.4345552542057787,22,22,22,1,1,0,8,3.749656061843375,1.4554795399632368,3.551199785788898,7UTZ,2022-08-03,2022-04-28,https://data.rcsb.org/rest/v1/core/entry/7UTZ,2023-11-23,holo_release,Documented PDB snapshot; not full training cutoff,le,Earlier,False,2023-11-23,Documented PDB snapshot; not full training cutoff
bioemu_refine,Bcl-xL,2.505562006849456,24,24,24,1,1,0,8,1.5240689447457532,0.6998907019917449,1.390658065703287,2YXJ,2007-05-22,2007-04-26,https://data.rcsb.org/rest/v1/core/entry/2YXJ,2023-11-23,holo_release,Documented PDB snapshot; not full training cutoff,le,Earlier,False,2023-11-23,Documented PDB snapshot; not full training cutoff
bioemu_refine,betaLG,1.3972391993938094,29,29,29,0,0,0,0,0.5009622499983305,0.2255086181316838,0.457243927942647,1GX8,2002-06-13,2002-03-29,https://data.rcsb.org/rest/v1/core/entry/1GX8,2023-11-23,holo_release,Documented PDB snapshot; not full training cutoff,le,Earlier,False,2023-11-23,Documented PDB snapshot; not full training cutoff
bioemu_refine,NDPK-A,3.4697602388704447,25,25,25,1,1,0,4,2.0106399625678963,1.3313963670312363,1.5615701981421932,2HVD,2006-09-19,2006-07-28,https://data.rcsb.org/rest/v1/core/entry/2HVD,2023-11-23,holo_release,Documented PDB snapshot; not full training cutoff,le,Earlier,False,2023-11-23,Documented PDB snapshot; not full training cutoff
bioemu_refine,GLTP,2.1410013181020275,30,30,30,1,1,1,12,0.825329321832324,0.5755362948913538,0.6110769438798718,2EUM,2006-11-14,2005-10-28,https://data.rcsb.org/rest/v1/core/entry/2EUM,2023-11-23,holo_release,Documented PDB snapshot; not full training cutoff,le,Earlier,False,2023-11-23,Documented PDB snapshot; not full training cutoff
bioemu_refine,SHP2,1.8482636253491047,22,22,22,0,0,0,0,3.531845790290888,1.355512389511145,3.351196463668701,8S0H,2024-03-20,2024-02-14,https://data.rcsb.org/rest/v1/core/entry/8S0H,2023-11-23,holo_release,Documented PDB snapshot; not full training cutoff,le,Later,True,2023-11-23,Documented PDB snapshot; not full training cutoff
bioemu_refine,METTL14,2.571628452131643,7,7,7,0,0,0,0,2.8968818167720505,1.1252210587310016,2.919667082515329,9RS3,2026-03-18,2025-06-30,https://data.rcsb.org/rest/v1/core/entry/9RS3,2023-11-23,holo_release,Documented PDB snapshot; not full training cutoff,le,Later,True,2023-11-23,Documented PDB snapshot; not full training cutoff
bioemu_refine,FUT8,3.419934534191317,26,26,26,0,0,0,0,0.4636245995830979,0.2957448503477587,0.3688911270346755,9L62,2026-01-07,2024-12-23,https://data.rcsb.org/rest/v1/core/entry/9L62,2023-11-23,holo_release,Documented PDB snapshot; not full training cutoff,le,Later,True,2023-11-23,Documented PDB snapshot; not full training cutoff
rfd3_fix7,p53_Y220C,1.1600563699903448,30,30,30,1,1,1,1,0.2027454696179417,0.1723854017211948,0.1131655315573756,3ZME,2013-05-08,2013-02-07,https://data.rcsb.org/rest/v1/core/entry/3ZME,2024-12-16,holo_deposition,Public training configuration deposition cutoff,lt,Earlier,False,2024-12-16,Public training configuration deposition cutoff
rfd3_fix7,CB1,2.023384393567615,30,30,30,1,0,0,2,0.2810664333602308,0.2283991208009333,0.171919348147732,9B54,2025-03-05,2024-03-22,https://data.rcsb.org/rest/v1/core/entry/9B54,2024-12-16,holo_deposition,Public training configuration deposition cutoff,lt,Earlier,False,2024-12-16,Public training configuration deposition cutoff
rfd3_fix7,KRAS,3.742426159251105,30,30,30,0,0,0,0,0.4394361655668681,0.2994955949496273,0.3317609015338821,6OIM,2019-11-06,2019-04-09,https://data.rcsb.org/rest/v1/core/entry/6OIM,2024-12-16,holo_deposition,Public training configuration deposition cutoff,lt,Earlier,False,2024-12-16,Public training configuration deposition cutoff
rfd3_fix7,cAbl,3.4458517805005147,30,30,30,1,0,0,2,0.6652634993220469,0.5129419304363263,0.441279191079511,2FO0,2006-03-21,2006-01-12,https://data.rcsb.org/rest/v1/core/entry/2FO0,2024-12-16,holo_deposition,Public training configuration deposition cutoff,lt,Earlier,False,2024-12-16,Public training configuration deposition cutoff
rfd3_fix7,HIF2alpha,1.86542516135414,30,30,30,1,1,0,8,0.6654491393003816,0.1611561904236533,0.6573590971671651,3H7W,2010-01-12,2009-04-28,https://data.rcsb.org/rest/v1/core/entry/3H7W,2024-12-16,holo_deposition,Public training configuration deposition cutoff,lt,Earlier,False,2024-12-16,Public training configuration deposition cutoff
rfd3_fix7,HIV_RT,3.055562157269878,30,30,30,0,0,0,0,0.1774175656934491,0.1064952479148157,0.1456748719809094,1FK9,2000-11-03,2000-08-09,https://data.rcsb.org/rest/v1/core/entry/1FK9,2024-12-16,holo_deposition,Public training configuration deposition cutoff,lt,Earlier,False,2024-12-16,Public training configuration deposition cutoff
rfd3_fix7,HIV1_CA,1.3207135415934947,30,30,30,1,1,0,9,0.6009564728234488,0.4729812681055809,0.3871573389270818,7RJ4,2022-07-27,2021-07-20,https://data.rcsb.org/rest/v1/core/entry/7RJ4,2024-12-16,holo_deposition,Public training configuration deposition cutoff,lt,Earlier,False,2024-12-16,Public training configuration deposition cutoff
rfd3_fix7,Menin,1.2468617606125678,30,30,30,1,1,1,8,0.192733317076108,0.1197662544888414,0.1551872317024354,7O9Z,2022-07-27,2021-04-18,https://data.rcsb.org/rest/v1/core/entry/7O9Z,2024-12-16,holo_deposition,Public training configuration deposition cutoff,lt,Earlier,False,2024-12-16,Public training configuration deposition cutoff
rfd3_fix7,GCGR,5.701045356786475,30,30,30,0,0,0,0,0.255493293728293,0.1803684782201806,0.1870693992627727,5EE7,2016-04-20,2015-10-22,https://data.rcsb.org/rest/v1/core/entry/5EE7,2024-12-16,holo_deposition,Public training configuration deposition cutoff,lt,Earlier,False,2024-12-16,Public training configuration deposition cutoff
rfd3_fix7,THSR,1.616455574028625,30,30,30,1,1,0,7,1.0074233216933024,0.2225277633551649,1.000189859809304,7XW5,2022-08-24,2022-05-26,https://data.rcsb.org/rest/v1/core/entry/7XW5,2024-12-16,holo_deposition,Public training configuration deposition cutoff,lt,Earlier,False,2024-12-16,Public training configuration deposition cutoff
rfd3_fix7,p53_Y220C__4AGQ,1.1180275303614244,30,30,30,1,1,1,30,0.0929850063319206,0.0245597060877599,0.091330046864149,4AGQ,2012-03-21,2012-01-30,https://data.rcsb.org/rest/v1/core/entry/4AGQ,2024-12-16,holo_deposition,Public training configuration deposition cutoff,lt,Earlier,False,2024-12-16,Public training configuration deposition cutoff
rfd3_fix7,HIF2alpha__6D0B,1.6729991744940291,30,30,30,1,1,1,3,0.5667726845277953,0.28667256160158,0.5001270427609703,6D0B,2018-10-31,2018-04-10,https://data.rcsb.org/rest/v1/core/entry/6D0B,2024-12-16,holo_deposition,Public training configuration deposition cutoff,lt,Earlier,False,2024-12-16,Public training configuration deposition cutoff
rfd3_fix7,HIV_RT__3V81,3.0896312117090363,30,30,30,0,0,0,0,0.1737370774475906,0.1287697275664745,0.1210114732394847,3V81,2012-01-18,2011-12-22,https://data.rcsb.org/rest/v1/core/entry/3V81,2024-12-16,holo_deposition,Public training configuration deposition cutoff,lt,Earlier,False,2024-12-16,Public training configuration deposition cutoff
rfd3_fix7,THSR__7UTZ,2.4345552542057787,30,30,30,1,0,0,3,0.5232562310305705,0.3320655870449826,0.4158975931015906,7UTZ,2022-08-03,2022-04-28,https://data.rcsb.org/rest/v1/core/entry/7UTZ,2024-12-16,holo_deposition,Public training configuration deposition cutoff,lt,Earlier,False,2024-12-16,Public training configuration deposition cutoff
rfd3_fix7,Bcl-xL,2.505562006849456,30,30,30,0,0,0,0,0.3330218828471447,0.1653336120898081,0.2956224490063291,2YXJ,2007-05-22,2007-04-26,https://data.rcsb.org/rest/v1/core/entry/2YXJ,2024-12-16,holo_deposition,Public training configuration deposition cutoff,lt,Earlier,False,2024-12-16,Public training configuration deposition cutoff
rfd3_fix7,betaLG,1.3972391993938094,30,30,30,0,0,0,0,0.1914529739746422,0.0773312823326152,0.1787122082280912,1GX8,2002-06-13,2002-03-29,https://data.rcsb.org/rest/v1/core/entry/1GX8,2024-12-16,holo_deposition,Public training configuration deposition cutoff,lt,Earlier,False,2024-12-16,Public training configuration deposition cutoff
rfd3_fix7,NDPK-A,3.4697602388704447,30,30,30,1,0,0,27,0.3483185790352889,0.264336011910941,0.2358727510857783,2HVD,2006-09-19,2006-07-28,https://data.rcsb.org/rest/v1/core/entry/2HVD,2024-12-16,holo_deposition,Public training configuration deposition cutoff,lt,Earlier,False,2024-12-16,Public training configuration deposition cutoff
rfd3_fix7,GLTP,2.1410013181020275,30,30,30,0,0,0,0,0.1372579298156479,0.0132799870645953,0.1389713187082365,2EUM,2006-11-14,2005-10-28,https://data.rcsb.org/rest/v1/core/entry/2EUM,2024-12-16,holo_deposition,Public training configuration deposition cutoff,lt,Earlier,False,2024-12-16,Public training configuration deposition cutoff
rfd3_fix7,SHP2,1.8482636253491047,30,30,30,1,1,0,13,0.4357444527490056,0.2811695712808835,0.3425846654192372,8S0H,2024-03-20,2024-02-14,https://data.rcsb.org/rest/v1/core/entry/8S0H,2024-12-16,holo_deposition,Public training configuration deposition cutoff,lt,Earlier,False,2024-12-16,Public training configuration deposition cutoff
rfd3_fix7,METTL14,2.571628452131643,30,30,30,0,0,0,0,0.3312112838568428,0.084569057588043,0.3260855397128278,9RS3,2026-03-18,2025-06-30,https://data.rcsb.org/rest/v1/core/entry/9RS3,2024-12-16,holo_deposition,Public training configuration deposition cutoff,lt,Later,True,2024-12-16,Public training configuration deposition cutoff
rfd3_fix7,FUT8,3.419934534191317,30,30,30,0,0,0,0,0.3937125008728718,0.2218140986850262,0.3333964536258786,9L62,2026-01-07,2024-12-23,https://data.rcsb.org/rest/v1/core/entry/9L62,2024-12-16,holo_deposition,Public training configuration deposition cutoff,lt,Later,True,2024-12-16,Public training configuration deposition cutoff
bbflow_refine,Bcl-xL,2.505562006849456,30,30,30,1,1,0,16,0.6634526081173526,0.3765443930585209,0.5599660143061959,2YXJ,2007-05-22,2007-04-26,https://data.rcsb.org/rest/v1/core/entry/2YXJ,2019-12-04,holo_release,Latest PDB release in public ATLAS training list,le,Earlier,False,2019-12-04,Latest PDB release in public ATLAS training list
bbflow_refine,CB1,2.023384393567615,30,30,30,1,0,0,4,0.7891778012327968,0.544771691894392,0.5894924282618664,9B54,2025-03-05,2024-03-22,https://data.rcsb.org/rest/v1/core/entry/9B54,2019-12-04,holo_release,Latest PDB release in public ATLAS training list,le,Later,True,2019-12-04,Latest PDB release in public ATLAS training list
bbflow_refine,FUT8,3.419934534191317,30,30,30,0,0,0,0,0.3366781367232648,0.2064901069718466,0.2731715558211944,9L62,2026-01-07,2024-12-23,https://data.rcsb.org/rest/v1/core/entry/9L62,2019-12-04,holo_release,Latest PDB release in public ATLAS training list,le,Later,True,2019-12-04,Latest PDB release in public ATLAS training list
bbflow_refine,GCGR,5.701045356786475,30,30,30,0,0,0,0,0.6703955567431046,0.5533442595943001,0.3984192842529324,5EE7,2016-04-20,2015-10-22,https://data.rcsb.org/rest/v1/core/entry/5EE7,2019-12-04,holo_release,Latest PDB release in public ATLAS training list,le,Earlier,False,2019-12-04,Latest PDB release in public ATLAS training list
bbflow_refine,GLTP,2.1410013181020275,30,30,30,0,0,0,0,0.3177697835449146,0.2380822178665411,0.2185783161597859,2EUM,2006-11-14,2005-10-28,https://data.rcsb.org/rest/v1/core/entry/2EUM,2019-12-04,holo_release,Latest PDB release in public ATLAS training list,le,Earlier,False,2019-12-04,Latest PDB release in public ATLAS training list
bbflow_refine,HIF2alpha,1.86542516135414,30,30,30,1,1,0,6,0.6603213259905413,0.1998449501144714,0.64118762352361,3H7W,2010-01-12,2009-04-28,https://data.rcsb.org/rest/v1/core/entry/3H7W,2019-12-04,holo_release,Latest PDB release in public ATLAS training list,le,Earlier,False,2019-12-04,Latest PDB release in public ATLAS training list
bbflow_refine,HIF2alpha__6D0B,1.6729991744940291,30,30,30,1,1,1,5,0.5285393543689486,0.3357371827186901,0.4198419757548251,6D0B,2018-10-31,2018-04-10,https://data.rcsb.org/rest/v1/core/entry/6D0B,2019-12-04,holo_release,Latest PDB release in public ATLAS training list,le,Earlier,False,2019-12-04,Latest PDB release in public ATLAS training list
bbflow_refine,HIV1_CA,1.3207135415934947,30,30,30,1,1,0,1,0.6990665691405745,0.4547803351431316,0.546553231118785,7RJ4,2022-07-27,2021-07-20,https://data.rcsb.org/rest/v1/core/entry/7RJ4,2019-12-04,holo_release,Latest PDB release in public ATLAS training list,le,Later,True,2019-12-04,Latest PDB release in public ATLAS training list
bbflow_refine,HIV_RT,3.055562157269878,30,30,30,0,0,0,0,0.3126333041580279,0.2202033255008161,0.2293913876999269,1FK9,2000-11-03,2000-08-09,https://data.rcsb.org/rest/v1/core/entry/1FK9,2019-12-04,holo_release,Latest PDB release in public ATLAS training list,le,Earlier,False,2019-12-04,Latest PDB release in public ATLAS training list
bbflow_refine,HIV_RT__3V81,3.0896312117090363,30,30,30,0,0,0,0,0.3237848012372413,0.255862799374163,0.2073303655890415,3V81,2012-01-18,2011-12-22,https://data.rcsb.org/rest/v1/core/entry/3V81,2019-12-04,holo_release,Latest PDB release in public ATLAS training list,le,Earlier,False,2019-12-04,Latest PDB release in public ATLAS training list
bbflow_refine,KRAS,3.742426159251105,30,30,30,1,0,0,1,0.4343240827088684,0.3659680159675208,0.2474056554424331,6OIM,2019-11-06,2019-04-09,https://data.rcsb.org/rest/v1/core/entry/6OIM,2019-12-04,holo_release,Latest PDB release in public ATLAS training list,le,Earlier,False,2019-12-04,Latest PDB release in public ATLAS training list
bbflow_refine,METTL14,2.571628452131643,30,30,30,0,0,0,0,0.1593311200548956,0.109790182034144,0.1191969590674369,9RS3,2026-03-18,2025-06-30,https://data.rcsb.org/rest/v1/core/entry/9RS3,2019-12-04,holo_release,Latest PDB release in public ATLAS training list,le,Later,True,2019-12-04,Latest PDB release in public ATLAS training list
bbflow_refine,Menin,1.2468617606125678,30,30,30,1,1,1,8,0.4716689806621065,0.3376871145338568,0.3407498722250908,7O9Z,2022-07-27,2021-04-18,https://data.rcsb.org/rest/v1/core/entry/7O9Z,2019-12-04,holo_release,Latest PDB release in public ATLAS training list,le,Later,True,2019-12-04,Latest PDB release in public ATLAS training list
bbflow_refine,NDPK-A,3.4697602388704447,30,30,30,1,1,0,5,1.977796889175058,1.173133120215918,1.6341128335481652,2HVD,2006-09-19,2006-07-28,https://data.rcsb.org/rest/v1/core/entry/2HVD,2019-12-04,holo_release,Latest PDB release in public ATLAS training list,le,Earlier,False,2019-12-04,Latest PDB release in public ATLAS training list
bbflow_refine,SHP2,1.8482636253491047,30,30,30,1,1,0,4,0.5444210145335378,0.415293467499027,0.3662595636834525,8S0H,2024-03-20,2024-02-14,https://data.rcsb.org/rest/v1/core/entry/8S0H,2019-12-04,holo_release,Latest PDB release in public ATLAS training list,le,Later,True,2019-12-04,Latest PDB release in public ATLAS training list
bbflow_refine,THSR,1.616455574028625,30,30,30,1,1,0,4,0.7706159802956579,0.5768189947143444,0.5306659851277448,7XW5,2022-08-24,2022-05-26,https://data.rcsb.org/rest/v1/core/entry/7XW5,2019-12-04,holo_release,Latest PDB release in public ATLAS training list,le,Later,True,2019-12-04,Latest PDB release in public ATLAS training list
bbflow_refine,THSR__7UTZ,2.4345552542057787,30,30,30,1,1,0,3,1.1238907355945158,0.8614423592986244,0.7514011361135672,7UTZ,2022-08-03,2022-04-28,https://data.rcsb.org/rest/v1/core/entry/7UTZ,2019-12-04,holo_release,Latest PDB release in public ATLAS training list,le,Later,True,2019-12-04,Latest PDB release in public ATLAS training list
bbflow_refine,betaLG,1.3972391993938094,30,30,30,0,0,0,0,0.3493930247318424,0.0869179465910448,0.3445725697144751,1GX8,2002-06-13,2002-03-29,https://data.rcsb.org/rest/v1/core/entry/1GX8,2019-12-04,holo_release,Latest PDB release in public ATLAS training list,le,Earlier,False,2019-12-04,Latest PDB release in public ATLAS training list
bbflow_refine,cAbl,3.4458517805005147,30,30,30,0,0,0,0,0.6616985673277167,0.210519876621309,0.6392374197373021,2FO0,2006-03-21,2006-01-12,https://data.rcsb.org/rest/v1/core/entry/2FO0,2019-12-04,holo_release,Latest PDB release in public ATLAS training list,le,Earlier,False,2019-12-04,Latest PDB release in public ATLAS training list
bbflow_refine,p53_Y220C,1.1600563699903448,30,30,30,1,1,1,2,0.294357122873036,0.279892964033524,0.1062724873459363,3ZME,2013-05-08,2013-02-07,https://data.rcsb.org/rest/v1/core/entry/3ZME,2019-12-04,holo_release,Latest PDB release in public ATLAS training list,le,Earlier,False,2019-12-04,Latest PDB release in public ATLAS training list
bbflow_refine,p53_Y220C__4AGQ,1.1180275303614244,30,30,30,1,1,1,18,0.5882417759259136,0.5732833990313244,0.1711915438404509,4AGQ,2012-03-21,2012-01-30,https://data.rcsb.org/rest/v1/core/entry/4AGQ,2019-12-04,holo_release,Latest PDB release in public ATLAS training list,le,Earlier,False,2019-12-04,Latest PDB release in public ATLAS training list
molgen_ns1.0,p53_Y220C,1.1600563699903448,28,28,28,1,1,1,2,1.199333920343709,0.7595715105441863,0.9564136738573628,3ZME,2013-05-08,2013-02-07,https://data.rcsb.org/rest/v1/core/entry/3ZME,2023-03-29,holo_release,Latest PDB release in supplied SAGE v1 prepared dataset,le,Earlier,False,2023-03-29,Latest PDB release in supplied SAGE v1 prepared dataset
molgen_ns1.0,CB1,2.023384393567615,30,30,30,0,0,0,0,0.7392253420095174,0.4355317238246238,0.6128698629033746,9B54,2025-03-05,2024-03-22,https://data.rcsb.org/rest/v1/core/entry/9B54,2023-03-29,holo_release,Latest PDB release in supplied SAGE v1 prepared dataset,le,Later,True,2023-03-29,Latest PDB release in supplied SAGE v1 prepared dataset
molgen_ns1.0,KRAS,3.742426159251105,29,29,29,1,0,0,7,0.7052802375866755,0.4861062873992092,0.5280964859827771,6OIM,2019-11-06,2019-04-09,https://data.rcsb.org/rest/v1/core/entry/6OIM,2023-03-29,holo_release,Latest PDB release in supplied SAGE v1 prepared dataset,le,Earlier,False,2023-03-29,Latest PDB release in supplied SAGE v1 prepared dataset
molgen_ns1.0,cAbl,3.4458517805005147,30,30,30,1,0,0,2,0.6716727711415893,0.4940198101871348,0.471853196483822,2FO0,2006-03-21,2006-01-12,https://data.rcsb.org/rest/v1/core/entry/2FO0,2023-03-29,holo_release,Latest PDB release in supplied SAGE v1 prepared dataset,le,Earlier,False,2023-03-29,Latest PDB release in supplied SAGE v1 prepared dataset
molgen_ns1.0,HIF2alpha,1.86542516135414,30,30,30,1,1,0,4,0.7344195223153556,0.4537942608222511,0.5933311379693545,3H7W,2010-01-12,2009-04-28,https://data.rcsb.org/rest/v1/core/entry/3H7W,2023-03-29,holo_release,Latest PDB release in supplied SAGE v1 prepared dataset,le,Earlier,False,2023-03-29,Latest PDB release in supplied SAGE v1 prepared dataset
molgen_ns1.0,HIV_RT,3.055562157269878,30,30,30,1,0,0,2,0.8286474663598231,0.4501099342531239,0.7125556014759885,1FK9,2000-11-03,2000-08-09,https://data.rcsb.org/rest/v1/core/entry/1FK9,2023-03-29,holo_release,Latest PDB release in supplied SAGE v1 prepared dataset,le,Earlier,False,2023-03-29,Latest PDB release in supplied SAGE v1 prepared dataset
molgen_ns1.0,HIV1_CA,1.3207135415934947,25,25,25,0,0,0,0,0.7100082621838758,0.5593412974704358,0.4607099964498785,7RJ4,2022-07-27,2021-07-20,https://data.rcsb.org/rest/v1/core/entry/7RJ4,2023-03-29,holo_release,Latest PDB release in supplied SAGE v1 prepared dataset,le,Earlier,False,2023-03-29,Latest PDB release in supplied SAGE v1 prepared dataset
molgen_ns1.0,Menin,1.2468617606125678,29,29,29,1,1,0,1,1.029470360383795,0.7124641496794473,0.7681499773611141,7O9Z,2022-07-27,2021-04-18,https://data.rcsb.org/rest/v1/core/entry/7O9Z,2023-03-29,holo_release,Latest PDB release in supplied SAGE v1 prepared dataset,le,Earlier,False,2023-03-29,Latest PDB release in supplied SAGE v1 prepared dataset
molgen_ns1.0,GCGR,5.701045356786475,30,30,30,0,0,0,0,0.5241077895484624,0.2876355503720552,0.4488059701591371,5EE7,2016-04-20,2015-10-22,https://data.rcsb.org/rest/v1/core/entry/5EE7,2023-03-29,holo_release,Latest PDB release in supplied SAGE v1 prepared dataset,le,Earlier,False,2023-03-29,Latest PDB release in supplied SAGE v1 prepared dataset
molgen_ns1.0,THSR,1.616455574028625,30,30,30,0,0,0,0,0.6644439689541944,0.3406179408664366,0.5836855781132756,7XW5,2022-08-24,2022-05-26,https://data.rcsb.org/rest/v1/core/entry/7XW5,2023-03-29,holo_release,Latest PDB release in supplied SAGE v1 prepared dataset,le,Earlier,False,2023-03-29,Latest PDB release in supplied SAGE v1 prepared dataset
molgen_ns1.0,p53_Y220C__4AGQ,1.1180275303614244,29,29,29,1,1,1,4,0.7004501152782668,0.4919822745696497,0.5158549393990264,4AGQ,2012-03-21,2012-01-30,https://data.rcsb.org/rest/v1/core/entry/4AGQ,2023-03-29,holo_release,Latest PDB release in supplied SAGE v1 prepared dataset,le,Earlier,False,2023-03-29,Latest PDB release in supplied SAGE v1 prepared dataset
molgen_ns1.0,HIF2alpha__6D0B,1.6729991744940291,29,29,29,1,0,0,1,0.5439247533766668,0.4051061271138806,0.3772391579637869,6D0B,2018-10-31,2018-04-10,https://data.rcsb.org/rest/v1/core/entry/6D0B,2023-03-29,holo_release,Latest PDB release in supplied SAGE v1 prepared dataset,le,Earlier,False,2023-03-29,Latest PDB release in supplied SAGE v1 prepared dataset
molgen_ns1.0,HIV_RT__3V81,3.0896312117090363,30,30,30,1,0,0,3,0.6968733243133727,0.4288378206361661,0.5643372215249286,3V81,2012-01-18,2011-12-22,https://data.rcsb.org/rest/v1/core/entry/3V81,2023-03-29,holo_release,Latest PDB release in supplied SAGE v1 prepared dataset,le,Earlier,False,2023-03-29,Latest PDB release in supplied SAGE v1 prepared dataset
molgen_ns1.0,THSR__7UTZ,2.4345552542057787,30,30,30,1,1,0,14,0.7654460075754266,0.6882556678021456,0.3638893187070454,7UTZ,2022-08-03,2022-04-28,https://data.rcsb.org/rest/v1/core/entry/7UTZ,2023-03-29,holo_release,Latest PDB release in supplied SAGE v1 prepared dataset,le,Earlier,False,2023-03-29,Latest PDB release in supplied SAGE v1 prepared dataset
molgen_ns1.0,Bcl-xL,2.505562006849456,27,27,27,0,0,0,0,0.6781122099699647,0.3929382145304349,0.5684379784848298,2YXJ,2007-05-22,2007-04-26,https://data.rcsb.org/rest/v1/core/entry/2YXJ,2023-03-29,holo_release,Latest PDB release in supplied SAGE v1 prepared dataset,le,Earlier,False,2023-03-29,Latest PDB release in supplied SAGE v1 prepared dataset
molgen_ns1.0,betaLG,1.3972391993938094,28,28,28,0,0,0,0,0.7724497213945518,0.251600889132012,0.7453017986318887,1GX8,2002-06-13,2002-03-29,https://data.rcsb.org/rest/v1/core/entry/1GX8,2023-03-29,holo_release,Latest PDB release in supplied SAGE v1 prepared dataset,le,Earlier,False,2023-03-29,Latest PDB release in supplied SAGE v1 prepared dataset
molgen_ns1.0,NDPK-A,3.4697602388704447,28,28,28,0,0,0,0,0.884408789729966,0.7032297575296583,0.5626867731141119,2HVD,2006-09-19,2006-07-28,https://data.rcsb.org/rest/v1/core/entry/2HVD,2023-03-29,holo_release,Latest PDB release in supplied SAGE v1 prepared dataset,le,Earlier,False,2023-03-29,Latest PDB release in supplied SAGE v1 prepared dataset
molgen_ns1.0,GLTP,2.1410013181020275,30,30,30,1,0,0,1,0.5672904271789899,0.4688885135692106,0.3362427364430425,2EUM,2006-11-14,2005-10-28,https://data.rcsb.org/rest/v1/core/entry/2EUM,2023-03-29,holo_release,Latest PDB release in supplied SAGE v1 prepared dataset,le,Earlier,False,2023-03-29,Latest PDB release in supplied SAGE v1 prepared dataset
molgen_ns1.0,SHP2,1.8482636253491047,30,30,30,1,0,0,1,0.7267674107091371,0.4828264251171444,0.5597168844407971,8S0H,2024-03-20,2024-02-14,https://data.rcsb.org/rest/v1/core/entry/8S0H,2023-03-29,holo_release,Latest PDB release in supplied SAGE v1 prepared dataset,le,Later,True,2023-03-29,Latest PDB release in supplied SAGE v1 prepared dataset
molgen_ns1.0,METTL14,2.571628452131643,30,30,30,0,0,0,0,0.578334905018027,0.3294051191151825,0.4873366615272405,9RS3,2026-03-18,2025-06-30,https://data.rcsb.org/rest/v1/core/entry/9RS3,2023-03-29,holo_release,Latest PDB release in supplied SAGE v1 prepared dataset,le,Later,True,2023-03-29,Latest PDB release in supplied SAGE v1 prepared dataset
molgen_ns1.0,FUT8,3.419934534191317,27,27,27,1,0,0,14,1.2089977700727903,1.0121384877560298,0.7024739014802462,9L62,2026-01-07,2024-12-23,https://data.rcsb.org/rest/v1/core/entry/9L62,2023-03-29,holo_release,Latest PDB release in supplied SAGE v1 prepared dataset,le,Later,True,2023-03-29,Latest PDB release in supplied SAGE v1 prepared dataset
