method,comparator,n_targets,n_proteins,mean_difference,median_difference,mean_ci_low,mean_ci_high,cluster_signflip_p,wilcoxon_p,negative_pairs,zero_pairs,positive_pairs,n_sign_patterns,cluster_signflip_holm_p,wilcoxon_holm_p,family,n_family_tests
boltz2,apo,20,16,0.2419999999999999,0.07449999999999955,-0.6129538815789475,1.218323749999998,0.76324462890625,0.6476554870605469,9,0,11,65536,1.0,1.0,vs_apo,8
esmfold2,apo,20,16,0.3940000000000002,-0.3799999999999999,-0.6661002777777777,1.9120099999999993,0.9156494140625,0.49800872802734375,12,0,8,65536,1.0,1.0,vs_apo,8
bioemu_refine,apo,20,16,-0.27845000000000003,-0.5230000000000001,-1.041473823529412,0.6940587499999993,0.628814697265625,0.07929551941222376,15,0,5,65536,1.0,0.4757731164733426,vs_apo,8
bbflow_refine,apo,21,17,-0.05228571428571445,-0.2410000000000005,-0.8385000000000002,0.9527423913043473,0.9593353271484375,0.2513448130867494,14,0,7,131072,1.0,1.0,vs_apo,8
confornet_nomsa,apo,21,17,0.6441904761904761,-0.1689999999999996,-0.5424285714285711,2.0657295454545457,0.4608917236328125,0.9728584289550781,12,0,9,131072,1.0,1.0,vs_apo,8
rfd3_fix7,apo,21,17,0.14819047619047623,-0.3399999999999998,-0.5751820652173911,1.2210959821428573,0.9699859619140625,0.2877340316772461,16,0,5,131072,1.0,1.0,vs_apo,8
apo2mol,apo,10,9,-0.9671999999999998,-0.7370000000000001,-1.5952727272727272,-0.22709722222222328,0.0546875,0.02734375,9,0,1,512,0.3828125,0.21875,vs_apo,8
molgen_ns1.0,apo,21,17,-1.105142857142857,-0.8609999999999998,-2.0211434523809526,-0.19207022727272985,0.0447998046875,0.035056114196777344,13,0,8,131072,0.3583984375,0.2453927993774414,vs_apo,8
boltz2,esmfold2,20,16,-0.15200000000000022,0.005000000000000369,-0.8070012500000001,0.4016310714285701,0.736572265625,0.9272785186767578,9,0,11,65536,1.0,1.0,pairwise,28
boltz2,bioemu_refine,20,16,0.5204500000000001,0.47299999999999986,0.20610570175438622,0.7900011904761901,0.010894775390625,0.001209259033203125,2,0,18,65536,0.294158935546875,0.0338592529296875,pairwise,28
boltz2,bbflow_refine,20,16,0.2421500000000001,0.19049999999999964,-0.12660210526315788,0.6064788875598084,0.247894287109375,0.34881019592285156,8,0,12,65536,1.0,1.0,pairwise,28
boltz2,confornet_nomsa,20,16,-0.4298500000000002,-0.09299999999999975,-1.2577174812030076,0.25357343749999894,0.331939697265625,0.8694877624511719,10,0,10,65536,1.0,1.0,pairwise,28
boltz2,rfd3_fix7,20,16,0.06319999999999981,-0.03650000000000028,-0.3615919504643965,0.4778621031746025,0.78533935546875,0.956329345703125,11,0,9,65536,1.0,1.0,pairwise,28
boltz2,apo2mol,10,9,0.6967999999999999,0.7490000000000004,0.07443055555555547,1.208909090909091,0.07421875,0.048828125,1,0,9,512,1.0,0.78125,pairwise,28
boltz2,molgen_ns1.0,20,16,1.3593499999999998,0.5705000000000002,0.5067730392156861,2.104351964285714,0.015472412109375,0.002712249755859375,4,0,16,65536,0.371337890625,0.07051849365234375,pairwise,28
esmfold2,bioemu_refine,20,16,0.6724500000000002,0.32650000000000046,0.10071166666666671,1.3160099999999995,0.0533447265625,0.023950576782226562,7,0,13,65536,1.0,0.4550609588623047,pairwise,28
esmfold2,bbflow_refine,20,16,0.39415000000000033,0.4435000000000001,-0.1371245833333332,0.9650112499999994,0.2333984375,0.15364646911621094,8,0,12,65536,1.0,1.0,pairwise,28
esmfold2,confornet_nomsa,20,16,-0.2778499999999999,-0.15450000000000003,-1.070524603174603,0.3631454545454538,0.48822021484375,0.5958194732666016,10,0,10,65536,1.0,1.0,pairwise,28
esmfold2,rfd3_fix7,20,16,0.2152,0.29350000000000065,-0.28161805555555547,0.707102766798418,0.484619140625,0.6476554870605469,7,0,13,65536,1.0,1.0,pairwise,28
esmfold2,apo2mol,10,9,0.5990000000000002,0.037499999999999645,-0.23588888888888862,1.4191818181818183,0.28125,0.375,5,0,5,512,1.0,1.0,pairwise,28
esmfold2,molgen_ns1.0,20,16,1.51135,1.0590000000000006,0.33809780701754377,2.649222826086956,0.03839111328125,0.012079238891601562,5,0,15,65536,0.80621337890625,0.2536640167236328,pairwise,28
bioemu_refine,bbflow_refine,20,16,-0.2782999999999999,-0.30499999999999927,-0.5971058333333333,0.07400125000000002,0.158477783203125,0.16495704650878906,11,0,9,65536,1.0,1.0,pairwise,28
bioemu_refine,confornet_nomsa,20,16,-0.9503,-0.5900000000000007,-1.6917833333333332,-0.3059958333333338,0.01275634765625,0.0072956085205078125,16,0,4,65536,0.31890869140625,0.1750946044921875,pairwise,28
bioemu_refine,rfd3_fix7,20,16,-0.45725000000000016,-0.5434999999999999,-0.8048275501672243,-0.06226282894736861,0.045654296875,0.021484375,15,0,5,65536,0.9130859375,0.4296875,pairwise,28
bioemu_refine,apo2mol,10,9,0.06559999999999995,0.17950000000000021,-0.2400055555555556,0.355,0.6875,0.845703125,4,0,6,512,1.0,1.0,pairwise,28
bioemu_refine,molgen_ns1.0,20,16,0.8388999999999998,1.1149999999999993,0.07869349845201225,1.5123221804511269,0.065277099609375,0.03276824951171875,6,0,14,65536,1.0,0.5898284912109375,pairwise,28
bbflow_refine,confornet_nomsa,21,17,-0.6964761904761907,-0.2139999999999995,-1.5275184523809524,0.029053511904761443,0.1140899658203125,0.32045745849609375,12,0,9,131072,1.0,1.0,pairwise,28
bbflow_refine,rfd3_fix7,21,17,-0.20047619047619072,-0.21600000000000041,-0.48885844155844166,0.07033874999999919,0.18072509765625,0.2572479248046875,13,0,8,131072,1.0,1.0,pairwise,28
bbflow_refine,apo2mol,10,9,0.7812999999999999,0.8845000000000003,0.08777777777777714,1.4038049999999995,0.078125,0.048828125,2,0,8,512,1.0,0.78125,pairwise,28
bbflow_refine,molgen_ns1.0,21,17,1.052857142857143,0.9199999999999999,0.1729441071428567,1.8532090773809522,0.053253173828125,0.042079925537109375,9,0,12,131072,1.0,0.7153587341308594,pairwise,28
confornet_nomsa,rfd3_fix7,21,17,0.49599999999999994,-0.0999999999999997,-0.21010620300751884,1.3007151785714284,0.2497711181640625,0.7592878341674805,11,0,10,131072,1.0,1.0,pairwise,28
confornet_nomsa,apo2mol,10,9,0.6347000000000002,0.5195000000000001,0.30266388888888907,0.9242086363636353,0.01171875,0.005859375,1,0,9,512,0.3046875,0.146484375,pairwise,28
confornet_nomsa,molgen_ns1.0,21,17,1.7493333333333332,1.207000000000001,0.7303315789473687,2.732528214285714,0.0081024169921875,0.0021514892578125,5,0,16,131072,0.22686767578125,0.0580902099609375,pairwise,28
rfd3_fix7,apo2mol,10,9,0.9178000000000003,0.8360000000000003,0.3442222222222227,1.5287534722222225,0.01953125,0.009765625,1,0,9,512,0.44921875,0.21484375,pairwise,28
rfd3_fix7,molgen_ns1.0,21,17,1.2533333333333334,0.4780000000000007,0.35787843137254904,2.082059318181817,0.025543212890625,0.008009910583496094,5,0,16,131072,0.56195068359375,0.18422794342041016,pairwise,28
apo2mol,molgen_ns1.0,10,9,0.41609999999999997,0.10599999999999987,-0.5021277777777781,1.291,0.421875,0.4921875,5,0,5,512,1.0,1.0,pairwise,28
prody_rfd3,apo,19,15,0.08894736842105255,-0.2339999999999999,-0.531056644736842,1.0153890692640666,0.99560546875,0.1336212158203125,14,0,5,32768,1.0,0.801727294921875,prody_supporting,9
prody_rfd3,boltz2,19,15,-0.16205263157894736,-0.11100000000000049,-0.5248508088235292,0.2712356617647056,0.4630126953125,0.19888473153236397,12,1,6,32768,1.0,0.9944236576618198,prody_supporting,9
prody_rfd3,esmfold2,19,15,-0.32252631578947394,-0.03200000000000003,-1.0202162828947372,0.28583888888888825,0.4765625,0.5948867797851562,10,0,9,32768,1.0,1.0,prody_supporting,9
prody_rfd3,bioemu_refine,19,15,0.381578947368421,0.41000000000000014,0.00846715686274507,0.7312964869281046,0.0760498046875,0.0641224154974332,7,0,12,32768,0.5323486328125,0.44885690848203236,prody_supporting,9
prody_rfd3,bbflow_refine,19,15,0.07584210526315799,0.04600000000000029,-0.22931264204545418,0.42032456140350793,0.65911865234375,0.8287849426269531,9,0,10,32768,1.0,1.0,prody_supporting,9
prody_rfd3,confornet_nomsa,19,15,-0.5643684210526316,0.26699999999999946,-1.5542631578947368,0.26177058823529314,0.28045654296875,0.9529838562011719,9,0,10,32768,1.0,1.0,prody_supporting,9
prody_rfd3,rfd3_fix7,19,15,-0.11715789473684227,-0.0190000000000001,-0.3705298245614036,0.09876470588235253,0.3995361328125,0.5152778625488281,10,0,9,32768,1.0,1.0,prody_supporting,9
prody_rfd3,apo2mol,10,9,0.9629,0.9324999999999983,0.4994444444444446,1.4047999999999998,0.00390625,0.001953125,0,0,10,512,0.03515625,0.017578125,prody_supporting,9
prody_rfd3,molgen_ns1.0,19,15,1.3282105263157893,0.8639999999999999,0.46615455882352924,2.0877025000000002,0.02044677734375,0.0061798095703125,6,0,13,32768,0.16357421875,0.0494384765625,prody_supporting,9
boltz2,rosetta_repack,20,16,0.2223499999999999,0.25849999999999973,-0.30994583333333353,0.6810476785714284,0.4217529296875,0.3299827575683594,7,0,13,65536,1.0,1.0,rosetta_supporting,21
boltz2,rosetta_fastrelax,20,16,-0.06475000000000015,-0.3595000000000001,-0.494150597826087,0.35528376623376495,0.773834228515625,0.6742229461669922,13,0,7,65536,1.0,1.0,rosetta_supporting,21
esmfold2,rosetta_repack,20,16,0.37435000000000007,-0.028999999999999953,-0.36435595588235276,1.247708815789473,0.54486083984375,0.7011814117431641,11,0,9,65536,1.0,1.0,rosetta_supporting,21
esmfold2,rosetta_fastrelax,20,16,0.08725000000000008,-0.023499999999999854,-0.34284832535885174,0.5501012499999999,0.776458740234375,1.0,10,0,10,65536,1.0,1.0,rosetta_supporting,21
bioemu_refine,rosetta_repack,20,16,-0.2981000000000001,-0.3650000000000002,-0.744528947368421,0.13020586956521682,0.211395263671875,0.1729577972681211,13,0,7,65536,1.0,1.0,rosetta_supporting,21
bioemu_refine,rosetta_fastrelax,20,16,-0.5852000000000002,-0.4929999999999999,-0.9206838203463205,-0.24478848684210525,0.004791259765625,0.000850677490234375,16,0,4,65536,0.100616455078125,0.017864227294921875,rosetta_supporting,21
bbflow_refine,rosetta_repack,21,17,-0.03228571428571448,0.00400000000000042,-0.4231605263157897,0.3396540513833989,0.877288818359375,0.9186935424804688,10,0,11,131072,1.0,1.0,rosetta_supporting,21
bbflow_refine,rosetta_fastrelax,21,17,-0.2832857142857145,-0.02900000000000169,-0.5533194377990434,-0.0045212406015040915,0.0751953125,0.1372833251953125,12,0,9,131072,1.0,1.0,rosetta_supporting,21
confornet_nomsa,rosetta_repack,21,17,0.6641904761904761,-0.2720000000000002,-0.18737763157894727,1.6113486542443063,0.2128448486328125,0.682713508605957,11,0,10,131072,1.0,1.0,rosetta_supporting,21
confornet_nomsa,rosetta_fastrelax,21,17,0.4131904761904763,-0.028000000000000483,-0.22052394957983196,1.1762271929824557,0.29400634765625,0.682713508605957,11,0,10,131072,1.0,1.0,rosetta_supporting,21
rfd3_fix7,rosetta_repack,21,17,0.16819047619047622,0.07699999999999996,-0.17368460526315777,0.5885986363636356,0.5592193603515625,0.5620746612548828,9,0,12,131072,1.0,1.0,rosetta_supporting,21
rfd3_fix7,rosetta_fastrelax,21,17,-0.08280952380952382,-0.15700000000000008,-0.3153664502164503,0.19525135869565205,0.546234130859375,0.41198158264160156,12,0,9,131072,1.0,1.0,rosetta_supporting,21
apo2mol,rosetta_repack,10,9,-0.9997,-0.9784999999999996,-1.3856031818181822,-0.5437733333333341,0.0078125,0.00390625,9,0,1,512,0.15625,0.078125,rosetta_supporting,21
apo2mol,rosetta_fastrelax,10,9,-0.9184000000000001,-0.6375000000000002,-1.5354000000000005,-0.25998333333333457,0.0390625,0.02734375,7,0,3,512,0.6640625,0.46484375,rosetta_supporting,21
molgen_ns1.0,rosetta_repack,21,17,-1.0851428571428572,-0.5069999999999995,-1.8550041666666666,-0.2793633771929828,0.0300140380859375,0.02157115936279297,14,0,7,131072,0.540252685546875,0.38828086853027344,rosetta_supporting,21
molgen_ns1.0,rosetta_fastrelax,21,17,-1.3361428571428573,-0.8140000000000001,-2.1812318452380954,-0.4223831140350882,0.023590087890625,0.012691497802734375,15,0,6,131072,0.448211669921875,0.24113845825195312,rosetta_supporting,21
prody_rfd3,rosetta_repack,19,15,0.07168421052631568,0.125,-0.1846006250000001,0.325240097402597,0.66259765625,0.5152778625488281,8,0,11,32768,1.0,1.0,rosetta_supporting,21
prody_rfd3,rosetta_fastrelax,19,15,-0.21189473684210544,-0.15899999999999975,-0.4989011111111113,0.09055784313725457,0.2159423828125,0.18186569213867188,11,0,8,32768,1.0,1.0,rosetta_supporting,21
rosetta_repack,apo,21,17,-0.019999999999999945,-0.415,-0.502594557416268,0.6595293478260865,0.9849700927734375,0.1541077014162689,13,0,8,131072,1.0,1.0,rosetta_supporting,21
rosetta_fastrelax,apo,21,17,0.2310000000000001,-0.3479999999999998,-0.4963355263157893,1.295117424242424,0.9539337158203125,0.35541629791259766,14,0,7,131072,1.0,1.0,rosetta_supporting,21
rosetta_repack,rosetta_fastrelax,21,17,-0.25100000000000006,-0.1650000000000001,-0.6761292824074073,0.12632464285714073,0.32666015625,0.27221012115478516,13,0,8,131072,1.0,1.0,rosetta_supporting,21
