tier,method_a,method_b,status,n_evaluable,n_missing,n_proteins,a_only,b_only,n_discordant,paired_difference,cluster_bootstrap_ci_low,cluster_bootstrap_ci_high,cluster_signflip_p,mcnemar_exact_p,cluster_signflip_p_holm_all_pairs,cluster_signflip_p_holm_controls_within_tier,cluster_signflip_p_holm_prody_supporting,mcnemar_exact_p_holm_all_pairs,mcnemar_exact_p_holm_controls_within_tier,mcnemar_exact_p_holm_prody_supporting
1,boltz2,esmfold2,tested,21,0,17,1,7,8,-0.2857142857142857,-0.55,0.0,0.15625,0.0703125,1.0,,,1.0,,
1,boltz2,bioemu_refine,tested,21,0,17,4,9,13,-0.23809523809523808,-0.5714285714285714,0.13043478260869565,0.3408203125,0.266845703125,1.0,,,1.0,,
1,boltz2,bbflow_refine,tested,21,0,17,4,9,13,-0.23809523809523808,-0.5714285714285714,0.13043478260869565,0.3408203125,0.266845703125,1.0,,,1.0,,
1,boltz2,confornet_nomsa,tested,21,0,17,4,3,7,0.047619047619047616,-0.23076923076923078,0.3333333333333333,1.0,1.0,1.0,,,1.0,,
1,boltz2,rfd3_fix7,tested,21,0,17,3,7,10,-0.19047619047619047,-0.5,0.15,0.4375,0.34375,1.0,,,1.0,,
1,boltz2,apo2mol,tested,21,0,17,8,2,10,0.2857142857142857,0.05,0.5263157894736842,0.0703125,0.109375,1.0,,,1.0,,
1,boltz2,molgen_ns1.0,tested,21,0,17,2,7,9,-0.23809523809523808,-0.4782608695652174,0.05263157894736842,0.234375,0.1796875,1.0,,,1.0,,
1,boltz2,prody_rfd3,tested,21,0,17,5,3,8,0.09523809523809523,-0.19230769230769232,0.3888888888888889,0.765625,0.7265625,1.0,,,1.0,,
1,boltz2,rosetta_repack,tested,21,0,17,5,2,7,0.14285714285714285,-0.09090909090909091,0.4,0.453125,0.453125,1.0,1.0,,1.0,1.0,
1,boltz2,rosetta_fastrelax,tested,21,0,17,6,6,12,0.0,-0.36363636363636365,0.3684210526315789,1.0,1.0,1.0,1.0,,1.0,1.0,
1,esmfold2,bioemu_refine,tested,21,0,17,3,2,5,0.047619047619047616,-0.15789473684210525,0.2631578947368421,1.0,1.0,1.0,,,1.0,,
1,esmfold2,bbflow_refine,tested,21,0,17,3,2,5,0.047619047619047616,-0.15,0.2631578947368421,1.0,1.0,1.0,,,1.0,,
1,esmfold2,confornet_nomsa,tested,21,0,17,7,0,7,0.3333333333333333,0.11764705882352941,0.5789473684210527,0.03125,0.015625,1.0,,,1.0,,
1,esmfold2,rfd3_fix7,tested,21,0,17,4,2,6,0.09523809523809523,-0.13043478260869565,0.3333333333333333,0.6875,0.6875,1.0,,,1.0,,
1,esmfold2,apo2mol,tested,21,0,17,14,2,16,0.5714285714285714,0.29411764705882354,0.8181818181818182,0.00537109375,0.004180908203125,0.87548828125,,,0.664764404296875,,
1,esmfold2,molgen_ns1.0,tested,21,0,17,4,3,7,0.047619047619047616,-0.18181818181818182,0.3078947368420876,1.0,1.0,1.0,,,1.0,,
1,esmfold2,prody_rfd3,tested,21,0,17,8,0,8,0.38095238095238093,0.19047619047619047,0.5909090909090909,0.0078125,0.0078125,1.0,,,1.0,,
1,esmfold2,rosetta_repack,tested,21,0,17,9,0,9,0.42857142857142855,0.23809523809523808,0.6190476190476191,0.00390625,0.00390625,0.64453125,0.0625,,0.625,0.0625,
1,esmfold2,rosetta_fastrelax,tested,21,0,17,6,0,6,0.2857142857142857,0.10526315789473684,0.47619047619047616,0.03125,0.03125,1.0,0.375,,1.0,0.375,
1,bioemu_refine,bbflow_refine,tested,21,0,17,1,1,2,0.0,-0.14285714285714285,0.14285714285714285,1.0,1.0,1.0,,,1.0,,
1,bioemu_refine,confornet_nomsa,tested,21,0,17,7,1,8,0.2857142857142857,0.043478260869565216,0.55,0.109375,0.0703125,1.0,,,1.0,,
1,bioemu_refine,rfd3_fix7,tested,21,0,17,3,2,5,0.047619047619047616,-0.15789473684210525,0.2631578947368421,1.0,1.0,1.0,,,1.0,,
1,bioemu_refine,apo2mol,tested,21,0,17,12,1,13,0.5238095238095238,0.25,0.7727272727272727,0.009765625,0.00341796875,1.0,,,0.5537109375,,
1,bioemu_refine,molgen_ns1.0,tested,21,0,17,5,5,10,0.0,-0.3181818181818182,0.3181818181818182,1.0,1.0,1.0,,,1.0,,
1,bioemu_refine,prody_rfd3,tested,21,0,17,8,1,9,0.3333333333333333,0.09523809523809523,0.5714285714285714,0.0390625,0.0390625,1.0,,,1.0,,
1,bioemu_refine,rosetta_repack,tested,21,0,17,9,1,10,0.38095238095238093,0.15,0.6,0.021484375,0.021484375,1.0,0.279296875,,1.0,0.279296875,
1,bioemu_refine,rosetta_fastrelax,tested,21,0,17,6,1,7,0.23809523809523808,0.0,0.5,0.1875,0.125,1.0,1.0,,1.0,1.0,
1,bbflow_refine,confornet_nomsa,tested,21,0,17,7,1,8,0.2857142857142857,0.043478260869565216,0.5454545454545454,0.109375,0.0703125,1.0,,,1.0,,
1,bbflow_refine,rfd3_fix7,tested,21,0,17,2,1,3,0.047619047619047616,-0.10526315789473684,0.2222222222222222,1.0,1.0,1.0,,,1.0,,
1,bbflow_refine,apo2mol,tested,21,0,17,12,1,13,0.5238095238095238,0.25,0.7727272727272727,0.009765625,0.00341796875,1.0,,,0.5537109375,,
1,bbflow_refine,molgen_ns1.0,tested,21,0,17,5,5,10,0.0,-0.32,0.3181818181818182,1.0,1.0,1.0,,,1.0,,
1,bbflow_refine,prody_rfd3,tested,21,0,17,7,0,7,0.3333333333333333,0.15,0.5263157894736842,0.015625,0.015625,1.0,,,1.0,,
1,bbflow_refine,rosetta_repack,tested,21,0,17,8,0,8,0.38095238095238093,0.2,0.5714285714285714,0.0078125,0.0078125,1.0,0.1171875,,1.0,0.1171875,
1,bbflow_refine,rosetta_fastrelax,tested,21,0,17,5,0,5,0.23809523809523808,0.047619047619047616,0.47368421052631576,0.125,0.0625,1.0,1.0,,1.0,0.625,
1,confornet_nomsa,rfd3_fix7,tested,21,0,17,2,7,9,-0.23809523809523808,-0.5217391304347826,0.047619047619047616,0.234375,0.1796875,1.0,,,1.0,,
1,confornet_nomsa,apo2mol,tested,21,0,17,7,2,9,0.23809523809523808,0.0,0.48,0.1875,0.1796875,1.0,,,1.0,,
1,confornet_nomsa,molgen_ns1.0,tested,21,0,17,1,7,8,-0.2857142857142857,-0.5,-0.05263157894736842,0.0703125,0.0703125,1.0,,,1.0,,
1,confornet_nomsa,prody_rfd3,tested,21,0,17,4,3,7,0.047619047619047616,-0.24,0.30434782608695654,1.0,1.0,1.0,,,1.0,,
1,confornet_nomsa,rosetta_repack,tested,21,0,17,4,2,6,0.09523809523809523,-0.13636363636363635,0.3157894736842105,0.6875,0.6875,1.0,1.0,,1.0,1.0,
1,confornet_nomsa,rosetta_fastrelax,tested,21,0,17,4,5,9,-0.047619047619047616,-0.3684210526315789,0.25,1.0,1.0,1.0,1.0,,1.0,1.0,
1,rfd3_fix7,apo2mol,tested,21,0,17,11,1,12,0.47619047619047616,0.2,0.7272727272727273,0.017578125,0.00634765625,1.0,,,1.0,,
1,rfd3_fix7,molgen_ns1.0,tested,21,0,17,4,5,9,-0.047619047619047616,-0.35311764705882337,0.25,1.0,1.0,1.0,,,1.0,,
1,rfd3_fix7,prody_rfd3,tested,21,0,17,6,0,6,0.2857142857142857,0.10526315789473684,0.47619047619047616,0.03125,0.03125,1.0,,,1.0,,
1,rfd3_fix7,rosetta_repack,tested,21,0,17,7,0,7,0.3333333333333333,0.15789473684210525,0.5,0.015625,0.015625,1.0,0.21875,,1.0,0.21875,
1,rfd3_fix7,rosetta_fastrelax,tested,21,0,17,5,1,6,0.19047619047619047,-0.047619047619047616,0.44,0.3125,0.21875,1.0,1.0,,1.0,1.0,
1,apo2mol,molgen_ns1.0,tested,21,0,17,0,11,11,-0.5238095238095238,-0.7272727272727273,-0.3,0.00390625,0.0009765625,0.64453125,,,0.1611328125,,
1,apo2mol,prody_rfd3,tested,21,0,17,2,6,8,-0.19047619047619047,-0.42857142857142855,0.05,0.3125,0.2890625,1.0,,,1.0,,
1,apo2mol,rosetta_repack,tested,21,0,17,2,5,7,-0.14285714285714285,-0.3333333333333333,0.05263157894736842,0.375,0.453125,1.0,1.0,,1.0,1.0,
1,apo2mol,rosetta_fastrelax,tested,21,0,17,2,8,10,-0.2857142857142857,-0.5909090909090909,0.03849999999999664,0.1875,0.109375,1.0,1.0,,1.0,0.984375,
1,molgen_ns1.0,prody_rfd3,tested,21,0,17,9,2,11,0.3333333333333333,0.045454545454545456,0.6086956521739131,0.091796875,0.0654296875,1.0,,,1.0,,
1,molgen_ns1.0,rosetta_repack,tested,21,0,17,10,2,12,0.38095238095238093,0.1111111111111111,0.6190476190476191,0.03515625,0.03857421875,1.0,0.38671875,,1.0,0.42431640625,
1,molgen_ns1.0,rosetta_fastrelax,tested,21,0,17,8,3,11,0.23809523809523808,-0.1,0.5652173913043478,0.3125,0.2265625,1.0,1.0,,1.0,1.0,
1,prody_rfd3,rosetta_repack,tested,21,0,17,1,0,1,0.047619047619047616,0.0,0.14285714285714285,1.0,1.0,1.0,,1.0,1.0,,1.0
1,prody_rfd3,rosetta_fastrelax,tested,21,0,17,2,4,6,-0.09523809523809523,-0.3333333333333333,0.13636363636363635,0.6875,0.6875,1.0,,1.0,1.0,,1.0
1,rosetta_repack,rosetta_fastrelax,tested,21,0,17,2,5,7,-0.14285714285714285,-0.38095238095238093,0.1,0.453125,0.453125,1.0,,,1.0,,
2,boltz2,esmfold2,tested,21,0,17,1,7,8,-0.2857142857142857,-0.5217391304347826,-0.047619047619047616,0.109375,0.0703125,1.0,,,1.0,,
2,boltz2,bioemu_refine,tested,21,0,17,1,8,9,-0.3333333333333333,-0.5909090909090909,-0.05263157894736842,0.09375,0.0390625,1.0,,,1.0,,
2,boltz2,bbflow_refine,tested,21,0,17,1,8,9,-0.3333333333333333,-0.5909090909090909,-0.05263157894736842,0.09375,0.0390625,1.0,,,1.0,,
2,boltz2,confornet_nomsa,tested,21,0,17,1,2,3,-0.047619047619047616,-0.2608695652173913,0.14285714285714285,1.0,1.0,1.0,,,1.0,,
2,boltz2,rfd3_fix7,tested,21,0,17,1,5,6,-0.19047619047619047,-0.4166666666666667,0.05263157894736842,0.3125,0.21875,1.0,,,1.0,,
2,boltz2,apo2mol,tested,21,0,17,4,1,5,0.14285714285714285,0.0,0.3157894736842105,0.25,0.375,1.0,,,1.0,,
2,boltz2,molgen_ns1.0,tested,21,0,17,2,3,5,-0.047619047619047616,-0.22727272727272727,0.16666666666666666,1.0,1.0,1.0,,,1.0,,
2,boltz2,prody_rfd3,tested,21,0,17,2,3,5,-0.047619047619047616,-0.23809523809523808,0.15789473684210525,1.0,1.0,1.0,,,1.0,,
2,boltz2,rosetta_repack,tested,21,0,17,2,3,5,-0.047619047619047616,-0.23809523809523808,0.15789473684210525,1.0,1.0,1.0,1.0,,1.0,1.0,
2,boltz2,rosetta_fastrelax,tested,21,0,17,3,5,8,-0.09523809523809523,-0.375,0.19047619047619047,0.765625,0.7265625,1.0,1.0,,1.0,1.0,
2,esmfold2,bioemu_refine,tested,21,0,17,2,3,5,-0.047619047619047616,-0.25,0.15789473684210525,1.0,1.0,1.0,,,1.0,,
2,esmfold2,bbflow_refine,tested,21,0,17,2,3,5,-0.047619047619047616,-0.25,0.15789473684210525,1.0,1.0,1.0,,,1.0,,
2,esmfold2,confornet_nomsa,tested,21,0,17,5,0,5,0.23809523809523808,0.08695652173913043,0.42105263157894735,0.0625,0.0625,1.0,,,1.0,,
2,esmfold2,rfd3_fix7,tested,21,0,17,3,1,4,0.09523809523809523,-0.08695652173913043,0.2857142857142857,0.625,0.625,1.0,,,1.0,,
2,esmfold2,apo2mol,tested,21,0,17,10,1,11,0.42857142857142855,0.21739130434782608,0.6363636363636364,0.0078125,0.01171875,1.0,,,1.0,,
2,esmfold2,molgen_ns1.0,tested,21,0,17,7,2,9,0.23809523809523808,0.0,0.47368421052631576,0.125,0.1796875,1.0,,,1.0,,
2,esmfold2,prody_rfd3,tested,21,0,17,5,0,5,0.23809523809523808,0.08695652173913043,0.42105263157894735,0.0625,0.0625,1.0,,,1.0,,
2,esmfold2,rosetta_repack,tested,21,0,17,5,0,5,0.23809523809523808,0.08695652173913043,0.42105263157894735,0.0625,0.0625,1.0,0.9375,,1.0,0.9375,
2,esmfold2,rosetta_fastrelax,tested,21,0,17,4,0,4,0.19047619047619047,0.047619047619047616,0.35,0.125,0.125,1.0,1.0,,1.0,1.0,
2,bioemu_refine,bbflow_refine,tested,21,0,17,1,1,2,0.0,-0.14285714285714285,0.14285714285714285,1.0,1.0,1.0,,,1.0,,
2,bioemu_refine,confornet_nomsa,tested,21,0,17,6,0,6,0.2857142857142857,0.09512987012987022,0.5,0.0625,0.03125,1.0,,,1.0,,
2,bioemu_refine,rfd3_fix7,tested,21,0,17,4,1,5,0.14285714285714285,-0.05,0.35,0.375,0.375,1.0,,,1.0,,
2,bioemu_refine,apo2mol,tested,21,0,17,10,0,10,0.47619047619047616,0.23809523809523808,0.7,0.0078125,0.001953125,1.0,,,0.3203125,,
2,bioemu_refine,molgen_ns1.0,tested,21,0,17,6,0,6,0.2857142857142857,0.10526315789473684,0.47619047619047616,0.03125,0.03125,1.0,,,1.0,,
2,bioemu_refine,prody_rfd3,tested,21,0,17,7,1,8,0.2857142857142857,0.05263157894736842,0.5,0.0703125,0.0703125,1.0,,,1.0,,
2,bioemu_refine,rosetta_repack,tested,21,0,17,7,1,8,0.2857142857142857,0.05263157894736842,0.5,0.0703125,0.0703125,1.0,0.984375,,1.0,0.9375,
2,bioemu_refine,rosetta_fastrelax,tested,21,0,17,6,1,7,0.23809523809523808,0.0,0.4782608695652174,0.1875,0.125,1.0,1.0,,1.0,1.0,
2,bbflow_refine,confornet_nomsa,tested,21,0,17,6,0,6,0.2857142857142857,0.09090909090909091,0.5,0.0625,0.03125,1.0,,,1.0,,
2,bbflow_refine,rfd3_fix7,tested,21,0,17,3,0,3,0.14285714285714285,0.0,0.30434782608695654,0.25,0.25,1.0,,,1.0,,
2,bbflow_refine,apo2mol,tested,21,0,17,10,0,10,0.47619047619047616,0.23809523809523808,0.7,0.0078125,0.001953125,1.0,,,0.3203125,,
2,bbflow_refine,molgen_ns1.0,tested,21,0,17,6,0,6,0.2857142857142857,0.10526315789473684,0.47619047619047616,0.03125,0.03125,1.0,,,1.0,,
2,bbflow_refine,prody_rfd3,tested,21,0,17,6,0,6,0.2857142857142857,0.1111111111111111,0.45454545454545453,0.03125,0.03125,1.0,,,1.0,,
2,bbflow_refine,rosetta_repack,tested,21,0,17,6,0,6,0.2857142857142857,0.1111111111111111,0.45454545454545453,0.03125,0.03125,1.0,0.5,,1.0,0.5,
2,bbflow_refine,rosetta_fastrelax,tested,21,0,17,5,0,5,0.23809523809523808,0.05,0.45454545454545453,0.125,0.0625,1.0,1.0,,1.0,0.9375,
2,confornet_nomsa,rfd3_fix7,tested,21,0,17,0,3,3,-0.14285714285714285,-0.2857142857142857,0.0,0.25,0.25,1.0,,,1.0,,
2,confornet_nomsa,apo2mol,tested,21,0,17,5,1,6,0.19047619047619047,0.0,0.4090909090909091,0.25,0.21875,1.0,,,1.0,,
2,confornet_nomsa,molgen_ns1.0,tested,21,0,17,2,2,4,0.0,-0.17391304347826086,0.19047619047619047,1.0,1.0,1.0,,,1.0,,
2,confornet_nomsa,prody_rfd3,tested,21,0,17,2,2,4,0.0,-0.19047619047619047,0.19047619047619047,1.0,1.0,1.0,,,1.0,,
2,confornet_nomsa,rosetta_repack,tested,21,0,17,2,2,4,0.0,-0.19047619047619047,0.19047619047619047,1.0,1.0,1.0,1.0,,1.0,1.0,
2,confornet_nomsa,rosetta_fastrelax,tested,21,0,17,2,3,5,-0.047619047619047616,-0.2608695652173913,0.15789473684210525,1.0,1.0,1.0,1.0,,1.0,1.0,
2,rfd3_fix7,apo2mol,tested,21,0,17,7,0,7,0.3333333333333333,0.13636363636363635,0.5454545454545454,0.03125,0.015625,1.0,,,1.0,,
2,rfd3_fix7,molgen_ns1.0,tested,21,0,17,4,1,5,0.14285714285714285,0.0,0.3,0.25,0.375,1.0,,,1.0,,
2,rfd3_fix7,prody_rfd3,tested,21,0,17,3,0,3,0.14285714285714285,0.0,0.2857142857142857,0.25,0.25,1.0,,,1.0,,
2,rfd3_fix7,rosetta_repack,tested,21,0,17,3,0,3,0.14285714285714285,0.0,0.2857142857142857,0.25,0.25,1.0,1.0,,1.0,1.0,
2,rfd3_fix7,rosetta_fastrelax,tested,21,0,17,3,1,4,0.09523809523809523,-0.10526315789473684,0.32,0.75,0.625,1.0,1.0,,1.0,1.0,
2,apo2mol,molgen_ns1.0,tested,21,0,17,0,4,4,-0.19047619047619047,-0.3333333333333333,-0.05,0.125,0.125,1.0,,,1.0,,
2,apo2mol,prody_rfd3,tested,21,0,17,1,5,6,-0.19047619047619047,-0.35,-0.047619047619047616,0.125,0.21875,1.0,,,1.0,,
2,apo2mol,rosetta_repack,tested,21,0,17,1,5,6,-0.19047619047619047,-0.35,-0.047619047619047616,0.125,0.21875,1.0,1.0,,1.0,1.0,
2,apo2mol,rosetta_fastrelax,tested,21,0,17,1,6,7,-0.23809523809523808,-0.5,0.0,0.1875,0.125,1.0,1.0,,1.0,1.0,
2,molgen_ns1.0,prody_rfd3,tested,21,0,17,3,3,6,0.0,-0.2,0.18181818181818182,1.0,1.0,1.0,,,1.0,,
2,molgen_ns1.0,rosetta_repack,tested,21,0,17,3,3,6,0.0,-0.2,0.18181818181818182,1.0,1.0,1.0,1.0,,1.0,1.0,
2,molgen_ns1.0,rosetta_fastrelax,tested,21,0,17,3,4,7,-0.047619047619047616,-0.2777777777777778,0.20833333333333334,1.0,1.0,1.0,1.0,,1.0,1.0,
2,prody_rfd3,rosetta_repack,identical,21,0,17,0,0,0,0.0,0.0,0.0,,,,,,,,
2,prody_rfd3,rosetta_fastrelax,tested,21,0,17,2,3,5,-0.047619047619047616,-0.25,0.15789473684210525,1.0,1.0,1.0,,1.0,1.0,,1.0
2,rosetta_repack,rosetta_fastrelax,tested,21,0,17,2,3,5,-0.047619047619047616,-0.25,0.15789473684210525,1.0,1.0,1.0,,,1.0,,
3,boltz2,esmfold2,tested,21,0,17,1,5,6,-0.19047619047619047,-0.391304347826087,0.0,0.21875,0.21875,1.0,,,1.0,,
3,boltz2,bioemu_refine,tested,21,0,17,1,3,4,-0.09523809523809523,-0.2608695652173913,0.1,0.625,0.625,1.0,,,1.0,,
3,boltz2,bbflow_refine,tested,21,0,17,1,2,3,-0.047619047619047616,-0.19047619047619047,0.1111111111111111,1.0,1.0,1.0,,,1.0,,
3,boltz2,confornet_nomsa,tested,21,0,17,0,1,1,-0.047619047619047616,-0.14285714285714285,0.0,1.0,1.0,1.0,,,1.0,,
3,boltz2,rfd3_fix7,tested,21,0,17,1,2,3,-0.047619047619047616,-0.19047619047619047,0.1111111111111111,1.0,1.0,1.0,,,1.0,,
3,boltz2,apo2mol,tested,21,0,17,3,0,3,0.14285714285714285,0.0,0.30434782608695654,0.25,0.25,1.0,,,1.0,,
3,boltz2,molgen_ns1.0,tested,21,0,17,2,1,3,0.047619047619047616,-0.09523809523809523,0.2222222222222222,1.0,1.0,1.0,,,1.0,,
3,boltz2,prody_rfd3,tested,21,0,17,2,1,3,0.047619047619047616,-0.09523809523809523,0.2222222222222222,1.0,1.0,1.0,,,1.0,,
3,boltz2,rosetta_repack,tested,21,0,17,1,1,2,0.0,-0.13043478260869565,0.15,1.0,1.0,1.0,1.0,,1.0,1.0,
3,boltz2,rosetta_fastrelax,tested,21,0,17,2,0,2,0.09523809523809523,0.0,0.23809523809523808,0.5,0.5,1.0,1.0,,1.0,1.0,
3,esmfold2,bioemu_refine,tested,21,0,17,5,3,8,0.09523809523809523,-0.13636363636363635,0.3333333333333333,0.6875,0.7265625,1.0,,,1.0,,
3,esmfold2,bbflow_refine,tested,21,0,17,4,1,5,0.14285714285714285,-0.047619047619047616,0.3500735294117583,0.375,0.375,1.0,,,1.0,,
3,esmfold2,confornet_nomsa,tested,21,0,17,4,1,5,0.14285714285714285,-0.05,0.35,0.375,0.375,1.0,,,1.0,,
3,esmfold2,rfd3_fix7,tested,21,0,17,4,1,5,0.14285714285714285,-0.047619047619047616,0.3500735294117583,0.375,0.375,1.0,,,1.0,,
3,esmfold2,apo2mol,tested,21,0,17,7,0,7,0.3333333333333333,0.15789473684210525,0.5,0.015625,0.015625,1.0,,,1.0,,
3,esmfold2,molgen_ns1.0,tested,21,0,17,6,1,7,0.23809523809523808,0.0,0.47058823529411764,0.125,0.125,1.0,,,1.0,,
3,esmfold2,prody_rfd3,tested,21,0,17,6,1,7,0.23809523809523808,0.0,0.45454545454545453,0.125,0.125,1.0,,,1.0,,
3,esmfold2,rosetta_repack,tested,21,0,17,6,2,8,0.19047619047619047,-0.05,0.43478260869565216,0.2890625,0.2890625,1.0,1.0,,1.0,1.0,
3,esmfold2,rosetta_fastrelax,tested,21,0,17,6,0,6,0.2857142857142857,0.1111111111111111,0.45454545454545453,0.03125,0.03125,1.0,0.5,,1.0,0.5,
3,bioemu_refine,bbflow_refine,tested,21,0,17,3,2,5,0.047619047619047616,-0.10526315789473684,0.2222222222222222,1.0,1.0,1.0,,,1.0,,
3,bioemu_refine,confornet_nomsa,tested,21,0,17,3,2,5,0.047619047619047616,-0.10526315789473684,0.20838815789473206,1.0,1.0,1.0,,,1.0,,
3,bioemu_refine,rfd3_fix7,tested,21,0,17,3,2,5,0.047619047619047616,-0.10526315789473684,0.2222222222222222,1.0,1.0,1.0,,,1.0,,
3,bioemu_refine,apo2mol,tested,21,0,17,5,0,5,0.23809523809523808,0.05,0.45454545454545453,0.125,0.0625,1.0,,,1.0,,
3,bioemu_refine,molgen_ns1.0,tested,21,0,17,3,0,3,0.14285714285714285,0.0,0.3,0.25,0.25,1.0,,,1.0,,
3,bioemu_refine,prody_rfd3,tested,21,0,17,4,1,5,0.14285714285714285,-0.047619047619047616,0.3333333333333333,0.375,0.375,1.0,,,1.0,,
3,bioemu_refine,rosetta_repack,tested,21,0,17,3,1,4,0.09523809523809523,-0.09090909090909091,0.2727272727272727,0.625,0.625,1.0,1.0,,1.0,1.0,
3,bioemu_refine,rosetta_fastrelax,tested,21,0,17,5,1,6,0.19047619047619047,-0.05,0.42857142857142855,0.3125,0.21875,1.0,1.0,,1.0,1.0,
3,bbflow_refine,confornet_nomsa,tested,21,0,17,1,1,2,0.0,-0.15,0.13043478260869565,1.0,1.0,1.0,,,1.0,,
3,bbflow_refine,rfd3_fix7,identical,21,0,17,0,0,0,0.0,0.0,0.0,,,,,,,,
3,bbflow_refine,apo2mol,tested,21,0,17,4,0,4,0.19047619047619047,0.0,0.391304347826087,0.25,0.125,1.0,,,1.0,,
3,bbflow_refine,molgen_ns1.0,tested,21,0,17,2,0,2,0.09523809523809523,0.0,0.22727272727272727,0.5,0.5,1.0,,,1.0,,
3,bbflow_refine,prody_rfd3,tested,21,0,17,3,1,4,0.09523809523809523,-0.09090909090909091,0.2727272727272727,0.625,0.625,1.0,,,1.0,,
3,bbflow_refine,rosetta_repack,tested,21,0,17,3,2,5,0.047619047619047616,-0.15789473684210525,0.25,1.0,1.0,1.0,1.0,,1.0,1.0,
3,bbflow_refine,rosetta_fastrelax,tested,21,0,17,3,0,3,0.14285714285714285,0.0,0.3333333333333333,0.5,0.25,1.0,1.0,,1.0,1.0,
3,confornet_nomsa,rfd3_fix7,tested,21,0,17,1,1,2,0.0,-0.13043478260869565,0.15,1.0,1.0,1.0,,,1.0,,
3,confornet_nomsa,apo2mol,tested,21,0,17,4,0,4,0.19047619047619047,0.047619047619047616,0.35,0.125,0.125,1.0,,,1.0,,
3,confornet_nomsa,molgen_ns1.0,tested,21,0,17,3,1,4,0.09523809523809523,-0.08695652173913043,0.2857142857142857,0.625,0.625,1.0,,,1.0,,
3,confornet_nomsa,prody_rfd3,tested,21,0,17,3,1,4,0.09523809523809523,-0.08695652173913043,0.2857142857142857,0.625,0.625,1.0,,,1.0,,
3,confornet_nomsa,rosetta_repack,tested,21,0,17,2,1,3,0.047619047619047616,-0.1,0.21052631578947367,1.0,1.0,1.0,1.0,,1.0,1.0,
3,confornet_nomsa,rosetta_fastrelax,tested,21,0,17,3,0,3,0.14285714285714285,0.0,0.2857142857142857,0.25,0.25,1.0,1.0,,1.0,1.0,
3,rfd3_fix7,apo2mol,tested,21,0,17,4,0,4,0.19047619047619047,0.0,0.391304347826087,0.25,0.125,1.0,,,1.0,,
3,rfd3_fix7,molgen_ns1.0,tested,21,0,17,2,0,2,0.09523809523809523,0.0,0.22727272727272727,0.5,0.5,1.0,,,1.0,,
3,rfd3_fix7,prody_rfd3,tested,21,0,17,3,1,4,0.09523809523809523,-0.09090909090909091,0.2727272727272727,0.625,0.625,1.0,,,1.0,,
3,rfd3_fix7,rosetta_repack,tested,21,0,17,3,2,5,0.047619047619047616,-0.15789473684210525,0.25,1.0,1.0,1.0,1.0,,1.0,1.0,
3,rfd3_fix7,rosetta_fastrelax,tested,21,0,17,3,0,3,0.14285714285714285,0.0,0.3333333333333333,0.5,0.25,1.0,1.0,,1.0,1.0,
3,apo2mol,molgen_ns1.0,tested,21,0,17,0,2,2,-0.09523809523809523,-0.2857142857142857,0.0,1.0,0.5,1.0,,,1.0,,
3,apo2mol,prody_rfd3,tested,21,0,17,0,2,2,-0.09523809523809523,-0.21739130434782608,0.0,0.5,0.5,1.0,,,1.0,,
3,apo2mol,rosetta_repack,tested,21,0,17,0,3,3,-0.14285714285714285,-0.2857142857142857,0.0,0.25,0.25,1.0,1.0,,1.0,1.0,
3,apo2mol,rosetta_fastrelax,tested,21,0,17,0,1,1,-0.047619047619047616,-0.15789473684210525,0.0,1.0,1.0,1.0,1.0,,1.0,1.0,
3,molgen_ns1.0,prody_rfd3,tested,21,0,17,1,1,2,0.0,-0.13636363636363635,0.13636363636363635,1.0,1.0,1.0,,,1.0,,
3,molgen_ns1.0,rosetta_repack,tested,21,0,17,1,2,3,-0.047619047619047616,-0.21052631578947367,0.1,1.0,1.0,1.0,1.0,,1.0,1.0,
3,molgen_ns1.0,rosetta_fastrelax,tested,21,0,17,2,1,3,0.047619047619047616,-0.14285714285714285,0.2727272727272727,1.0,1.0,1.0,1.0,,1.0,1.0,
3,prody_rfd3,rosetta_repack,tested,21,0,17,0,1,1,-0.047619047619047616,-0.15789473684210525,0.0,1.0,1.0,1.0,,1.0,1.0,,1.0
3,prody_rfd3,rosetta_fastrelax,tested,21,0,17,2,1,3,0.047619047619047616,-0.1111111111111111,0.19047619047619047,1.0,1.0,1.0,,1.0,1.0,,1.0
3,rosetta_repack,rosetta_fastrelax,tested,21,0,17,3,1,4,0.09523809523809523,-0.1,0.2631578947368421,0.625,0.625,1.0,,,1.0,,
