method,label,date,date_definition,evidence_status,source,caveat
boltz2,Boltz-2,2023-06-01,PDB initial release before cutoff,paper-explicit,https://www.biorxiv.org/content/10.1101/2025.06.14.659707v1.full,Structural PDB corpus only; MD and distilled data are additional sources.
esmfold2,ESMFold2-Fast,2021-09-30,September 2021 PDB release cutoff; month-end boundary,2021-checkpoint-confirmed-by-run-owner,https://huggingface.co/biohub/ESMFold2/blob/main/README.md?code=true,Checkpoint variant confirmed by run owner; date does not establish individual membership.
bioemu_refine,BioEmu + RFD3,2023-11-23,Documented PDB snapshot; not full model cutoff,paper-source-snapshot,https://www.microsoft.com/en-us/research/wp-content/uploads/2024/12/accepted_paper.pdf,"Additional AFDB snapshot July 2024, MD and stability training; date split describes PDB source chronology only, excluding rotamer-stage provenance."
bbflow_refine,BBFlow + RFD3,2019-12-04,Latest initial PDB release in public BBFlow ATLAS training CSV (1269 systems; 6SUP),public-training-list-date-audit,https://github.com/graeter-group/bbflow/blob/main/dataset_csv/ATLAS_split/ATLAS_train.csv,"Backbone training only; observed maximum, not a declared cutoff; RFD3 rotamer stage not used for this split."
confornet_nomsa,ConforNets,,OF3p2 checkpoint of3-p2-155k.pt,exact-cutoff-not-verified,https://portal.openfold.omsf.io/reports/of3p2_technical_report.pdf,Run scripts name checkpoint. Report uses AF3-aligned PDB benchmark cutoff but also 2025_03 sequence distillation; do not replace with newer OpenBind2025 cutoff.
rfd3_fix7,RFdiffusion3,2024-12-16,Public training config deposition_date <2024-12-16,public-config-boundary-used,https://github.com/RosettaCommons/foundry/blob/production/models/rfd3/configs/datasets/train/pdb/rfd3_train_interface.yaml,"Compared with holo deposition dates, not release dates; no checkpoint-specific membership audit."
apo2mol,Apo2Mol,2024-04-09,"Upper bound of PLINDER source snapshot, NOT exact training partition cutoff",source-snapshot-upper-bound,https://arxiv.org/html/2511.14559v1,Chronological partition described; exact training boundary not stated in retrieved text. Auxiliary PMINet component also present.
molgen_ns1.0,SAGE-Flex,2023-03-29,Latest initial PDB release in supplied SAGE v1 prepared source dataset,source-dataset-date-audit,Supplied prepared dataset; RCSB initial release dates,34480 unique source PDB IDs audited including obsolete entries; not checkpoint-specific training membership.
prody_rfd3,ProDy with RFD3-generated rotamers,,Classical normal-mode backbone sampling; learned RFD3 rotamer reconstruction,no-backbone-training; refinement-cutoff-unverified,https://github.com/RosettaCommons/foundry/blob/production/models/rfd3/configs/datasets/train/pdb/rfd3_train_interface.yaml,ProDy backbone sampling has no training corpus. Atomic outputs also depend on RFD3; its current-config deposition-date bound is not a verified evaluated-checkpoint cutoff or proof of training membership.
