target,fraction_methods_tier1,fraction_methods_tier2,fraction_methods_tier3,apo_pdb,holo_pdb,apo_release,holo_release,pair_release,n_mov,D,n_evaluable_methods
Bcl-xL,0.3333333333333333,0.2222222222222222,0.0,3FDL,2YXJ,2009-03-10,2007-05-22,2009-03-10,7,2.505562006849456,9
CB1,0.3333333333333333,0.0,0.0,6N4B,9B54,2019-01-30,2025-03-05,2025-03-05,6,2.023384393567615,9
FUT8,0.2222222222222222,0.0,0.0,6TKV,9L62,2020-01-29,2026-01-07,2026-01-07,3,3.419934534191317,9
GCGR,0.1111111111111111,0.0,0.0,4L6R,5EE7,2013-07-24,2016-04-20,2016-04-20,22,5.701045356786475,9
GLTP,0.4444444444444444,0.2222222222222222,0.2222222222222222,1SWX,2EUM,2004-08-31,2006-11-14,2006-11-14,3,2.1410013181020275,9
HIF2alpha,0.7777777777777778,0.7777777777777778,0.1111111111111111,7W80,3H7W,2022-09-21,2010-01-12,2022-09-21,2,1.86542516135414,9
HIF2alpha__6D0B,0.6666666666666666,0.5555555555555556,0.4444444444444444,7W80,6D0B,2022-09-21,2018-10-31,2022-09-21,4,1.6729991744940291,9
HIV1_CA,0.7777777777777778,0.7777777777777778,0.3333333333333333,3MGE,7RJ4,2010-07-21,2022-07-27,2022-07-27,2,1.3207135415934947,9
HIV_RT,0.1111111111111111,0.0,0.0,1HMV,1FK9,1995-03-31,2000-11-03,2000-11-03,11,3.055562157269878,9
HIV_RT__3V81,0.4444444444444444,0.1111111111111111,0.1111111111111111,1HMV,3V81,1995-03-31,2012-01-18,2012-01-18,12,3.0896312117090363,9
KRAS,0.5555555555555556,0.0,0.0,4OBE,6OIM,2014-06-04,2019-11-06,2019-11-06,8,3.742426159251105,9
METTL14,0.0,0.0,0.0,5K7M,9RS3,2016-07-06,2026-03-18,2026-03-18,6,2.571628452131643,9
Menin,0.7777777777777778,0.7777777777777778,0.5555555555555556,3U84,7O9Z,2012-02-15,2022-07-27,2022-07-27,3,1.2468617606125678,9
NDPK-A,0.4444444444444444,0.3333333333333333,0.1111111111111111,3L7U,2HVD,2010-11-10,2006-09-19,2010-11-10,4,3.4697602388704447,9
SHP2,0.6666666666666666,0.4444444444444444,0.1111111111111111,2SHP,8S0H,1999-02-16,2024-03-20,2024-03-20,6,1.8482636253491052,9
THSR,0.5555555555555556,0.5555555555555556,0.1111111111111111,7T9I,7XW5,2022-08-03,2022-08-24,2022-08-24,5,1.616455574028625,9
THSR__7UTZ,0.6666666666666666,0.3333333333333333,0.0,7T9I,7UTZ,2022-08-03,2022-08-03,2022-08-03,2,2.4345552542057787,9
betaLG,0.0,0.0,0.0,1BSQ,1GX8,1998-09-02,2002-06-13,2002-06-13,7,1.3972391993938094,9
cAbl,0.4444444444444444,0.1111111111111111,0.0,6XR6,2FO0,2020-10-07,2006-03-21,2020-10-07,12,3.4458517805005147,9
p53_Y220C,0.5555555555555556,0.5555555555555556,0.4444444444444444,6SHZ,3ZME,2020-02-19,2013-05-08,2020-02-19,1,1.1600563699903448,9
p53_Y220C__4AGQ,0.8888888888888888,0.8888888888888888,0.8888888888888888,6SHZ,4AGQ,2020-02-19,2012-03-21,2020-02-19,1,1.1180275303614244,9
