method,target,D,n_saved,n_selected,n_valid,tier1,tier2,tier3,n_tier1,map_rg,sigma_x,sigma_y
rosetta_repack,p53_Y220C,1.1600563699903448,30,30,30,0,0,0,0,0.0,0.0,0.0
rosetta_fastrelax,p53_Y220C,1.1600563699903448,30,30,30,0,0,0,0,0.11868942585872033,0.10041457390156286,0.06700640252914579
rosetta_repack,CB1,2.023384393567615,30,30,30,0,0,0,0,0.1600463856208685,0.13079392166325743,0.0969075133437382
rosetta_fastrelax,CB1,2.023384393567615,30,30,30,0,0,0,0,0.3247858081958671,0.2210913776115338,0.24544218476417054
rosetta_repack,KRAS,3.742426159251105,30,30,30,0,0,0,0,3.332294980281256e-16,1.0586274101406941e-17,3.387607712450221e-16
rosetta_fastrelax,KRAS,3.742426159251105,30,30,30,0,0,0,0,0.42768362282051775,0.3786967172152542,0.21403138116735718
rosetta_repack,cAbl,3.4458517805005147,30,30,30,0,0,0,0,0.06099542490472798,0.015455994519001174,0.06008198724521147
rosetta_fastrelax,cAbl,3.4458517805005147,30,30,30,0,0,0,0,0.0820000780063841,0.05065023517305637,0.06626031225456487
rosetta_repack,HIF2alpha,1.86542516135414,30,30,30,1,1,0,11,0.6693925631561701,0.1263502430647532,0.6690091740649897
rosetta_fastrelax,HIF2alpha,1.86542516135414,30,30,30,1,1,0,8,0.6458037943307524,0.1751536497705247,0.6330601919780089
rosetta_repack,HIV_RT,3.055562157269878,30,30,30,0,0,0,0,0.01248616245165262,0.008176640419381638,0.009717140162484466
rosetta_fastrelax,HIV_RT,3.055562157269878,30,30,30,0,0,0,0,0.18424503210217666,0.0828798473949139,0.1680705877577716
rosetta_repack,HIV1_CA,1.3207135415934947,30,30,30,1,1,1,2,0.2016937920049829,0.1382512992692523,0.15155769827215163
rosetta_fastrelax,HIV1_CA,1.3207135415934947,30,30,30,0,0,0,0,0.12458497748886634,0.058142961891680625,0.11258789393616526
rosetta_repack,Menin,1.2468617606125678,30,30,30,0,0,0,0,0.015235437619617744,0.011896493440353232,0.00992955646251035
rosetta_fastrelax,Menin,1.2468617606125678,30,30,30,1,1,1,1,0.22633977249421108,0.17897332997959198,0.1447921990071435
rosetta_repack,GCGR,5.701045356786475,30,30,30,0,0,0,0,0.02391948927727027,0.02427664057236385,0.0015861031367397688
rosetta_fastrelax,GCGR,5.701045356786475,30,30,30,0,0,0,0,0.4361516291586499,0.3359768772709598,0.289667699553311
rosetta_repack,THSR,1.616455574028625,30,30,30,1,1,1,30,2.482534153247273e-16,2.2584051416334807e-16,1.1292025708167404e-16
rosetta_fastrelax,THSR,1.616455574028625,30,30,30,1,1,0,17,0.4982739683880909,0.41846018715794625,0.2858833562682544
rosetta_repack,p53_Y220C__4AGQ,1.1180275303614244,30,30,30,1,1,1,30,2.2887833992611187e-16,2.2584051416334807e-16,5.646012854083702e-17
rosetta_fastrelax,p53_Y220C__4AGQ,1.1180275303614244,30,30,30,0,0,0,0,0.1572396391715932,0.1418263750332891,0.0739063304663346
rosetta_repack,HIF2alpha__6D0B,1.6729991744940291,30,30,30,0,0,0,0,0.4260913611082594,0.0786901768370345,0.42617154010805225
rosetta_fastrelax,HIF2alpha__6D0B,1.6729991744940291,30,30,30,1,1,0,1,0.46011548848084793,0.208625650802103,0.41890549832142204
rosetta_repack,HIV_RT__3V81,3.0896312117090363,30,30,30,0,0,0,0,0.0171880953785792,0.008245732852477636,0.015415115157595093
rosetta_fastrelax,HIV_RT__3V81,3.0896312117090363,30,30,30,0,0,0,0,0.09683398549784203,0.04489880654601349,0.08765989142476666
rosetta_repack,THSR__7UTZ,2.4345552542057787,30,30,30,0,0,0,0,4.440892098500626e-16,0.0,4.516810283266961e-16
rosetta_fastrelax,THSR__7UTZ,2.4345552542057787,30,30,30,1,0,0,13,0.5618808472162306,0.4792985767917039,0.31123867924742893
rosetta_repack,Bcl-xL,2.505562006849456,30,30,30,0,0,0,0,0.0793749552785261,0.04946862476432939,0.0638004176610191
rosetta_fastrelax,Bcl-xL,2.505562006849456,30,30,30,1,0,0,29,0.28153217798823366,0.16014446784169414,0.23737572069257562
rosetta_repack,betaLG,1.3972391993938094,30,30,30,0,0,0,0,0.018383511556424426,0.015284734457374867,0.010769584884284224
rosetta_fastrelax,betaLG,1.3972391993938094,30,30,30,0,0,0,0,0.0700794688293128,0.03283702259704622,0.06326303245967692
rosetta_repack,NDPK-A,3.4697602388704447,30,30,30,0,0,0,0,0.030898728695500376,0.021440735534949688,0.022977120540640196
rosetta_fastrelax,NDPK-A,3.4697602388704447,30,30,30,1,1,0,28,0.8662522989960195,0.6606107798763309,0.5829768994447754
rosetta_repack,GLTP,2.1410013181020275,30,30,30,0,0,0,0,1.3877787807814457e-17,1.4115032135209254e-17,0.0
rosetta_fastrelax,GLTP,2.1410013181020275,30,30,30,0,0,0,0,0.06308721473910466,0.04543456110052238,0.04530936531668404
rosetta_repack,SHP2,1.8482636253491054,30,30,30,1,1,0,26,0.18886266604645674,0.18353955057114857,0.056677237020891356
rosetta_fastrelax,SHP2,1.8482636253491054,30,30,30,1,1,0,4,0.36057420583805705,0.2131544578667757,0.29843285348440424
rosetta_repack,METTL14,2.571628452131643,30,30,30,0,0,0,0,0.020898690983745187,0.003351420722212043,0.02099008792359013
rosetta_fastrelax,METTL14,2.571628452131643,30,30,30,0,0,0,0,0.1183788852580655,0.0693439892082539,0.09842864348807047
rosetta_repack,FUT8,3.419934534191317,30,30,30,0,0,0,0,3.1031676915590914e-17,1.4115032135209254e-17,2.823006427041851e-17
rosetta_fastrelax,FUT8,3.419934534191317,30,30,30,0,0,0,0,0.10901930591715678,0.04168810595717108,0.1027479716569937
