method,target,n_samples,n_scored,n_stable,mean_coverage,min_coverage,preserved_apo_percent,preserved_holo_percent,preserved_both_percent,preserved_either_percent
apo,Bcl-xL,1,1,17,100.0,100.0,100.0,100.0,100.0,100.0
apo,CB1,1,1,20,100.0,100.0,100.0,100.0,100.0,100.0
apo,FUT8,1,1,20,100.0,100.0,100.0,100.0,100.0,100.0
apo,GCGR,1,1,8,100.0,100.0,100.0,100.0,100.0,100.0
apo,GLTP,1,1,6,100.0,100.0,100.0,100.0,100.0,100.0
apo,HIF2alpha,1,1,20,100.0,100.0,100.0,100.0,100.0,100.0
apo,HIF2alpha__6D0B,1,1,24,100.0,100.0,100.0,100.0,100.0,100.0
apo,HIV1_CA,1,1,14,100.0,100.0,100.0,100.0,100.0,100.0
apo,HIV_RT,1,1,11,100.0,100.0,100.0,100.0,100.0,100.0
apo,HIV_RT__3V81,1,1,11,100.0,100.0,100.0,100.0,100.0,100.0
apo,KRAS,1,1,15,100.0,100.0,100.0,100.0,100.0,100.0
apo,METTL14,1,1,18,100.0,100.0,100.0,100.0,100.0,100.0
apo,Menin,1,1,14,100.0,100.0,100.0,100.0,100.0,100.0
apo,NDPK-A,1,1,15,100.0,100.0,100.0,100.0,100.0,100.0
apo,SHP2,1,1,17,100.0,100.0,100.0,100.0,100.0,100.0
apo,THSR,1,1,25,100.0,100.0,100.0,100.0,100.0,100.0
apo,THSR__7UTZ,1,1,23,100.0,100.0,100.0,100.0,100.0,100.0
apo,betaLG,1,1,15,100.0,100.0,100.0,100.0,100.0,100.0
apo,cAbl,1,1,16,100.0,100.0,100.0,100.0,100.0,100.0
apo,p53_Y220C,1,1,18,100.0,100.0,100.0,100.0,100.0,100.0
apo,p53_Y220C__4AGQ,1,1,16,100.0,100.0,100.0,100.0,100.0,100.0
apo2mol,Bcl-xL,30,30,17,100.0,100.0,67.84313725490196,55.88235294117647,52.94117647058824,70.7843137254902
apo2mol,CB1,30,30,20,100.0,100.0,78.66666666666667,63.5,62.0,80.16666666666667
apo2mol,FUT8,30,30,20,100.0,100.0,59.5,57.0,55.5,61.0
apo2mol,GCGR,30,30,8,100.0,100.0,97.08333333333333,73.75,73.33333333333333,97.5
apo2mol,GLTP,30,30,6,100.0,100.0,83.88888888888889,70.55555555555556,70.0,84.44444444444444
apo2mol,HIF2alpha,30,30,20,100.0,100.0,94.16666666666667,94.33333333333333,93.16666666666667,95.33333333333333
apo2mol,HIF2alpha__6D0B,30,30,24,100.0,100.0,92.77777777777779,90.97222222222221,89.44444444444444,94.30555555555556
apo2mol,HIV1_CA,30,30,14,100.0,100.0,89.04761904761905,85.0,84.52380952380953,89.52380952380953
apo2mol,HIV_RT,30,30,11,100.0,100.0,84.24242424242424,70.0,67.27272727272728,86.96969696969697
apo2mol,HIV_RT__3V81,30,30,11,100.0,100.0,78.78787878787878,53.939393939393945,50.0,82.72727272727273
apo2mol,KRAS,30,30,15,100.0,100.0,55.77777777777778,43.55555555555556,40.88888888888889,58.44444444444444
apo2mol,METTL14,30,30,18,100.0,100.0,67.4074074074074,61.851851851851855,59.07407407407407,70.18518518518519
apo2mol,Menin,30,30,14,100.0,100.0,80.23809523809524,77.38095238095238,74.76190476190476,82.85714285714286
apo2mol,NDPK-A,30,30,15,100.0,100.0,94.88888888888889,90.0,88.22222222222221,96.66666666666667
apo2mol,SHP2,30,30,17,100.0,100.0,91.1764705882353,87.05882352941177,85.88235294117648,92.35294117647058
apo2mol,THSR,30,30,25,100.0,100.0,82.8,77.46666666666667,76.4,83.86666666666666
apo2mol,THSR__7UTZ,30,30,23,100.0,100.0,87.97101449275361,86.52173913043478,85.36231884057972,89.1304347826087
apo2mol,betaLG,30,30,15,100.0,100.0,89.33333333333333,81.33333333333333,80.0,90.66666666666667
apo2mol,cAbl,30,30,16,100.0,100.0,86.04166666666667,74.58333333333333,73.54166666666667,87.08333333333333
apo2mol,p53_Y220C,30,30,18,100.0,100.0,75.74074074074073,80.92592592592592,74.62962962962962,82.03703703703702
apo2mol,p53_Y220C__4AGQ,30,30,16,100.0,100.0,59.166666666666664,61.041666666666664,56.041666666666664,64.16666666666667
bbflow_refine,Bcl-xL,30,30,17,100.0,100.0,93.52941176470588,88.82352941176471,87.45098039215686,94.90196078431373
bbflow_refine,CB1,30,30,20,100.0,100.0,76.66666666666667,75.16666666666667,71.16666666666667,80.66666666666667
bbflow_refine,FUT8,30,30,20,100.0,100.0,95.66666666666667,94.66666666666667,94.66666666666667,95.66666666666667
bbflow_refine,GCGR,30,30,8,100.0,100.0,86.25,72.5,65.0,93.75
bbflow_refine,GLTP,30,30,6,100.0,100.0,86.66666666666667,69.44444444444444,69.44444444444444,86.66666666666667
bbflow_refine,HIF2alpha,30,30,20,100.0,100.0,94.83333333333333,94.66666666666667,94.66666666666667,94.83333333333333
bbflow_refine,HIF2alpha__6D0B,30,30,24,100.0,100.0,95.27777777777779,94.58333333333333,94.58333333333333,95.27777777777779
bbflow_refine,HIV1_CA,30,30,14,100.0,100.0,90.95238095238095,92.38095238095238,90.23809523809524,93.09523809523809
bbflow_refine,HIV_RT,30,30,11,100.0,100.0,98.78787878787878,93.33333333333333,93.33333333333333,98.78787878787878
bbflow_refine,HIV_RT__3V81,30,30,11,100.0,100.0,96.36363636363636,80.3030303030303,79.3939393939394,97.27272727272727
bbflow_refine,KRAS,30,30,15,100.0,100.0,96.44444444444444,84.88888888888889,84.66666666666667,96.66666666666667
bbflow_refine,METTL14,30,30,18,100.0,100.0,99.81481481481481,98.14814814814814,98.14814814814814,99.81481481481481
bbflow_refine,Menin,30,30,14,100.0,100.0,85.71428571428572,87.85714285714286,84.28571428571428,89.28571428571428
bbflow_refine,NDPK-A,30,30,15,100.0,100.0,65.33333333333333,50.44444444444444,49.11111111111111,66.66666666666667
bbflow_refine,SHP2,30,30,17,100.0,100.0,86.47058823529412,85.09803921568627,81.9607843137255,89.6078431372549
bbflow_refine,THSR,30,30,25,100.0,100.0,86.0,87.06666666666666,84.93333333333334,88.13333333333334
bbflow_refine,THSR__7UTZ,30,30,23,100.0,100.0,89.71014492753623,88.55072463768117,87.97101449275361,90.28985507246377
bbflow_refine,betaLG,30,30,15,100.0,100.0,85.77777777777779,91.77777777777779,85.11111111111111,92.44444444444444
bbflow_refine,cAbl,30,30,16,100.0,100.0,96.45833333333333,95.0,93.125,98.33333333333333
bbflow_refine,p53_Y220C,30,30,18,100.0,100.0,98.70370370370371,98.88888888888889,98.70370370370371,98.88888888888889
bbflow_refine,p53_Y220C__4AGQ,30,30,16,100.0,100.0,98.54166666666667,98.125,97.91666666666667,98.75
bioemu_refine,Bcl-xL,24,24,17,100.0,100.0,68.62745098039215,74.26470588235294,66.42156862745098,76.47058823529412
bioemu_refine,CB1,30,30,20,100.0,100.0,76.66666666666667,71.83333333333333,70.33333333333333,78.16666666666667
bioemu_refine,FUT8,26,26,20,100.0,100.0,92.88461538461539,92.6923076923077,92.6923076923077,92.88461538461539
bioemu_refine,GCGR,24,24,8,100.0,100.0,75.0,58.854166666666664,55.208333333333336,78.64583333333333
bioemu_refine,GLTP,30,30,6,100.0,100.0,75.0,70.0,67.77777777777777,77.22222222222221
bioemu_refine,HIF2alpha,29,29,20,100.0,100.0,87.93103448275862,88.10344827586206,87.58620689655173,88.44827586206897
bioemu_refine,HIF2alpha__6D0B,29,29,24,100.0,100.0,87.35632183908046,90.37356321839081,86.35057471264368,91.37931034482759
bioemu_refine,HIV1_CA,28,28,14,100.0,100.0,80.86734693877551,84.6938775510204,79.59183673469387,85.96938775510205
bioemu_refine,HIV_RT,26,26,11,100.0,100.0,86.7132867132867,84.96503496503496,83.9160839160839,87.76223776223777
bioemu_refine,HIV_RT__3V81,26,26,11,100.0,100.0,95.80419580419581,82.86713286713287,82.86713286713287,95.80419580419581
bioemu_refine,KRAS,30,30,15,100.0,100.0,69.33333333333333,60.0,57.77777777777778,71.55555555555556
bioemu_refine,METTL14,7,7,18,100.0,100.0,65.07936507936508,68.25396825396825,64.28571428571429,69.04761904761905
bioemu_refine,Menin,22,22,14,100.0,100.0,69.48051948051949,67.85714285714286,64.93506493506494,72.40259740259741
bioemu_refine,NDPK-A,25,25,15,100.0,100.0,33.86666666666667,35.2,27.733333333333334,41.33333333333333
bioemu_refine,SHP2,22,22,17,100.0,100.0,12.032085561497327,9.090909090909092,8.823529411764707,12.299465240641712
bioemu_refine,THSR,22,22,25,100.0,100.0,88.9090909090909,87.0909090909091,86.36363636363636,89.63636363636364
bioemu_refine,THSR__7UTZ,22,22,23,100.0,100.0,78.06324110671937,77.27272727272727,76.28458498023716,79.05138339920948
bioemu_refine,betaLG,29,29,15,100.0,100.0,87.58620689655173,89.19540229885057,85.51724137931035,91.26436781609195
bioemu_refine,cAbl,19,19,16,100.0,100.0,83.22368421052632,93.09210526315789,81.25,95.0657894736842
bioemu_refine,p53_Y220C,27,27,18,100.0,100.0,85.39094650205762,83.9506172839506,82.51028806584362,86.83127572016461
bioemu_refine,p53_Y220C__4AGQ,27,27,16,100.0,100.0,80.0925925925926,79.39814814814815,77.31481481481481,82.17592592592592
boltz2,Bcl-xL,30,30,17,100.0,100.0,30.19607843137255,27.254901960784313,25.88235294117647,31.568627450980394
boltz2,CB1,30,30,20,100.0,100.0,81.33333333333333,76.66666666666667,75.83333333333333,82.16666666666667
boltz2,FUT8,30,30,20,100.0,100.0,94.0,92.16666666666667,92.16666666666667,94.0
boltz2,GCGR,30,30,8,100.0,100.0,100.0,99.58333333333333,99.58333333333333,100.0
boltz2,GLTP,30,30,6,100.0,100.0,73.88888888888889,80.0,62.777777777777786,91.11111111111111
boltz2,HIF2alpha,30,30,20,100.0,100.0,0.0,0.0,0.0,0.0
boltz2,HIF2alpha__6D0B,30,30,24,100.0,100.0,4.722222222222222,5.138888888888888,4.305555555555555,5.555555555555555
boltz2,HIV1_CA,30,30,14,100.0,100.0,41.42857142857143,44.047619047619044,40.476190476190474,45.0
boltz2,HIV_RT,30,30,11,100.0,100.0,3.9393939393939394,2.4242424242424243,1.5151515151515151,4.848484848484849
boltz2,HIV_RT__3V81,30,30,11,100.0,100.0,27.272727272727273,26.666666666666668,22.72727272727273,31.212121212121215
boltz2,KRAS,30,30,15,100.0,100.0,78.44444444444444,63.333333333333336,62.0,79.77777777777779
boltz2,METTL14,30,30,18,100.0,100.0,3.5185185185185186,3.7037037037037037,2.4074074074074074,4.814814814814814
boltz2,Menin,30,30,14,100.0,100.0,100.0,100.0,100.0,100.0
boltz2,NDPK-A,30,30,15,100.0,100.0,0.22222222222222224,0.0,0.0,0.22222222222222224
boltz2,SHP2,30,30,17,100.0,100.0,46.47058823529412,43.13725490196079,41.76470588235294,47.84313725490196
boltz2,THSR,30,30,25,100.0,100.0,25.733333333333334,22.933333333333334,21.066666666666666,27.6
boltz2,THSR__7UTZ,30,30,23,100.0,100.0,23.91304347826087,24.202898550724637,23.043478260869563,25.07246376811594
boltz2,betaLG,30,30,15,100.0,100.0,95.55555555555556,92.0,90.66666666666667,96.88888888888889
boltz2,cAbl,30,30,16,100.0,100.0,96.875,97.70833333333333,96.45833333333333,98.125
boltz2,p53_Y220C,30,30,18,100.0,100.0,100.0,100.0,100.0,100.0
boltz2,p53_Y220C__4AGQ,30,30,16,100.0,100.0,100.0,100.0,100.0,100.0
confornet_nomsa,Bcl-xL,10,10,17,100.0,100.0,0.0,0.0,0.0,0.0
confornet_nomsa,CB1,30,30,20,100.0,100.0,5.833333333333333,9.5,5.333333333333333,10.0
confornet_nomsa,FUT8,10,10,20,100.0,100.0,0.0,0.0,0.0,0.0
confornet_nomsa,GCGR,30,30,8,100.0,100.0,72.08333333333333,80.41666666666667,72.08333333333333,80.41666666666667
confornet_nomsa,GLTP,10,10,6,100.0,100.0,0.0,0.0,0.0,0.0
confornet_nomsa,HIF2alpha,30,30,20,100.0,100.0,84.5,83.66666666666667,82.16666666666667,86.0
confornet_nomsa,HIF2alpha__6D0B,30,30,24,100.0,100.0,95.55555555555556,99.72222222222221,95.55555555555556,99.72222222222221
confornet_nomsa,HIV1_CA,30,30,14,100.0,100.0,93.57142857142858,93.33333333333333,93.33333333333333,93.57142857142858
confornet_nomsa,HIV_RT,10,10,11,100.0,100.0,0.9090909090909092,0.0,0.0,0.9090909090909092
confornet_nomsa,HIV_RT__3V81,10,10,11,100.0,100.0,89.0909090909091,83.63636363636364,80.0,92.72727272727272
confornet_nomsa,KRAS,30,30,15,100.0,100.0,78.44444444444444,73.33333333333333,73.33333333333333,78.44444444444444
confornet_nomsa,METTL14,10,10,18,100.0,100.0,0.5555555555555556,0.5555555555555556,0.5555555555555556,0.5555555555555556
confornet_nomsa,Menin,10,10,14,100.0,100.0,82.85714285714286,91.42857142857143,79.28571428571429,95.0
confornet_nomsa,NDPK-A,10,10,15,100.0,100.0,0.0,0.0,0.0,0.0
confornet_nomsa,SHP2,10,10,17,100.0,100.0,0.0,0.0,0.0,0.0
confornet_nomsa,THSR,10,10,25,100.0,100.0,70.0,73.2,66.4,76.8
confornet_nomsa,THSR__7UTZ,10,10,23,100.0,100.0,66.95652173913044,63.47826086956521,62.608695652173914,67.82608695652173
confornet_nomsa,betaLG,10,10,15,100.0,100.0,0.6666666666666667,0.6666666666666667,0.6666666666666667,0.6666666666666667
confornet_nomsa,cAbl,30,30,16,100.0,100.0,100.0,93.95833333333333,93.95833333333333,100.0
confornet_nomsa,p53_Y220C,30,30,18,100.0,100.0,99.62962962962962,94.44444444444444,94.44444444444444,99.62962962962962
confornet_nomsa,p53_Y220C__4AGQ,30,30,16,100.0,100.0,94.16666666666667,94.16666666666667,94.16666666666667,94.16666666666667
esmfold2,Bcl-xL,30,30,17,100.0,100.0,93.52941176470588,98.82352941176471,92.54901960784314,99.80392156862744
esmfold2,CB1,30,30,20,100.0,100.0,65.83333333333333,62.0,55.5,72.33333333333333
esmfold2,FUT8,30,30,20,100.0,100.0,100.0,100.0,100.0,100.0
esmfold2,GCGR,30,30,8,100.0,100.0,87.5,94.16666666666667,82.08333333333333,99.58333333333333
esmfold2,GLTP,30,30,6,100.0,100.0,100.0,98.88888888888889,98.88888888888889,100.0
esmfold2,HIF2alpha,30,30,20,100.0,100.0,100.0,100.0,100.0,100.0
esmfold2,HIF2alpha__6D0B,30,30,24,100.0,100.0,95.83333333333333,100.0,95.83333333333333,100.0
esmfold2,HIV1_CA,30,30,14,100.0,100.0,89.52380952380953,96.19047619047619,89.28571428571428,96.42857142857143
esmfold2,HIV_RT,30,30,11,100.0,100.0,0.0,0.6060606060606061,0.0,0.6060606060606061
esmfold2,HIV_RT__3V81,30,30,11,100.0,100.0,88.18181818181819,85.75757575757575,83.93939393939394,90.0
esmfold2,KRAS,30,30,15,100.0,100.0,80.66666666666667,76.44444444444444,75.33333333333333,81.77777777777779
esmfold2,METTL14,30,30,18,100.0,100.0,96.66666666666667,96.66666666666667,96.66666666666667,96.66666666666667
esmfold2,Menin,30,30,14,100.0,100.0,100.0,100.0,100.0,100.0
esmfold2,NDPK-A,30,30,15,100.0,100.0,96.88888888888889,96.22222222222221,96.22222222222221,96.88888888888889
esmfold2,SHP2,30,30,17,100.0,100.0,98.62745098039217,99.60784313725489,98.62745098039217,99.60784313725489
esmfold2,THSR,30,30,25,100.0,100.0,89.33333333333333,90.8,87.46666666666667,92.66666666666667
esmfold2,THSR__7UTZ,30,30,23,100.0,100.0,67.10144927536231,64.92753623188406,63.04347826086957,68.98550724637681
esmfold2,betaLG,30,30,15,100.0,100.0,100.0,100.0,100.0,100.0
esmfold2,cAbl,30,30,16,100.0,100.0,97.5,99.16666666666667,96.66666666666667,100.0
esmfold2,p53_Y220C,30,30,18,100.0,100.0,100.0,100.0,100.0,100.0
esmfold2,p53_Y220C__4AGQ,30,30,16,100.0,100.0,100.0,100.0,100.0,100.0
holo,Bcl-xL,1,1,17,100.0,100.0,100.0,100.0,100.0,100.0
holo,CB1,1,1,20,100.0,100.0,100.0,100.0,100.0,100.0
holo,FUT8,1,1,20,100.0,100.0,100.0,100.0,100.0,100.0
holo,GCGR,1,1,8,100.0,100.0,100.0,100.0,100.0,100.0
holo,GLTP,1,1,6,100.0,100.0,100.0,100.0,100.0,100.0
holo,HIF2alpha,1,1,20,100.0,100.0,100.0,100.0,100.0,100.0
holo,HIF2alpha__6D0B,1,1,24,100.0,100.0,100.0,100.0,100.0,100.0
holo,HIV1_CA,1,1,14,100.0,100.0,100.0,100.0,100.0,100.0
holo,HIV_RT,1,1,11,100.0,100.0,100.0,100.0,100.0,100.0
holo,HIV_RT__3V81,1,1,11,100.0,100.0,100.0,100.0,100.0,100.0
holo,KRAS,1,1,15,100.0,100.0,100.0,100.0,100.0,100.0
holo,METTL14,1,1,18,100.0,100.0,100.0,100.0,100.0,100.0
holo,Menin,1,1,14,100.0,100.0,100.0,100.0,100.0,100.0
holo,NDPK-A,1,1,15,100.0,100.0,100.0,100.0,100.0,100.0
holo,SHP2,1,1,17,100.0,100.0,100.0,100.0,100.0,100.0
holo,THSR,1,1,25,100.0,100.0,100.0,100.0,100.0,100.0
holo,THSR__7UTZ,1,1,23,100.0,100.0,100.0,100.0,100.0,100.0
holo,betaLG,1,1,15,100.0,100.0,100.0,100.0,100.0,100.0
holo,cAbl,1,1,16,100.0,100.0,100.0,100.0,100.0,100.0
holo,p53_Y220C,1,1,18,100.0,100.0,100.0,100.0,100.0,100.0
holo,p53_Y220C__4AGQ,1,1,16,100.0,100.0,100.0,100.0,100.0,100.0
molgen_ns1.0,Bcl-xL,27,27,17,100.0,100.0,70.58823529411765,61.43790849673202,60.566448801742915,71.45969498910675
molgen_ns1.0,CB1,30,30,20,100.0,100.0,74.33333333333333,71.5,68.5,77.33333333333333
molgen_ns1.0,FUT8,27,27,20,100.0,100.0,76.85185185185185,73.51851851851852,72.4074074074074,77.96296296296296
molgen_ns1.0,GCGR,30,30,8,100.0,100.0,60.0,41.666666666666664,33.75,67.91666666666667
molgen_ns1.0,GLTP,30,30,6,100.0,100.0,60.55555555555556,54.44444444444445,50.55555555555556,64.44444444444444
molgen_ns1.0,HIF2alpha,30,30,20,100.0,100.0,77.0,76.5,75.5,78.0
molgen_ns1.0,HIF2alpha__6D0B,29,29,24,100.0,100.0,70.83333333333333,70.83333333333333,67.52873563218391,74.13793103448276
molgen_ns1.0,HIV1_CA,25,25,14,100.0,100.0,62.285714285714285,59.42857142857143,58.0,63.714285714285715
molgen_ns1.0,HIV_RT,30,30,11,100.0,100.0,68.18181818181819,57.27272727272727,54.24242424242424,71.21212121212122
molgen_ns1.0,HIV_RT__3V81,30,30,11,100.0,100.0,72.72727272727273,66.06060606060606,59.6969696969697,79.09090909090908
molgen_ns1.0,KRAS,29,29,15,100.0,100.0,77.70114942528735,66.20689655172414,65.05747126436782,78.85057471264368
molgen_ns1.0,METTL14,30,30,18,100.0,100.0,71.48148148148148,71.66666666666667,67.96296296296296,75.18518518518519
molgen_ns1.0,Menin,29,29,14,100.0,100.0,64.77832512315271,65.02463054187193,60.59113300492611,69.21182266009852
molgen_ns1.0,NDPK-A,28,28,15,100.0,100.0,61.1904761904762,47.38095238095239,46.42857142857143,62.142857142857146
molgen_ns1.0,SHP2,30,30,17,100.0,100.0,64.70588235294117,68.62745098039217,62.745098039215684,70.58823529411764
molgen_ns1.0,THSR,30,30,25,100.0,100.0,79.33333333333333,77.33333333333333,74.8,81.86666666666666
molgen_ns1.0,THSR__7UTZ,30,30,23,100.0,100.0,83.91304347826086,82.7536231884058,81.88405797101449,84.78260869565217
molgen_ns1.0,betaLG,28,28,15,100.0,100.0,70.95238095238095,74.28571428571429,68.57142857142857,76.66666666666666
molgen_ns1.0,cAbl,30,30,16,100.0,100.0,85.20833333333333,81.45833333333333,79.16666666666667,87.5
molgen_ns1.0,p53_Y220C,28,28,18,100.0,100.0,61.11111111111111,60.714285714285715,58.13492063492064,63.6904761904762
molgen_ns1.0,p53_Y220C__4AGQ,29,29,16,100.0,100.0,59.48275862068966,60.560344827586206,56.89655172413793,63.14655172413793
prody_rfd3,Bcl-xL,30,30,17,100.0,100.0,99.2156862745098,97.45098039215686,96.66666666666667,100.0
prody_rfd3,CB1,30,30,20,100.0,100.0,98.66666666666667,98.5,98.5,98.66666666666667
prody_rfd3,FUT8,30,30,20,100.0,100.0,97.0,92.0,92.0,97.0
prody_rfd3,GCGR,30,30,8,100.0,100.0,100.0,75.41666666666667,75.41666666666667,100.0
prody_rfd3,GLTP,30,30,6,100.0,100.0,100.0,98.88888888888889,98.88888888888889,100.0
prody_rfd3,HIF2alpha,30,30,20,100.0,100.0,96.66666666666667,96.66666666666667,96.66666666666667,96.66666666666667
prody_rfd3,HIF2alpha__6D0B,30,30,24,100.0,100.0,96.38888888888889,97.22222222222221,96.38888888888889,97.22222222222221
prody_rfd3,HIV1_CA,30,30,14,100.0,100.0,91.90476190476191,92.85714285714286,91.66666666666667,93.0952380952381
prody_rfd3,HIV_RT,30,30,11,100.0,100.0,92.12121212121211,91.81818181818181,91.81818181818181,92.12121212121211
prody_rfd3,HIV_RT__3V81,30,30,11,100.0,100.0,100.0,96.66666666666667,96.66666666666667,100.0
prody_rfd3,KRAS,30,30,15,100.0,100.0,100.0,92.44444444444443,92.44444444444443,100.0
prody_rfd3,METTL14,30,30,18,100.0,100.0,100.0,100.0,100.0,100.0
prody_rfd3,Menin,30,30,14,100.0,100.0,98.33333333333333,100.0,98.33333333333333,100.0
prody_rfd3,NDPK-A,30,30,15,100.0,100.0,90.44444444444444,76.0,75.77777777777779,90.66666666666667
prody_rfd3,SHP2,30,30,17,100.0,100.0,93.33333333333333,97.25490196078431,92.35294117647058,98.23529411764706
prody_rfd3,THSR,30,30,25,100.0,100.0,100.0,100.0,100.0,100.0
prody_rfd3,THSR__7UTZ,30,30,23,100.0,100.0,100.0,100.0,100.0,100.0
prody_rfd3,betaLG,30,30,15,100.0,100.0,96.88888888888889,96.88888888888889,95.55555555555556,98.22222222222221
prody_rfd3,cAbl,30,30,16,100.0,100.0,97.70833333333333,95.625,93.33333333333333,100.0
prody_rfd3,p53_Y220C,30,30,18,100.0,100.0,99.44444444444444,99.44444444444444,99.44444444444444,99.44444444444444
prody_rfd3,p53_Y220C__4AGQ,30,30,16,100.0,100.0,99.79166666666667,99.375,99.375,99.79166666666667
rfd3_fix7,Bcl-xL,30,30,17,100.0,100.0,99.60784313725489,98.43137254901961,98.43137254901961,99.60784313725489
rfd3_fix7,CB1,30,30,20,100.0,100.0,94.5,95.0,94.0,95.5
rfd3_fix7,FUT8,30,30,20,100.0,100.0,97.66666666666667,95.5,95.5,97.66666666666667
rfd3_fix7,GCGR,30,30,8,100.0,100.0,99.58333333333333,98.75,98.75,99.58333333333333
rfd3_fix7,GLTP,30,30,6,100.0,100.0,100.0,100.0,100.0,100.0
rfd3_fix7,HIF2alpha,30,30,20,100.0,100.0,95.16666666666667,95.16666666666667,95.16666666666667,95.16666666666667
rfd3_fix7,HIF2alpha__6D0B,30,30,24,100.0,100.0,95.83333333333333,95.69444444444444,95.55555555555556,95.97222222222221
rfd3_fix7,HIV1_CA,30,30,14,100.0,100.0,86.42857142857142,89.04761904761905,85.23809523809523,90.23809523809524
rfd3_fix7,HIV_RT,30,30,11,100.0,100.0,98.48484848484848,98.18181818181819,98.18181818181819,98.48484848484848
rfd3_fix7,HIV_RT__3V81,30,30,11,100.0,100.0,100.0,96.66666666666667,96.66666666666667,100.0
rfd3_fix7,KRAS,30,30,15,100.0,100.0,93.1111111111111,83.55555555555556,83.55555555555556,93.1111111111111
rfd3_fix7,METTL14,30,30,18,100.0,100.0,94.81481481481481,93.88888888888889,92.77777777777779,95.92592592592592
rfd3_fix7,Menin,30,30,14,100.0,100.0,95.23809523809524,94.28571428571428,93.80952380952381,95.71428571428572
rfd3_fix7,NDPK-A,30,30,15,100.0,100.0,96.66666666666667,87.77777777777779,87.77777777777779,96.66666666666667
rfd3_fix7,SHP2,30,30,17,100.0,100.0,89.01960784313725,91.37254901960786,88.23529411764706,92.15686274509805
rfd3_fix7,THSR,30,30,25,100.0,100.0,86.13333333333334,84.26666666666667,84.26666666666667,86.13333333333334
rfd3_fix7,THSR__7UTZ,30,30,23,100.0,100.0,90.72463768115942,89.1304347826087,88.69565217391305,91.15942028985506
rfd3_fix7,betaLG,30,30,15,100.0,100.0,97.55555555555556,99.33333333333333,97.33333333333333,99.55555555555556
rfd3_fix7,cAbl,30,30,16,100.0,100.0,96.875,95.20833333333333,92.08333333333333,100.0
rfd3_fix7,p53_Y220C,30,30,18,100.0,100.0,98.33333333333333,97.03703703703704,97.03703703703704,98.33333333333333
rfd3_fix7,p53_Y220C__4AGQ,30,30,16,100.0,100.0,98.75,97.91666666666667,97.91666666666667,98.75
rosetta_fastrelax,Bcl-xL,30,30,17,100.0,100.0,83.52941176470588,90.58823529411765,83.33333333333333,90.7843137254902
rosetta_fastrelax,CB1,30,30,20,100.0,100.0,84.66666666666667,81.83333333333333,80.0,86.5
rosetta_fastrelax,FUT8,30,30,20,100.0,100.0,99.83333333333333,99.16666666666667,99.16666666666667,99.83333333333333
rosetta_fastrelax,GCGR,30,30,8,100.0,100.0,90.83333333333333,81.66666666666667,77.08333333333333,95.41666666666667
rosetta_fastrelax,GLTP,30,30,6,100.0,100.0,95.55555555555556,93.88888888888889,93.88888888888889,95.55555555555556
rosetta_fastrelax,HIF2alpha,30,30,20,100.0,100.0,96.33333333333333,96.33333333333333,96.33333333333333,96.33333333333333
rosetta_fastrelax,HIF2alpha__6D0B,30,30,24,100.0,100.0,95.83333333333333,96.94444444444443,95.83333333333333,96.94444444444443
rosetta_fastrelax,HIV1_CA,30,30,14,100.0,100.0,98.57142857142858,95.95238095238095,95.95238095238095,98.57142857142858
rosetta_fastrelax,HIV_RT,30,30,11,100.0,100.0,99.6969696969697,97.57575757575756,97.27272727272727,100.0
rosetta_fastrelax,HIV_RT__3V81,30,30,11,100.0,100.0,98.78787878787878,90.0,90.0,98.78787878787878
rosetta_fastrelax,KRAS,30,30,15,100.0,100.0,98.44444444444444,88.22222222222221,88.22222222222221,98.44444444444444
rosetta_fastrelax,METTL14,30,30,18,100.0,100.0,100.0,98.33333333333333,98.33333333333333,100.0
rosetta_fastrelax,Menin,30,30,14,100.0,100.0,93.57142857142858,93.09523809523809,89.52380952380953,97.14285714285714
rosetta_fastrelax,NDPK-A,30,30,15,100.0,100.0,75.11111111111111,83.11111111111111,67.33333333333333,90.88888888888889
rosetta_fastrelax,SHP2,30,30,17,100.0,100.0,90.7843137254902,89.41176470588236,89.01960784313725,91.1764705882353
rosetta_fastrelax,THSR,30,30,25,100.0,100.0,91.86666666666666,94.93333333333334,90.53333333333333,96.26666666666667
rosetta_fastrelax,THSR__7UTZ,30,30,23,100.0,100.0,92.89855072463769,93.47826086956522,90.72463768115942,95.65217391304348
rosetta_fastrelax,betaLG,30,30,15,100.0,100.0,92.88888888888889,93.33333333333333,92.88888888888889,93.33333333333333
rosetta_fastrelax,cAbl,30,30,16,100.0,100.0,99.16666666666667,92.08333333333333,91.25,100.0
rosetta_fastrelax,p53_Y220C,30,30,18,100.0,100.0,100.0,99.25925925925927,99.25925925925927,100.0
rosetta_fastrelax,p53_Y220C__4AGQ,30,30,16,100.0,100.0,100.0,99.16666666666667,99.16666666666667,100.0
rosetta_repack,Bcl-xL,30,30,17,100.0,100.0,99.80392156862744,99.80392156862744,99.80392156862744,99.80392156862744
rosetta_repack,CB1,30,30,20,100.0,100.0,97.0,97.0,97.0,97.0
rosetta_repack,FUT8,30,30,20,100.0,100.0,100.0,100.0,100.0,100.0
rosetta_repack,GCGR,30,30,8,100.0,100.0,100.0,100.0,100.0,100.0
rosetta_repack,GLTP,30,30,6,100.0,100.0,100.0,100.0,100.0,100.0
rosetta_repack,HIF2alpha,30,30,20,100.0,100.0,96.83333333333333,96.83333333333333,96.83333333333333,96.83333333333333
rosetta_repack,HIF2alpha__6D0B,30,30,24,100.0,100.0,97.3611111111111,97.3611111111111,97.3611111111111,97.3611111111111
rosetta_repack,HIV1_CA,30,30,14,100.0,100.0,100.0,93.33333333333333,93.33333333333333,100.0
rosetta_repack,HIV_RT,30,30,11,100.0,100.0,100.0,100.0,100.0,100.0
rosetta_repack,HIV_RT__3V81,30,30,11,100.0,100.0,100.0,100.0,100.0,100.0
rosetta_repack,KRAS,30,30,15,100.0,100.0,100.0,100.0,100.0,100.0
rosetta_repack,METTL14,30,30,18,100.0,100.0,100.0,100.0,100.0,100.0
rosetta_repack,Menin,30,30,14,100.0,100.0,96.90476190476191,98.57142857142858,95.95238095238095,99.52380952380953
rosetta_repack,NDPK-A,30,30,15,100.0,100.0,93.77777777777777,85.77777777777779,85.77777777777779,93.77777777777777
rosetta_repack,SHP2,30,30,17,100.0,100.0,94.11764705882355,93.52941176470588,93.52941176470588,94.11764705882355
rosetta_repack,THSR,30,30,25,100.0,100.0,100.0,100.0,100.0,100.0
rosetta_repack,THSR__7UTZ,30,30,23,100.0,100.0,100.0,100.0,100.0,100.0
rosetta_repack,betaLG,30,30,15,100.0,100.0,93.33333333333333,93.33333333333333,86.66666666666667,100.0
rosetta_repack,cAbl,30,30,16,100.0,100.0,99.79166666666667,99.58333333333333,99.58333333333333,99.79166666666667
rosetta_repack,p53_Y220C,30,30,18,100.0,100.0,100.0,100.0,100.0,100.0
rosetta_repack,p53_Y220C__4AGQ,30,30,16,100.0,100.0,100.0,100.0,100.0,100.0
