target,res_id,res_name,reference_rmsd,stable
p53_Y220C,109,PHE,0.3396601676940918,True
p53_Y220C,145,LEU,0.3235860466957092,True
p53_Y220C,147,VAL,0.44534432888031,True
p53_Y220C,148,ASP,0.4394647181034088,True
p53_Y220C,149,SER,0.4278728663921356,True
p53_Y220C,150,THR,0.3407520055770874,True
p53_Y220C,151,PRO,0.1672758907079696,True
p53_Y220C,152,PRO,0.1483281701803207,True
p53_Y220C,153,PRO,0.1846860945224762,True
p53_Y220C,154,GLY,0.191052570939064,True
p53_Y220C,155,THR,0.1549981087446212,True
p53_Y220C,157,VAL,0.2865805327892303,True
p53_Y220C,220,CYS,1.16005539894104,True
p53_Y220C,221,GLU,,False
p53_Y220C,222,PRO,1.252223253250122,True
p53_Y220C,223,PRO,1.1311675310134888,True
p53_Y220C,228,ASP,0.2017977833747863,True
p53_Y220C,230,THR,0.4414983689785003,True
p53_Y220C,257,LEU,0.1773792505264282,True
CB1,170,PHE,0.3699782192707062,True
CB1,173,SER,1.007653832435608,True
CB1,174,PHE,1.015628218650818,True
CB1,177,PHE,2.4554977416992188,False
CB1,178,HIS,2.2322700023651123,False
CB1,192,LYS,,False
CB1,193,LEU,1.4710536003112793,True
CB1,196,VAL,1.0637857913970947,True
CB1,197,THR,0.8924733400344849,True
CB1,200,PHE,0.9373419284820556,True
CB1,203,SER,1.2079226970672607,True
CB1,204,VAL,1.3864389657974243,True
CB1,268,PHE,0.6577690839767456,True
CB1,271,ILE,,False
CB1,275,TYR,0.7648465037345886,True
CB1,276,LEU,1.0633999109268188,True
CB1,279,TRP,0.6309157609939575,True
CB1,355,CYS,0.608735203742981,True
CB1,356,TRP,2.259340763092041,False
CB1,359,LEU,0.738919734954834,True
CB1,360,LEU,0.5695713758468628,True
CB1,363,MET,0.9206050038337708,True
CB1,379,PHE,0.3225725293159485,True
CB1,383,SER,,False
CB1,386,CYS,1.3598004579544067,True
CB1,387,LEU,,False
CB1,389,ASN,0.7475414276123047,True
CB1,390,SER,,False
KRAS,9,VAL,0.7214855551719666,True
KRAS,10,GLY,0.6576250791549683,True
KRAS,11,ALA,0.5570852160453796,True
KRAS,12,GLY,,False
KRAS,13,GLY,0.4511953592300415,True
KRAS,16,LYS,0.7364469766616821,True
KRAS,34,PRO,0.779122531414032,True
KRAS,58,THR,1.1359301805496216,True
KRAS,59,ALA,0.6846054792404175,True
KRAS,60,GLY,1.9843440055847168,True
KRAS,61,GLN,4.570663928985596,False
KRAS,68,ARG,3.4864418506622314,False
KRAS,69,ASP,1.9975022077560425,True
KRAS,71,TYR,5.482418060302734,False
KRAS,72,MET,1.569971203804016,True
KRAS,92,ASP,0.8297783732414246,True
KRAS,95,HIS,4.451528072357178,False
KRAS,96,TYR,0.8648751378059387,True
KRAS,99,GLN,2.271778345108032,False
KRAS,100,ILE,0.869981586933136,True
KRAS,103,VAL,0.5898997187614441,True
cAbl,267,LEU,2.208740711212158,False
cAbl,269,GLY,3.959258556365967,False
cAbl,272,TYR,3.1966300010681152,False
cAbl,275,VAL,1.5844589471817017,True
cAbl,288,ALA,0.6243661046028137,True
cAbl,289,VAL,0.5165363550186157,True
cAbl,290,LYS,2.146385669708252,False
cAbl,305,GLU,1.7388620376586914,True
cAbl,309,MET,1.5694808959960938,True
cAbl,318,VAL,0.7792699337005615,True
cAbl,320,LEU,0.4964483976364136,True
cAbl,332,ILE,0.9928038716316224,True
cAbl,333,ILE,0.6819238662719727,True
cAbl,334,THR,0.3272307515144348,True
cAbl,335,GLU,1.7291009426116943,True
cAbl,336,PHE,1.1587376594543457,True
cAbl,337,MET,1.156406044960022,True
cAbl,340,GLY,1.0882837772369385,True
cAbl,341,ASN,3.613934278488159,False
cAbl,389,LEU,1.5898189544677734,True
cAbl,399,ALA,1.2889738082885742,True
cAbl,400,ASP,6.540074348449707,False
cAbl,401,PHE,5.8400068283081055,False
HIF2alpha,246,SER,0.3310231566429138,True
HIF2alpha,248,HIS,0.3893202841281891,True
HIF2alpha,252,MET,2.368947744369507,False
HIF2alpha,254,PHE,0.3949667811393738,True
HIF2alpha,277,ALA,0.3992539942264557,True
HIF2alpha,280,PHE,0.5324422121047974,True
HIF2alpha,281,TYR,0.4385057985782623,True
HIF2alpha,289,MET,0.367428719997406,True
HIF2alpha,292,SER,0.3402917683124542,True
HIF2alpha,293,HIS,1.331963300704956,True
HIF2alpha,296,LEU,0.4885415434837341,True
HIF2alpha,302,VAL,0.3237222135066986,True
HIF2alpha,303,VAL,0.470825582742691,True
HIF2alpha,304,SER,0.1930774301290512,True
HIF2alpha,307,TYR,0.336648017168045,True
HIF2alpha,309,MET,0.3739979863166809,True
HIF2alpha,319,LEU,0.4086955487728119,True
HIF2alpha,321,THR,0.2499018013477325,True
HIF2alpha,337,ILE,0.3979968130588531,True
HIF2alpha,339,CYS,0.5094189643859863,True
HIF2alpha,341,ASN,0.2967126667499542,True
HIV_RT,95,PRO,1.5201746225357056,True
HIV_RT,97,PRO,0.6753284931182861,True
HIV_RT,99,GLY,0.4000653326511383,True
HIV_RT,100,LEU,0.7743592262268066,True
HIV_RT,101,LYS,2.070748805999756,False
HIV_RT,106,VAL,0.8674296140670776,True
HIV_RT,108,VAL,2.6231911182403564,False
HIV_RT,181,TYR,4.640952110290527,False
HIV_RT,188,TYR,4.939266204833984,False
HIV_RT,189,VAL,1.5622185468673706,True
HIV_RT,227,PHE,1.508362054824829,True
HIV_RT,229,TRP,3.124471664428711,False
HIV_RT,230,MET,3.779505252838135,False
HIV_RT,232,TYR,2.432538747787476,False
HIV_RT,233,GLU,1.2312678098678589,True
HIV_RT,234,LEU,1.5346472263336182,True
HIV_RT,235,HIS,2.2290971279144287,False
HIV_RT,239,TRP,0.79771888256073,True
HIV_RT,318,TYR,1.2975095510482788,True
HIV1_CA,50,GLN,1.24087655544281,True
HIV1_CA,53,ASN,0.166956752538681,True
HIV1_CA,54,CYS,,False
HIV1_CA,56,LEU,0.3179305791854858,True
HIV1_CA,57,ASN,0.8395006656646729,True
HIV1_CA,63,GLN,0.3284236788749695,True
HIV1_CA,66,MET,0.3771869242191314,True
HIV1_CA,67,GLN,0.2465649247169494,True
HIV1_CA,69,LEU,0.2657627761363983,True
HIV1_CA,70,LYS,1.3959927558898926,True
HIV1_CA,73,ILE,0.2140573859214782,True
HIV1_CA,74,ASN,,False
HIV1_CA,105,ALA,0.15988589823246,True
HIV1_CA,106,GLY,0.3726908564567566,True
HIV1_CA,107,THR,0.6880935430526733,True
HIV1_CA,130,TYR,0.310376226902008,True
Menin,155,SER,0.4453224837779999,True
Menin,177,LEU,0.4636675715446472,True
Menin,178,SER,0.2590563893318176,True
Menin,179,GLU,0.4042867720127105,True
Menin,180,ASP,0.5589174628257751,True
Menin,181,HIS,0.3283748924732208,True
Menin,182,ALA,0.3037490844726562,True
Menin,238,PHE,0.2521307468414306,True
Menin,278,MET,1.1623623371124268,True
Menin,319,TYR,0.5222709774971008,True
Menin,322,MET,0.8967694044113159,True
Menin,323,TYR,1.3607603311538696,True
Menin,359,GLU,0.8401342034339905,True
Menin,363,GLU,1.1574203968048096,True
GCGR,138,TYR,7.453239440917969,False
GCGR,141,PHE,7.019490718841553,False
GCGR,145,TYR,2.879189729690552,False
GCGR,149,TYR,2.0190138816833496,False
GCGR,184,PHE,1.0292483568191528,True
GCGR,187,LYS,1.4221395254135132,True
GCGR,191,VAL,1.742822527885437,True
GCGR,194,ILE,2.392399311065674,False
GCGR,195,ASP,3.226136445999145,False
GCGR,199,ARG,8.84711742401123,False
GCGR,231,MET,1.7255686521530151,True
GCGR,235,ILE,,False
GCGR,238,ASN,1.5063852071762085,True
GCGR,239,TYR,1.22860586643219,True
GCGR,296,THR,,False
GCGR,300,ASN,8.1947021484375,False
GCGR,301,MET,16.477684020996094,False
GCGR,302,GLY,10.038691520690918,False
GCGR,303,PHE,6.688155651092529,False
GCGR,361,HIS,3.3594112396240234,False
GCGR,362,GLU,,False
GCGR,365,PHE,2.134276866912842,False
GCGR,386,LEU,3.5544471740722656,False
GCGR,389,SER,1.562140703201294,True
GCGR,392,GLN,1.5164889097213743,True
THSR,404,GLU,2.4630885124206543,False
THSR,405,PHE,0.6554641127586365,True
THSR,502,VAL,0.3105285465717315,True
THSR,568,ILE,0.80937659740448,True
THSR,570,LEU,0.5706045031547546,True
THSR,571,PRO,0.4002731740474701,True
THSR,572,MET,1.722710132598877,True
THSR,574,THR,0.7055837512016296,True
THSR,583,ILE,0.8362998962402344,True
THSR,586,VAL,0.5382055640220642,True
THSR,587,LEU,0.5576067566871643,True
THSR,640,ILE,0.6439558863639832,True
THSR,643,TYR,0.397432804107666,True
THSR,644,ALA,0.2442037463188171,True
THSR,647,ALA,0.4017910957336426,True
THSR,648,ILE,0.8680459260940552,True
THSR,652,PRO,0.8995025157928467,True
THSR,653,LEU,1.1919068098068235,True
THSR,654,ILE,0.7349031567573547,True
THSR,655,THR,0.3341255784034729,True
THSR,656,VAL,0.2473431527614593,True
THSR,659,SER,1.0139081478118896,True
THSR,660,LYS,0.2924723625183105,True
THSR,662,LEU,0.8253740668296814,True
THSR,663,LEU,0.3722354769706726,True
THSR,667,TYR,0.6648820638656616,True
p53_Y220C__4AGQ,145,LEU,0.1281407922506332,True
p53_Y220C__4AGQ,146,TRP,0.2142239660024643,True
p53_Y220C__4AGQ,147,VAL,0.2692597508430481,True
p53_Y220C__4AGQ,148,ASP,0.3360466659069061,True
p53_Y220C__4AGQ,149,SER,0.3404427468776703,True
p53_Y220C__4AGQ,150,THR,0.4811916053295135,True
p53_Y220C__4AGQ,151,PRO,0.2100651115179062,True
p53_Y220C__4AGQ,152,PRO,0.2373097240924835,True
p53_Y220C__4AGQ,153,PRO,0.4078467488288879,True
p53_Y220C__4AGQ,155,THR,0.143572598695755,True
p53_Y220C__4AGQ,220,CYS,0.408643513917923,True
p53_Y220C__4AGQ,221,GLU,,False
p53_Y220C__4AGQ,222,PRO,0.6090325713157654,True
p53_Y220C__4AGQ,223,PRO,1.076756715774536,True
p53_Y220C__4AGQ,228,ASP,0.1966533213853836,True
p53_Y220C__4AGQ,229,CYS,0.2169903814792633,True
p53_Y220C__4AGQ,230,THR,1.1180267333984375,True
HIF2alpha__6D0B,244,PHE,0.3022223711013794,True
HIF2alpha__6D0B,246,SER,0.3008286654949188,True
HIF2alpha__6D0B,248,HIS,0.3536417484283447,True
HIF2alpha__6D0B,252,MET,1.671503663063049,True
HIF2alpha__6D0B,254,PHE,0.3844709396362304,True
HIF2alpha__6D0B,261,ILE,0.4651966392993927,True
HIF2alpha__6D0B,277,ALA,0.5771156549453735,True
HIF2alpha__6D0B,280,PHE,0.73707515001297,True
HIF2alpha__6D0B,281,TYR,0.5665521025657654,True
HIF2alpha__6D0B,289,MET,0.6124599575996399,True
HIF2alpha__6D0B,292,SER,0.5616316199302673,True
HIF2alpha__6D0B,293,HIS,1.468782663345337,True
HIF2alpha__6D0B,296,LEU,0.6365081667900085,True
HIF2alpha__6D0B,302,VAL,0.5442377328872681,True
HIF2alpha__6D0B,303,VAL,0.6698053479194641,True
HIF2alpha__6D0B,304,SER,1.1799805164337158,True
HIF2alpha__6D0B,307,TYR,0.4156724214553833,True
HIF2alpha__6D0B,309,MET,0.4259105324745178,True
HIF2alpha__6D0B,319,LEU,0.486177384853363,True
HIF2alpha__6D0B,321,THR,0.2688188552856445,True
HIF2alpha__6D0B,322,GLN,2.110445022583008,False
HIF2alpha__6D0B,323,GLY,0.2391794025897979,True
HIF2alpha__6D0B,337,ILE,0.4744353592395782,True
HIF2alpha__6D0B,339,CYS,0.6254042387008667,True
HIF2alpha__6D0B,341,ASN,0.4690931737422943,True
HIV_RT__3V81,95,PRO,1.15791118144989,True
HIV_RT__3V81,100,LEU,0.9736429452896118,True
HIV_RT__3V81,101,LYS,1.9731274843215945,True
HIV_RT__3V81,108,VAL,2.680866003036499,False
HIV_RT__3V81,179,VAL,0.990239918231964,True
HIV_RT__3V81,180,ILE,1.273673415184021,True
HIV_RT__3V81,181,TYR,4.985890865325928,False
HIV_RT__3V81,188,TYR,5.171033382415772,False
HIV_RT__3V81,189,VAL,1.393779158592224,True
HIV_RT__3V81,190,GLY,1.4253431558609009,True
HIV_RT__3V81,227,PHE,1.6074841022491455,True
HIV_RT__3V81,228,LEU,1.8719524145126345,True
HIV_RT__3V81,229,TRP,3.443568706512451,False
HIV_RT__3V81,230,MET,4.041649341583252,False
HIV_RT__3V81,232,TYR,2.0784621238708496,False
HIV_RT__3V81,234,LEU,1.2608518600463867,True
HIV_RT__3V81,318,TYR,1.2853213548660278,True
THSR__7UTZ,404,GLU,2.838383436203003,False
THSR__7UTZ,405,PHE,0.8096702098846436,True
THSR__7UTZ,502,VAL,0.430755615234375,True
THSR__7UTZ,505,SER,0.4854453206062317,True
THSR__7UTZ,565,LYS,0.3524914085865021,True
THSR__7UTZ,568,ILE,0.2006982266902923,True
THSR__7UTZ,570,LEU,0.1810406148433685,True
THSR__7UTZ,571,PRO,0.05740986764431,True
THSR__7UTZ,572,MET,1.879230618476868,True
THSR__7UTZ,574,THR,0.1236618757247924,True
THSR__7UTZ,583,ILE,0.2301132082939148,True
THSR__7UTZ,640,ILE,0.1568873673677444,True
THSR__7UTZ,644,ALA,0.1299110800027847,True
THSR__7UTZ,647,ALA,0.159806951880455,True
THSR__7UTZ,648,ILE,0.1034702807664871,True
THSR__7UTZ,652,PRO,0.175739973783493,True
THSR__7UTZ,654,ILE,0.0974945574998855,True
THSR__7UTZ,655,THR,0.1798513680696487,True
THSR__7UTZ,656,VAL,0.2144264280796051,True
THSR__7UTZ,659,SER,0.1281565427780151,True
THSR__7UTZ,660,LYS,0.2012255638837814,True
THSR__7UTZ,662,LEU,0.0549019463360309,True
THSR__7UTZ,663,LEU,0.1474240571260452,True
THSR__7UTZ,667,TYR,0.2840242385864258,True
Bcl-xL,93,ALA,0.2577888071537018,True
Bcl-xL,96,GLU,1.0712096691131592,True
Bcl-xL,97,PHE,0.3776046633720398,True
Bcl-xL,100,ARG,3.8108534812927246,False
Bcl-xL,101,TYR,1.652855396270752,True
Bcl-xL,104,ALA,1.889825224876404,True
Bcl-xL,105,PHE,2.3163821697235107,False
Bcl-xL,108,LEU,2.3071889877319336,False
Bcl-xL,126,VAL,1.423463225364685,True
Bcl-xL,129,GLU,3.2261462211608887,False
Bcl-xL,130,LEU,1.108972191810608,True
Bcl-xL,136,ASN,0.3944163024425506,True
Bcl-xL,137,TRP,0.4337186515331268,True
Bcl-xL,138,GLY,0.5095336437225342,True
Bcl-xL,139,ARG,1.1663047075271606,True
Bcl-xL,141,VAL,0.4525422751903534,True
Bcl-xL,142,ALA,0.4830111265182495,True
Bcl-xL,145,SER,0.383959025144577,True
Bcl-xL,146,PHE,0.471359372138977,True
Bcl-xL,149,ALA,0.8745369911193848,True
Bcl-xL,191,PHE,0.5182260870933533,True
Bcl-xL,195,,,False
betaLG,39,LEU,0.4897044003009796,True
betaLG,41,VAL,0.2658120095729828,True
betaLG,43,VAL,0.273272156715393,True
betaLG,56,ILE,0.4522831737995147,True
betaLG,58,LEU,0.863095223903656,True
betaLG,60,LYS,1.0636366605758667,True
betaLG,62,GLU,1.6770310401916504,True
betaLG,69,LYS,1.0714988708496094,True
betaLG,71,ILE,0.4548023641109466,True
betaLG,84,ILE,0.9327653646469116,True
betaLG,92,VAL,0.2664156854152679,True
betaLG,105,PHE,1.5460834503173828,True
betaLG,106,CYS,0.2981838583946228,True
betaLG,107,MET,2.0741126537323,False
betaLG,118,ALA,0.3100142776966095,True
betaLG,120,GLN,1.080921292304993,True
NDPK-A,12,LYS,0.3548847734928131,True
NDPK-A,52,TYR,1.0557841062545776,True
NDPK-A,55,LEU,1.3570072650909424,True
NDPK-A,58,ARG,2.233327865600586,False
NDPK-A,60,PHE,5.9320831298828125,False
NDPK-A,64,LEU,1.4133989810943604,True
NDPK-A,67,TYR,1.544180989265442,True
NDPK-A,88,ARG,1.4120131731033323,True
NDPK-A,94,THR,1.816166639328003,True
NDPK-A,105,ARG,1.1446629762649536,True
NDPK-A,112,VAL,1.0863527059555054,True
NDPK-A,113,GLY,0.8660104274749756,True
NDPK-A,115,ASN,0.5551183819770813,True
NDPK-A,117,ILE,0.5467017292976379,True
NDPK-A,118,HIS,0.8988931775093079,True
NDPK-A,119,GLY,0.9030907154083252,True
NDPK-A,121,ASP,1.3994306325912476,True
GLTP,44,PRO,2.7753825187683105,False
GLTP,45,ILE,1.392736554145813,True
GLTP,48,ASP,1.2325290441513062,True
GLTP,96,TRP,0.6820198893547058,True
GLTP,140,HIS,1.2336666584014893,True
GLTP,144,VAL,1.0588221549987793,True
GLTP,147,ILE,2.1213767528533936,False
GLTP,209,VAL,0.737313449382782,True
SHP2,108,THR,0.7230402827262878,True
SHP2,109,SER,0.641944169998169,True
SHP2,110,GLU,0.6364029049873352,True
SHP2,111,ARG,1.7396577596664429,True
SHP2,113,PHE,0.4924067854881286,True
SHP2,114,HIS,1.4332400560379028,True
SHP2,216,LEU,0.6324458122253418,True
SHP2,217,ASN,0.5454515218734741,True
SHP2,218,THR,1.684628963470459,True
SHP2,219,THR,0.9427511096000672,True
SHP2,249,GLU,2.733743906021118,False
SHP2,250,GLU,0.458632230758667,True
SHP2,253,THR,0.2965809404850006,True
SHP2,254,LEU,0.2944150865077972,True
SHP2,257,GLN,2.0224053859710693,False
SHP2,489,ASP,0.3987873196601867,True
SHP2,491,PRO,0.5168745517730713,True
SHP2,492,LYS,0.4046908020973205,True
SHP2,495,GLN,1.0601327419281006,True
METTL14,170,LEU,1.306226372718811,True
METTL14,174,ILE,0.914908766746521,True
METTL14,175,GLU,2.9688899517059326,False
METTL14,176,ALA,1.5788744688034058,True
METTL14,177,PHE,1.56305193901062,True
METTL14,179,ILE,,False
METTL14,183,THR,3.702924489974976,False
METTL14,186,PHE,0.6543955206871033,True
METTL14,209,LYS,,False
METTL14,210,CYS,0.5634201765060425,True
METTL14,211,TRP,0.2128914594650268,True
METTL14,215,ASP,0.3110257685184479,True
METTL14,216,ILE,0.2959110736846924,True
METTL14,218,LYS,1.25882089138031,True
METTL14,219,LEU,0.4907393157482147,True
METTL14,220,GLU,1.1835733652114868,True
METTL14,221,ILE,0.4297944605350494,True
METTL14,224,ILE,0.7524815797805786,True
METTL14,344,LEU,0.6497410535812378,True
METTL14,346,LEU,0.4553160667419433,True
METTL14,358,LEU,0.9623209834098816,True
METTL14,360,VAL,0.8447993993759155,True
FUT8,214,ILE,2.228095054626465,False
FUT8,220,TYR,4.912816524505615,False
FUT8,221,GLY,0.4653923511505127,True
FUT8,223,GLN,1.0455267429351809,True
FUT8,224,LEU,0.2838535010814667,True
FUT8,254,GLY,0.6162400841712952,True
FUT8,255,TRP,0.5529358386993408,True
FUT8,258,VAL,1.0957684516906738,True
FUT8,259,PHE,0.5301986932754517,True
FUT8,336,ILE,0.649593710899353,True
FUT8,338,PRO,0.6883704662322998,True
FUT8,342,LEU,0.4504097700119018,True
FUT8,346,ILE,0.5580123066902161,True
FUT8,447,LEU,0.6202554702758789,True
FUT8,450,VAL,0.6531229019165039,True
FUT8,451,ILE,0.4881704151630401,True
FUT8,454,ILE,0.4056795537471771,True
FUT8,455,HIS,0.3716918230056762,True
FUT8,459,GLN,0.3262103497982025,True
FUT8,474,VAL,0.2355863153934478,True
FUT8,478,ILE,0.4732721149921417,True
FUT8,482,LEU,0.421646386384964,True
